text,intent
could you arrange transportation,concierge_taxi
couldyou arrange transportation,concierge_taxi
cud you arrange transportation,concierge_taxi
could you arange transportation,concierge_taxi
can't enter room,emergency
cant enter room,emergency
can you quiet them down,noise_complaint
canyou quiet them down,noise_complaint
can u quiet them down,noise_complaint
skip service,do_not_disturb
skip servic,do_not_disturb
skip servis,do_not_disturb
skipservice,do_not_disturb
feel unsafe,emergency
hangers few send,misc_request
i would like to adjust the lighting,lighting_control
i wud like to adjust the lighting,lighting_control
iwould like to adjust the lighting,lighting_control
i would like adjust lighting,lighting_control
quiet karanna please,noise_complaint
quietkaranna please,noise_complaint
quiet kaanna please,noise_complaint
quiet karanna pls,noise_complaint
bring me pillows,pillow_request
bring pillows,pillow_request
bring me pilos,pillow_request
turn off lights,lighting_control
turn off lighs,lighting_control
turn lights,lighting_control
turnoff lights,lighting_control
hot chocolate,food_order
hotchocolate,food_order
can i get ice,misc_request
laundry service want,laundry_service
laundryservice want,laundry_service
laundry servis want,laundry_service
broken,maintenance
clean my room,room_cleaning
cleanmy room,room_cleaning
food thiyanna,food_order
foodthiyanna,food_order
door lock jammed,maintenance
taxi karanna,concierge_taxi
taxikaranna,concierge_taxi
wake me at half past 6,wake_up_call
wake me half past 6,wake_up_call
wakeme at half past 6,wake_up_call
send up some towels,towel_request
sendup some towels,towel_request
may i request room cleaning service,room_cleaning
mayi request room cleaning service,room_cleaning
may i request room cleaning servis,room_cleaning
may i request room cleaning servic,room_cleaning
ac on,temperature_control
very hot no need ac please,temperature_control
very hot no need ac pleas,temperature_control
veryhot no need ac please,temperature_control
very hot no need ac pleez,temperature_control
i want conditioner,toiletries_request
turn on the lamb,lighting_control
turn the lamb,lighting_control
sick feeling help,emergency
sickfeeling help,emergency
too much noise,noise_complaint
housekeeping please,room_cleaning
housekeeping pls,room_cleaning
housekeeping pleez,room_cleaning
housekeepingplease,room_cleaning
turn off the lamb,lighting_control
turn off lamb,lighting_control
quiet please,noise_complaint
quiet pleas,noise_complaint
quiet pleez,noise_complaint
chest pain help,emergency
chestpain help,emergency
cest pain help,emergency
fever very high,emergency
feververy high,emergency
feer very high,emergency
food want,food_order
foodwant,food_order
can i get body wash,toiletries_request
cani get body wash,toiletries_request
pool location please,concierge_general
pool location pleas,concierge_general
poollocation please,concierge_general
i want a wake up call,wake_up_call
i want wake up call,wake_up_call
iwant a wake up call,wake_up_call
restaurant recommendations,concierge_general
pool rules,concierge_general
poolrules,concierge_general
don't clean my room,do_not_disturb
don'tclean my room,do_not_disturb
couple of pillows,pillow_request
coupleof pillows,pillow_request
couple of pilos,pillow_request
may i file a noise complaint,noise_complaint
mayi file a noise complaint,noise_complaint
may i file noise complaint,noise_complaint
vegetarian meal,food_order
vegetarianmeal,food_order
iron only,laundry_service
wake up call want 8 am,wake_up_call
wakeup call want 8 am,wake_up_call
phone charger,misc_request
turn off the lamp,lighting_control
turn off lamp,lighting_control
turnoff the lamp,lighting_control
the tap is leaking please,maintenance
thetap is leaking please,maintenance
the tap is leaking pleez,maintenance
tap is leaking please,maintenance
i want my room cleaned,room_cleaning
iwant my room cleaned,room_cleaning
don't disturb me,do_not_disturb
do't disturb me,do_not_disturb
don'tdisturb me,do_not_disturb
book taxi to air port please,concierge_taxi
booktaxi to air port please,concierge_taxi
book taxi air port please,concierge_taxi
i would like to request additional pillows,pillow_request
i would like to rquest addtional pillows,pillow_request
i would like to request additional pilos,pillow_request
room service menu,food_order
roomservice menu,food_order
room servic menu,food_order
plumbing problem please,maintenance
plumbing problem pleas,maintenance
plumbingproblem please,maintenance
extend for two days,checkout_billing
extend two days,checkout_billing
exted for two days,checkout_billing
etend for two days,checkout_billing
i need firm pillows,pillow_request
ineed firm pillows,pillow_request
i need firm pilos,pillow_request
can i get ice please,misc_request
can i get ice pls,misc_request
cani get ice please,misc_request
can i get ice pease,misc_request
can i get some tolls,towel_request
can i get some tlls,towel_request
check out please,checkout_billing
check out pleas,checkout_billing
chck out please,checkout_billing
check out pls,checkout_billing
power adapter,misc_request
poweradapter,misc_request
no housekeeping this morning please,do_not_disturb
no housekeeping this morning plase,do_not_disturb
no housekeeping this morning pleas,do_not_disturb
no housekeeping this morning pease,do_not_disturb
comforter needed,blanket_request
can i get an extra blanket,blanket_request
can i get an extra blankit,blanket_request
cani get an extra blanket,blanket_request
may i request late checkout,checkout_billing
may i requst late checkout,checkout_billing
clean room tomorrow morning,room_cleaning
clean room tmorrow morning,room_cleaning
cleanroom tomorrow morning,room_cleaning
wake me up at 7,wake_up_call
wake me up 7,wake_up_call
could you prepare my final bill,checkout_billing
cud you prepare my final bill,checkout_billing
could u prepare my final bill,checkout_billing
culd you prepare my final bill,checkout_billing
extra towels,towel_request
extra towls,towel_request
extratowels,towel_request
i need shampoo,toiletries_request
i need shmpoo,toiletries_request
i want shampoo,toiletries_request
i lost my key,emergency
ilost my key,emergency
send up pillows,pillow_request
send up pilows,pillow_request
send up pilos,pillow_request
can't sleep,noise_complaint
i need the receipt,checkout_billing
i need receipt,checkout_billing
ineed the receipt,checkout_billing
i want breakfast,food_order
iwant breakfast,food_order
i want brekfast,food_order
i need laundry service,laundry_service
i need laundry servic,laundry_service
need laundry service,laundry_service
i want laundry service,laundry_service
clean room and make bed,room_cleaning
cleanroom and make bed,room_cleaning
clen room and make bed,room_cleaning
lost key,emergency
privacy,do_not_disturb
could you please turn on the lights,lighting_control
could you plese turn on the lights,lighting_control
coud you please turn on the lights,lighting_control
could you please turnon the lights,lighting_control
call me a cab,concierge_taxi
call me cab,concierge_taxi
i need house keeping,room_cleaning
i need houe keeping,room_cleaning
need house keeping,room_cleaning
ineed house keeping,room_cleaning
shampoo,toiletries_request
i need help,emergency
i want help,emergency
need help,emergency
tree pillows,pillow_request
treepillows,pillow_request
blanket quickly,blanket_request
blankit quickly,blanket_request
get me a car,concierge_taxi
getme a car,concierge_taxi
get me car,concierge_taxi
privacy for whole day,do_not_disturb
privacyfor whole day,do_not_disturb
where is galle fort,concierge_general
where is gale fort,concierge_general
the shower is broken,maintenance
theshower is broken,maintenance
the shower is brken,maintenance
three soft pillows,pillow_request
threesoft pillows,pillow_request
ac on karanna,temperature_control
acon karanna,temperature_control
warm up the room,temperature_control
warm up room,temperature_control
blanket want,blanket_request
blanketwant,blanket_request
blankit want,blanket_request
shopping malls location,concierge_general
shoppingmalls location,concierge_general
shopping mals location,concierge_general
air conditioner making noise,maintenance
air conditioner makng noise,maintenance
airconditioner making noise,maintenance
can you clean the room,room_cleaning
canyou clean the room,room_cleaning
can you clean room,room_cleaning
need pillows,pillow_request
needpillows,pillow_request
bring me a blanket,blanket_request
bringme a blanket,blanket_request
bring me a blankit,blanket_request
brng me a blankt,blanket_request
toilet paper and tissues,toiletries_request
tolet paper and tissues,toiletries_request
next room loud ah,noise_complaint
nextroom loud ah,noise_complaint
can i order breakfast,food_order
cani order breakfast,food_order
can i ordr breakfst,food_order
i'm checking out,checkout_billing
i'm cheking out,checkout_billing
clean the room fast fast,room_cleaning
cleanthe room fast fast,room_cleaning
clean room fast fast,room_cleaning
clan the room fast fast,room_cleaning
prepare my bill,checkout_billing
tomorrow morning 6 am call,wake_up_call
tomorrowmorning 6 am call,wake_up_call
tomorrw morning 6 am call,wake_up_call
could you bring extra bedding,blanket_request
cud you bring extra bedding,blanket_request
couldyou bring extra bedding,blanket_request
could you bing extra bedding,blanket_request
fix this,maintenance
fixthis,maintenance
call me at 6:15,wake_up_call
callme at 6:15,wake_up_call
laundry pickup thiyanna,laundry_service
laundry pikup thiyanna,laundry_service
landry pickup thiyanna,laundry_service
i need soap,toiletries_request
ineed soap,toiletries_request
i want soap,toiletries_request
extra blanket,blanket_request
extra blankit,blanket_request
no hot water,maintenance
no hot watr,maintenance
two more pillows,pillow_request
twomore pillows,pillow_request
breathing problem,emergency
cleaning want now,room_cleaning
cleaningwant now,room_cleaning
clening want now,room_cleaning
i want laundry servic,laundry_service
i want landry servce,laundry_service
do not disturb,do_not_disturb
do not distub,do_not_disturb
donot disturb,do_not_disturb
i need transport,concierge_taxi
need transport,concierge_taxi
ineed transport,concierge_taxi
i want transport,concierge_taxi
towels want,towel_request
towelswant,towel_request
towls want,towel_request
when does the pool close,concierge_general
when does pool close,concierge_general
whendoes the pool close,concierge_general
i'm leaving,checkout_billing
i'mleaving,checkout_billing
no housekeeping this morning,do_not_disturb
no houskeeping this morning,do_not_disturb
fire alarm,emergency
firealarm,emergency
food,food_order
bring me a burger and fries,food_order
get me a burger and fries,food_order
bing me a burger and fries,food_order
dry cleaning needed,laundry_service
injury need help,emergency
inury need help,emergency
cab,concierge_taxi
i need toilet paper,toiletries_request
i want toilet paper,toiletries_request
i need toiet paper,toiletries_request
checkout karanna ona please,checkout_billing
checkout karanna ona pleez,checkout_billing
checkout karanna ona pls,checkout_billing
restaurants nearby,concierge_general
restaurantsnearby,concierge_general
light not working,maintenance
lightnot working,maintenance
lght not working,maintenance
light problem ah,maintenance
lightproblem ah,maintenance
blanket,blanket_request
blankit,blanket_request
tv is broken,maintenance
towels thiyanna,towel_request
towls thiyanna,towel_request
cold drinks,food_order
wake up call,wake_up_call
iron and ironing board,misc_request
make it cooler,temperature_control
its too noisy,noise_complaint
itstoo noisy,noise_complaint
charger,misc_request
do not disturb karanna,do_not_disturb
donot disturb karanna,do_not_disturb
can i get shampoo,toiletries_request
cani get shampoo,toiletries_request
can send breakfast,food_order
cansend breakfast,food_order
three or four towels,towel_request
three or four toels,towel_request
threeor four towels,towel_request
some extra towels,towel_request
someextra towels,towel_request
soap please,toiletries_request
soapplease,toiletries_request
soap pleez,toiletries_request
taxi now,concierge_taxi
taxinow,concierge_taxi
wool blanket,blanket_request
wool blankit,blanket_request
woolblanket,blanket_request
gas leak,emergency
key lose kara,emergency
keylose kara,emergency
dim the lights,lighting_control
dimthe lights,lighting_control
i would like directions to local attractions,concierge_general
i would lik directions to local attractions,concierge_general
i wold like directions to local attrations,concierge_general
i would like directions local attractions,concierge_general
light nut working,maintenance
light nut workig,maintenance
lightnut working,maintenance
dinner ekak ona please,food_order
dinner ekak ona plese,food_order
dinner ekak ona pls,food_order
i want to towels,towel_request
i want to towls,towel_request
i want to towes,towel_request
people are being loud,noise_complaint
peopleare being loud,noise_complaint
soft pillows want ah,pillow_request
soft pilows want ah,pillow_request
softpillows want ah,pillow_request
bill ekak ona,checkout_billing
billekak ona,checkout_billing
wash and iron please,laundry_service
wash and iron pls,laundry_service
wash and iron pleas,laundry_service
i need privacy,do_not_disturb
need privacy,do_not_disturb
i want privacy,do_not_disturb
i can't sleep noise,noise_complaint
ican't sleep noise,noise_complaint
turn off ceiling light please,lighting_control
turn off ceiling light pls,lighting_control
turn off ceiling light pleas,lighting_control
hangers ona,misc_request
pillows want,pillow_request
pillowswant,pillow_request
privacy thiyanna,do_not_disturb
bring toilet paper,toiletries_request
bringtoilet paper,toiletries_request
mineral water,food_order
mineralwater,food_order
warm duvet,blanket_request
warmduvet,blanket_request
rome service please,food_order
rome servic please,food_order
rome service pls,food_order
rome service pleez,food_order
housekeeping now,room_cleaning
housekeepingnow,room_cleaning
loud at midnight,noise_complaint
taxi to airport,concierge_taxi
taxito airport,concierge_taxi
leaving,checkout_billing
morning call thiyanna,wake_up_call
morningcall thiyanna,wake_up_call
morning call thiynna,wake_up_call
it's too hot,temperature_control
moisturizer needed,toiletries_request
moisturizerneeded,toiletries_request
full laundry bag,laundry_service
fulllaundry bag,laundry_service
doctor want fast,emergency
doctorwant fast,emergency
temperature adjust karanna,temperature_control
temperatureadjust karanna,temperature_control
temp adjust karanna,temperature_control
temprature adjust karanna,temperature_control
could i order a sandwich,food_order
couldi order a sandwich,food_order
could i order sandwich,food_order
wake me at seven,wake_up_call
wakeme at seven,wake_up_call
wake me seven,wake_up_call
emergency,emergency
emergancy,emergency
its too noisy please,noise_complaint
its too noisy pleas,noise_complaint
its too noisy pease,noise_complaint
few towels needed,towel_request
few towls needed,towel_request
few towes needed,towel_request
press shirt,laundry_service
tv not working send someone please,maintenance
tvnot working send someone please,maintenance
tv not working send someone pleez,maintenance
tv not woring send somone plase,maintenance
i'm hangry,food_order
hand wash needed,laundry_service
handwash needed,laundry_service
main light on,lighting_control
mainlight on,lighting_control
6 am call,wake_up_call
6am call,wake_up_call
more pillows,pillow_request
morepillows,pillow_request
i'd like coffee,food_order
i'dlike coffee,food_order
return by evening,laundry_service
returnby evening,laundry_service
tourist places koheda,concierge_general
turist paces koheda,concierge_general
touristplaces koheda,concierge_general
too noisy,noise_complaint
what are the attractions,concierge_general
whatare the attractions,concierge_general
morning call please,wake_up_call
morning call pleas,wake_up_call
morning call pleez,wake_up_call
morning call plase,wake_up_call
heavy blanket please,blanket_request
heay blankt please,blanket_request
heavyblanket please,blanket_request
heavy blanket pleas,blanket_request
i need more towels,towel_request
i need more towls,towel_request
i want more towels,towel_request
ineed more towels,towel_request
shower ekka problem,maintenance
shwer ekka poblem,maintenance
showerekka problem,maintenance
soft pillows,pillow_request
softpillows,pillow_request
full room cleaning please,room_cleaning
fullroom cleaning please,room_cleaning
full room cleaning pleez,room_cleaning
full room cleaning plase,room_cleaning
local market where,concierge_general
lcal market where,concierge_general
localmarket where,concierge_general
pickup laundry,laundry_service
pickuplaundry,laundry_service
fix karanna ona,maintenance
noisy guests,noise_complaint
noisyguests,noise_complaint
bring me dinner,food_order
bring dinner,food_order
brng me diner,food_order
get me dinner,food_order
repair needed,maintenance
alarm 8,wake_up_call
wake me at 7 am,wake_up_call
wakeme at 7 am,wake_up_call
wake me 7 am,wake_up_call
emergency maintenance,maintenance
emergency maintanance,maintenance
emergancy maintenance,maintenance
hand sanitizer,toiletries_request
air conditioned taxi,concierge_taxi
airconditioned taxi,concierge_taxi
heating too high lower it,temperature_control
heatingtoo high lower it,temperature_control
heaing too high loer it,temperature_control
pickup laundry please,laundry_service
pickup landry please,laundry_service
pickup laundry pleas,laundry_service
pickup laundry pleez,laundry_service
razors please,toiletries_request
razors pleez,toiletries_request
razors pleas,toiletries_request
ironing board please,misc_request
ironing board pleas,misc_request
ironing board pleez,misc_request
i need another blanket,blanket_request
need another blanket,blanket_request
ineed another blanket,blanket_request
i need another blankit,blanket_request
i need an iron,misc_request
need an iron,misc_request
ineed an iron,misc_request
hot,temperature_control
can i get more pillows,pillow_request
cani get more pillows,pillow_request
can i get more pilos,pillow_request
could you send up the menu,food_order
cud you send up the menu,food_order
couldyou send up the menu,food_order
could you send up menu,food_order
face wash please,toiletries_request
face wash plese,toiletries_request
facewash please,toiletries_request
i'm hungry,food_order
noise,noise_complaint
orange juice,food_order
orangejuice,food_order
iron clothes,laundry_service
it's too warm,temperature_control
i want food,food_order
iwant food,food_order
i need soap and shampoo,toiletries_request
need soap and shampoo,toiletries_request
i want soap and shampoo,toiletries_request
i need soap and shamoo,toiletries_request
brighten the room,lighting_control
noise complaint,noise_complaint
i would like to request an additional blanket,blanket_request
iwould like to request an additional blanket,blanket_request
i would like to request an additional blankit,blanket_request
i woud like to requet an additional blanket,blanket_request
magazines,misc_request
7:45 wake up call,wake_up_call
fridge not cooling,maintenance
fridge not coolig,maintenance
fidge not cooling,maintenance
what time is breakfast,concierge_general
whattime is breakfast,concierge_general
cab to colombo,concierge_taxi
cabto colombo,concierge_taxi
i want another pillow,pillow_request
iwant another pillow,pillow_request
i want anothr pllow,pillow_request
i want another pilo,pillow_request
wet wipes,toiletries_request
dim lights,lighting_control
noise next door,noise_complaint
nose next door,noise_complaint
noisenext door,noise_complaint
clean the rome please,room_cleaning
clean the rome pls,room_cleaning
clean the rome pleas,room_cleaning
clan the rome please,room_cleaning
towel ekak ona,towel_request
towl ekak ona,towel_request
twel ekak ona,towel_request
footsteps above,noise_complaint
party noise above,noise_complaint
could you please call my room at 7 am,wake_up_call
could you pleas call my room at 7 am,wake_up_call
could you pleez call my room at 7 am,wake_up_call
please send help immediately,emergency
pls send help immediately,emergency
pleasesend help immediately,emergency
same day service,laundry_service
sameday service,laundry_service
same day servic,laundry_service
wash and iron,laundry_service
washand iron,laundry_service
please make room clean,room_cleaning
please make room cean,room_cleaning
pleez make room clean,room_cleaning
pleasemake room clean,room_cleaning
brighter,lighting_control
could i get ice,misc_request
couldi get ice,misc_request
coud i get ice,misc_request
culd i get ice,misc_request
i'd like to eat,food_order
i'dlike to eat,food_order
two three towels send,towel_request
twothree towels send,towel_request
morning 7 call me,wake_up_call
moring 7 call me,wake_up_call
express checkout,checkout_billing
cold feeling need warm,temperature_control
i need a doctor,emergency
need a doctor,emergency
ineed a doctor,emergency
snorkeling tour,concierge_general
broken ac,maintenance
darker,lighting_control
no cleaning please,do_not_disturb
nocleaning please,do_not_disturb
no cleaning pleez,do_not_disturb
no cleaning pls,do_not_disturb
don't disturb ah,do_not_disturb
don'tdisturb ah,do_not_disturb
lights off,lighting_control
no service today please,do_not_disturb
no service today pls,do_not_disturb
no servic today please,do_not_disturb
lower temperature please,temperature_control
lower temperature pleas,temperature_control
lower temperature pleez,temperature_control
lower temperature pls,temperature_control
morning call at 6,wake_up_call
morningcall at 6,wake_up_call
night light please,lighting_control
nigt light pleae,lighting_control
night light pleez,lighting_control
night light pls,lighting_control
for towels please,towel_request
fortowels please,towel_request
for towls please,towel_request
for towels plase,towel_request
large car needed,concierge_taxi
lare car needed,concierge_taxi
more hangers please,misc_request
morehangers please,misc_request
more hangers pls,misc_request
leave alone,do_not_disturb
i would like to check out,checkout_billing
i wud like to check out,checkout_billing
i would lik to check out,checkout_billing
i would like check out,checkout_billing
adjust temperature,temperature_control
adjusttemperature,temperature_control
adjust temprature,temperature_control
adjust temp,temperature_control
i need tourist information,concierge_general
i want tourist information,concierge_general
i need touist iformation,concierge_general
good seafood restaurants,concierge_general
goodseafood restaurants,concierge_general
good sefood restaurants,concierge_general
dress press karanna ona,laundry_service
dres press karanna ona,laundry_service
dress prss karanna ona,laundry_service
i won't get my room cleaned,room_cleaning
iwon't get my room cleaned,room_cleaning
beach directions,concierge_general
beachdirections,concierge_general
press my clothes,laundry_service
pressmy clothes,laundry_service
3 am noise complaint,noise_complaint
3 am noise comlaint,noise_complaint
3am noise complaint,noise_complaint
don't come in no,do_not_disturb
don'tcome in no,do_not_disturb
i need shampoo please,toiletries_request
i want shampoo please,toiletries_request
i need shampo please,toiletries_request
reading light on,lighting_control
readinglight on,lighting_control
reaing light on,lighting_control
i need two tells,towel_request
i want two tells,towel_request
ineed two tells,towel_request
toothbrush and toothpaste please,toiletries_request
toothbrush and toothpaste pleez,toiletries_request
toothbrush and toothpaste pls,toiletries_request
toothbrush and toothpaste pleas,toiletries_request
full brightness please,lighting_control
full brightness pls,lighting_control
full brightness pleas,lighting_control
lost room key,emergency
lamp on,lighting_control
i need food,food_order
need food,food_order
ineed food,food_order
clean my room later,room_cleaning
to more pillows,pillow_request
tomore pillows,pillow_request
return by evening please,laundry_service
return by evening pleae,laundry_service
returnby evening please,laundry_service
return by evening pleez,laundry_service
breakfast in bed,food_order
breakfastin bed,food_order
brakfast in bed,food_order
more blankets please,blanket_request
more blnkets please,blanket_request
more blankits please,blanket_request
more blankets pleas,blanket_request
tomorrow 8 am alarm,wake_up_call
towels please,towel_request
towels pls,towel_request
towelsplease,towel_request
could you please bring extra towels,towel_request
could you pleez bring extra towels,towel_request
could you please brig extra towels,towel_request
could you please bring extra towls,towel_request
can i get toilet paper,toiletries_request
can i get tilet paper,toiletries_request
can i get toilet papr,toiletries_request
cani get toilet paper,toiletries_request
i need extra pillows,pillow_request
i need extra pilos,pillow_request
ineed extra pillows,pillow_request
i need extra pillos,pillow_request
bring me an iron,misc_request
bring me iron,misc_request
get me an iron,misc_request
bringme an iron,misc_request
wake me up at sex,wake_up_call
wakeme up at sex,wake_up_call
turn on ac and make it cold,temperature_control
turnon ac and make it cold,temperature_control
i would like to request laundry service,laundry_service
i would like to request laundry servis,laundry_service
i would lik to request laundry service,laundry_service
i wud like to request laundry service,laundry_service
bathroom light on,lighting_control
bathroomlight on,lighting_control
i want my room clean,room_cleaning
i want my room clen,room_cleaning
lights on,lighting_control
must clean room today itself,room_cleaning
must clean room today itelf,room_cleaning
must clean room tday itelf,room_cleaning
i need a blanket,blanket_request
i need blanket,blanket_request
i need a banket,blanket_request
need a blanket,blanket_request
toothbrush send no,toiletries_request
toothbrushsend no,toiletries_request
toothbush send no,toiletries_request
can call taxi,concierge_taxi
uber,concierge_taxi
where is gym no,concierge_general
i want a razor,toiletries_request
iwant a razor,toiletries_request
i want razor,toiletries_request
arrange a taxi,concierge_taxi
arrangea taxi,concierge_taxi
range a taxi,concierge_taxi
broken tv,maintenance
need repair,maintenance
needrepair,maintenance
i need fresh towels,towel_request
i need fresh towls,towel_request
i need fresh twels,towel_request
i need ice,misc_request
need ice,misc_request
ineed ice,misc_request
room service,food_order
roomservice,food_order
room servic,food_order
i need one pillow,pillow_request
ineed one pillow,pillow_request
i need one pllow,pillow_request
can someone clean my room,room_cleaning
can someone cean my room,room_cleaning
shouting neighbors,noise_complaint
taxi want,concierge_taxi
taxiwant,concierge_taxi
i'm cold need a blanket,blanket_request
i'm cold need a blanet,blanket_request
i'mcold need a blanket,blanket_request
i'm cold need a blankit,blanket_request
can you clean the rome,room_cleaning
can you clean rome,room_cleaning
can you cean the rome,room_cleaning
can u clean the rome,room_cleaning
i would like to report a noise disturbance,noise_complaint
i would like report noise disturbance,noise_complaint
i would lik to report a noise disturbance,noise_complaint
i wud like to report a noise disturbance,noise_complaint
thick blanket,blanket_request
thickblanket,blanket_request
can i checkout late,checkout_billing
cani checkout late,checkout_billing
can i ceckout late,checkout_billing
hungry no can you send food,food_order
hungry no canu send food,food_order
hungy no can you send food,food_order
may i request urgent repair service,maintenance
may i request urgent repair servic,maintenance
mayi request urgent repair service,maintenance
may i requet urgent repair service,maintenance
temperature,temperature_control
temp,temperature_control
business center location,concierge_general
turn on the lights,lighting_control
turnon the lights,lighting_control
loud music,noise_complaint
two three pillows,pillow_request
two three pilos,pillow_request
two three pllows,pillow_request
extra pillows,pillow_request
extra pilos,pillow_request
i'm starving,food_order
bathroom items want,toiletries_request
bathroomitems want,toiletries_request
need blanket,blanket_request
needblanket,blanket_request
need blankit,blanket_request
may i have additional hangers,misc_request
mayi have additional hangers,misc_request
i want to get my room cleaned,room_cleaning
i want get my room cleaned,room_cleaning
delicate wash,laundry_service
fast billing,checkout_billing
fastbilling,checkout_billing
may i request brighter lighting,lighting_control
mayi request brighter lighting,lighting_control
sent housekeeping,room_cleaning
conference room booking,concierge_general
conferenceroom booking,concierge_general
confeence room boking,concierge_general
bathroom light flickering,maintenance
bathroomlight flickering,maintenance
bathrom lght flicering,maintenance
bathrom light flckering,maintenance
pick up laundry please,laundry_service
pick up laundry pleas,laundry_service
pick up laundry pls,laundry_service
newspaper,misc_request
toilet paper,toiletries_request
toiletpaper,toiletries_request
dry clean suit,laundry_service
dryclean suit,laundry_service
charger and adapter,misc_request
carger and adapter,misc_request
chargerand adapter,misc_request
need soap,toiletries_request
needsoap,toiletries_request
toilet flush naha,maintenance
tolet fluh naha,maintenance
i need a hairdryer,misc_request
ineed a hairdryer,misc_request
i need hairdryer,misc_request
could you arrange laundry pickup,laundry_service
could you arrange laundry pckup,laundry_service
could you range laundry pickup,laundry_service
fresh towels want no please,towel_request
fresh towls want no please,towel_request
freshtowels want no please,towel_request
please clean my room,room_cleaning
please clan my room,room_cleaning
pleas clean my room,room_cleaning
pleaseclean my room,room_cleaning
coffee,food_order
loud neighbors,noise_complaint
loudneighbors,noise_complaint
pick up laundry at 10 am,laundry_service
pickup laundry at 10 am,laundry_service
pick up lundry at 10 am,laundry_service
key card not working,emergency
this is an emergency situation,emergency
this is emergency situation,emergency
thisis an emergency situation,emergency
this is an emergency situaion,emergency
i need ac,temperature_control
i want ac,temperature_control
ineed ac,temperature_control
i can't sleep noise please,noise_complaint
i can't sleep noise pleez,noise_complaint
i can't seep nose plese,noise_complaint
ican't sleep noise please,noise_complaint
i would like to book a taxi,concierge_taxi
i would lik to book a taxi,concierge_taxi
iwould like to book a taxi,concierge_taxi
set alarm for 8 am,wake_up_call
set alarm 8 am,wake_up_call
set aarm for 8 am,wake_up_call
setalarm for 8 am,wake_up_call
broken window urgent,maintenance
brokenwindow urgent,maintenance
brokn window urgent,maintenance
i need two brush,toiletries_request
ineed two brush,toiletries_request
need two brush,toiletries_request
i need two brsh,toiletries_request
i would like privacy please,do_not_disturb
i would like privacy pleez,do_not_disturb
iwould like privacy please,do_not_disturb
i need a taxi,concierge_taxi
i want a taxi,concierge_taxi
need a taxi,concierge_taxi
ineed a taxi,concierge_taxi
tv volume too high,noise_complaint
tvvolume too high,noise_complaint
do not disturb please,do_not_disturb
do not disturb pleas,do_not_disturb
do not disturb pls,do_not_disturb
do not disturb pease,do_not_disturb
leave me alone,do_not_disturb
leaveme alone,do_not_disturb
another day please,checkout_billing
another day pls,checkout_billing
anotherday please,checkout_billing
another day pleae,checkout_billing
no electricity in room,maintenance
no electricity room,maintenance
noelectricity in room,maintenance
toilet paper finish no,toiletries_request
toilet paer finish no,toiletries_request
i want soup,toiletries_request
i would like to request an iron,misc_request
i wud like to request an iron,misc_request
iwould like to request an iron,misc_request
i would like request iron,misc_request
i need a toothbrush,toiletries_request
need a toothbrush,toiletries_request
ineed a toothbrush,toiletries_request
turn on ac,temperature_control
turn ac,temperature_control
full laundry bag please,laundry_service
full laundry bag pls,laundry_service
fulllaundry bag please,laundry_service
full laundry bag plase,laundry_service
morning call,wake_up_call
ice,misc_request
breakfast send no,food_order
breakfastsend no,food_order
not working,maintenance
notworking,maintenance
i want ice,misc_request
several towels please,towel_request
several towels pleas,towel_request
several towes please,towel_request
several towels pleez,towel_request
extra firm pillows,pillow_request
extra firm pilos,pillow_request
extrafirm pillows,pillow_request
extra firm pllows,pillow_request
four towels please,towel_request
four towels pease,towel_request
four towels pls,towel_request
fourtowels please,towel_request
more towels,towel_request
more towls,towel_request
wake me 7,wake_up_call
wakeme 7,wake_up_call
room clean karanna,room_cleaning
roomclean karanna,room_cleaning
don't come in no please,do_not_disturb
don't come in no pleez,do_not_disturb
don't come in no pls,do_not_disturb
don'tcome in no please,do_not_disturb
set ac to 18,temperature_control
setac to 18,temperature_control
set ac 18,temperature_control
i need another pillow,pillow_request
need another pillow,pillow_request
i need another pilow,pillow_request
ineed another pillow,pillow_request
i want the receipt,checkout_billing
i want the recipt,checkout_billing
iwant the receipt,checkout_billing
i want receipt,checkout_billing
may i request no housekeeping service today,do_not_disturb
may i request no houekeeping service today,do_not_disturb
may i request no housekeeping servic today,do_not_disturb
warmer,temperature_control
bring me pizza,food_order
bring pizza,food_order
bringme pizza,food_order
pickme please,concierge_taxi
pickmeplease,concierge_taxi
pickme pleas,concierge_taxi
toothbrush,toiletries_request
can i get toothpaste please,toiletries_request
can i get toothpaste pls,toiletries_request
cani get toothpaste please,toiletries_request
can i get toohpaste please,toiletries_request
taxi please,concierge_taxi
taxi pls,concierge_taxi
taxiplease,concierge_taxi
late night party,noise_complaint
room needs cleaning,room_cleaning
room neds cleaning,room_cleaning
i need a hair dryer,misc_request
ineed a hair dryer,misc_request
i want a hair dryer,misc_request
clean my room now,room_cleaning
clen my room now,room_cleaning
cleanmy room now,room_cleaning
clan my room now,room_cleaning
slippers,misc_request
theft report,emergency
please send soap ah,toiletries_request
pleez send soap ah,toiletries_request
pls send soap ah,toiletries_request
pleasesend soap ah,toiletries_request
may i have my clothes pressed,laundry_service
mayi have my clothes pressed,laundry_service
may i have my clothes presed,laundry_service
turn down the heat please,temperature_control
turn down the heat pleez,temperature_control
turn down the heat pleas,temperature_control
turn down heat please,temperature_control
breakfast time,concierge_general
breakfasttime,concierge_general
bill please,checkout_billing
bill pleez,checkout_billing
bill pls,checkout_billing
sewing kit,misc_request
sewingkit,misc_request
pillow ekak ona,pillow_request
pillowekak ona,pillow_request
receipt,checkout_billing
no cleaning today,do_not_disturb
noise at night,noise_complaint
noiseat night,noise_complaint
nise at nigt,noise_complaint
stop noise,noise_complaint
stopnoise,noise_complaint
iwant tourist information,concierge_general
i want tourst information,concierge_general
book city tour,concierge_general
bookcity tour,concierge_general
laundry service want please,laundry_service
laundryservice want please,laundry_service
laundry service want pleez,laundry_service
laundry service want pls,laundry_service
four firm pillows,pillow_request
four firm pilos,pillow_request
fourfirm pillows,pillow_request
housekeeping,room_cleaning
doctor needed,emergency
doctorneeded,emergency
more pillows send no please,pillow_request
more pillows send no pleas,pillow_request
more pillows send no pls,pillow_request
more pillows send no pleez,pillow_request
room service please,food_order
room servis please,food_order
room service pls,food_order
room service pleez,food_order
checkout at 2 pm,checkout_billing
checkout 2 pm,checkout_billing
the ac is not working,maintenance
ac is not working,maintenance
taxi thiyanna,concierge_taxi
taxithiyanna,concierge_taxi
slamming doors,noise_complaint
beach towels,towel_request
beach towls,towel_request
beachtowels,towel_request
i want a warm blanket,blanket_request
i want a warm blankit,blanket_request
i want warm blanket,blanket_request
security needed,emergency
securityneeded,emergency
privacy want,do_not_disturb
could you mark this room do not disturb,do_not_disturb
could you mark this room do not distrb,do_not_disturb
cud you mark this room do not disturb,do_not_disturb
ac fast fast on,temperature_control
ac fast fast,temperature_control
more pillows send no,pillow_request
more pilows send no,pillow_request
more pilos send no,pillow_request
immediate taxi,concierge_taxi
immediatetaxi,concierge_taxi
light blanket please,blanket_request
light blanket pleae,blanket_request
light blanket pleas,blanket_request
liht blanket please,blanket_request
shampoo naha,toiletries_request
several pillows,pillow_request
severalpillows,pillow_request
may i have more pillows,pillow_request
may i have more pilos,pillow_request
mayi have more pillows,pillow_request
invoice,checkout_billing
could i get my invoice,checkout_billing
the tap is leaking,maintenance
tap is leaking,maintenance
thetap is leaking,maintenance
early breakfast,food_order
earlybreakfast,food_order
wake me tomorrow at 7,wake_up_call
wakeme tomorrow at 7,wake_up_call
wake me tomorrow 7,wake_up_call
wake me tmorrow at 7,wake_up_call
bar hours,concierge_general
someone clean my room,room_cleaning
somene cean my room,room_cleaning
someoneclean my room,room_cleaning
fresh juice,food_order
bring me soap,toiletries_request
brng me soap,toiletries_request
bring soap,toiletries_request
ice want,misc_request
icewant,misc_request
extra tolls,towel_request
extratolls,towel_request
lamp off,lighting_control
cotton blanket,blanket_request
cotton blankit,blanket_request
clean please,room_cleaning
clean pleas,room_cleaning
clean pls,room_cleaning
electric blanket,blanket_request
electricblanket,blanket_request
the ac is not working please,maintenance
the ac is not working pleas,maintenance
the ac is not working pls,maintenance
the ac is not working pleez,maintenance
can i have towels,towel_request
can i have towls,towel_request
can i have towes,towel_request
make bed,room_cleaning
tv not working send someone,maintenance
tv not working send somone,maintenance
tv not wrking send someone,maintenance
tvnot working send someone,maintenance
skip cleaning today,do_not_disturb
skipcleaning today,do_not_disturb
pool hours please,concierge_general
pool hours pease,concierge_general
poolhours please,concierge_general
may i request a cab to the airport,concierge_taxi
may i request cab airport,concierge_taxi
i want clothes washed,laundry_service
iwant clothes washed,laundry_service
turn up the ac,temperature_control
turnup the ac,temperature_control
clean bath towels,towel_request
cean bath towels,towel_request
cleanbath towels,towel_request
clean room before dinner,room_cleaning
cleanroom before dinner,room_cleaning
checkout,checkout_billing
call uber,concierge_taxi
invoice thiyanna,checkout_billing
bright ah lights dim karanna,lighting_control
brightah lights dim karanna,lighting_control
send up some food,food_order
sendup some food,food_order
leave me alone please,do_not_disturb
leave me alone pls,do_not_disturb
leaveme alone please,do_not_disturb
leae me alone please,do_not_disturb
quick checkout,checkout_billing
quickcheckout,checkout_billing
skip house keeping,do_not_disturb
skip hose keeping,do_not_disturb
skip house keeing,do_not_disturb
skiphouse keeping,do_not_disturb
directions thiyanna,concierge_general
book a cab,concierge_taxi
stain removal,laundry_service
need taxi,concierge_taxi
needtaxi,concierge_taxi
tomorrow morning call,wake_up_call
tomorrowmorning call,wake_up_call
tomorrow moning call,wake_up_call
smell smoke,emergency
smellsmoke,emergency
cab for tonight,concierge_taxi
i'm cold,temperature_control
i'mcold,temperature_control
air conditioning please,temperature_control
air conditioning pls,temperature_control
air conditioning pleas,temperature_control
one more blanket,blanket_request
one more blankit,blanket_request
onemore blanket,blanket_request
ac too strong reduce it,temperature_control
actoo strong reduce it,temperature_control
ac too strong redce it,temperature_control
ac too strong reuce it,temperature_control
whale watching trip,concierge_general
whle watching trip,concierge_general
my room is messy please,room_cleaning
myroom is messy please,room_cleaning
my room is messy pls,room_cleaning
several items,laundry_service
severalitems,laundry_service
extra bedding,blanket_request
few clothes to wash,laundry_service
few cloths to wash,laundry_service
fewclothes to wash,laundry_service
feather pillows,pillow_request
featherpillows,pillow_request
i would like to request bathroom amenities,toiletries_request
i would like request bathroom amenities,toiletries_request
iwould like to request bathroom amenities,toiletries_request
it's too noisy,noise_complaint
it's too nisy,noise_complaint
i need hangers,misc_request
need hangers,misc_request
ineed hangers,misc_request
i want hangers,misc_request
three towels please,towel_request
three towels pls,towel_request
three towels pleas,towel_request
three towls please,towel_request
i need a warm blanket,blanket_request
ineed a warm blanket,blanket_request
i need a warm blankit,blanket_request
may i have bathroom supplies,toiletries_request
mayi have bathroom supplies,toiletries_request
where is gym,concierge_general
whee is gym,concierge_general
whereis gym,concierge_general
shower has no pressure,maintenance
sower has no pressure,maintenance
shwer has no prssure,maintenance
showerhas no pressure,maintenance
can you do my laundry,laundry_service
can u do my laundry,laundry_service
canyou do my laundry,laundry_service
may i schedule a morning call,wake_up_call
may i schdule a morning call,wake_up_call
may i schedle a morning call,wake_up_call
mayi schedule a morning call,wake_up_call
firm pillows,pillow_request
firm pilos,pillow_request
airport pickup,concierge_taxi
toiletries,toiletries_request
ac broken no can you fix,maintenance
ac broken no canu fix,maintenance
ac broen no can you fix,maintenance
chicken curry and rice,food_order
chickencurry and rice,food_order
chickn curry and rice,food_order
i want to order food please,food_order
i want to orer food please,food_order
iwant to order food please,food_order
i want to order food pleas,food_order
bill want,checkout_billing
make it darker,lighting_control
makeit darker,lighting_control
make it drker,lighting_control
can on lights,lighting_control
canon lights,lighting_control
the room needs to be cleaned,room_cleaning
the room nees to be cleaned,room_cleaning
room needs be cleaned,room_cleaning
room service send ah,food_order
room servis send ah,food_order
roomservice send ah,food_order
noise complaint please,noise_complaint
noise coplaint please,noise_complaint
noise complaint pleez,noise_complaint
noise complaint pleae,noise_complaint
food order karanna,food_order
foodorder karanna,food_order
thin blanket,blanket_request
thinblanket,blanket_request
thin blankit,blanket_request
additional blankets,blanket_request
additionalblankets,blanket_request
turn on the lamb please,lighting_control
turn lamb please,lighting_control
turn the lamb please,lighting_control
turn on the lamb pls,lighting_control
i feel sick,emergency
ifeel sick,emergency
i like housekeeping service,room_cleaning
i like hosekeeping service,room_cleaning
i like housekeeping servic,room_cleaning
cold,blanket_request
safari booking,concierge_general
safaribooking,concierge_general
it's cold,temperature_control
it'scold,temperature_control
brunch order,food_order
brunchorder,food_order
dry clean please,laundry_service
dryclean please,laundry_service
dry clen please,laundry_service
late checkout please,checkout_billing
late checkout pleez,checkout_billing
late checkout pls,checkout_billing
i need soup,toiletries_request
ineed soup,toiletries_request
need soup,toiletries_request
water leak,maintenance
towels need ah,towel_request
towelsneed ah,towel_request
usb cable,misc_request
usbcable,misc_request
i require immediate assistance,emergency
i require imediate assistance,emergency
its cold,temperature_control
itscold,temperature_control
loud music please,noise_complaint
loudmusic please,noise_complaint
loud music pleez,noise_complaint
make lights dimmer,lighting_control
makelights dimmer,lighting_control
make lihts dmmer,lighting_control
clothes wash karanna,laundry_service
clotheswash karanna,laundry_service
noise ekka sleep karanna baha,noise_complaint
noise ekka slep karana baha,noise_complaint
noiseekka sleep karanna baha,noise_complaint
extend stay,checkout_billing
extendstay,checkout_billing
i want to check out,checkout_billing
i want to chek out,checkout_billing
i want check out,checkout_billing
please tidy the room,room_cleaning
pleasetidy the room,room_cleaning
pleas tidy the room,room_cleaning
tap dripping continuously,maintenance
can clean my room,room_cleaning
canclean my room,room_cleaning
half brightness,lighting_control
halfbrightness,lighting_control
bathrobe,misc_request
morning call at 5 sharp,wake_up_call
morning call at 5 shap,wake_up_call
morning call 5 sharp,wake_up_call
gym opening hours,concierge_general
gym openig hours,concierge_general
gymopening hours,concierge_general
uber call karanna,concierge_taxi
uber call kranna,concierge_taxi
wake me at 7 am please,wake_up_call
wake me at 7 am pleas,wake_up_call
wake me 7 am please,wake_up_call
wake me at 7 am pls,wake_up_call
i need soft pillows,pillow_request
i need soft pillws,pillow_request
need soft pillows,pillow_request
ineed soft pillows,pillow_request
could you please arrange for room cleaning,room_cleaning
could you please range for room cleaning,room_cleaning
could you please arange for room cleaning,room_cleaning
couldyou please arrange for room cleaning,room_cleaning
don't disturb,do_not_disturb
don'tdisturb,do_not_disturb
email my bill,checkout_billing
emal my bill,checkout_billing
set alarm for quarter to 8,wake_up_call
setalarm for quarter to 8,wake_up_call
emergency ah please,emergency
emergencyah please,emergency
emrgency ah please,emergency
tomorrow delivery,laundry_service
tomorrowdelivery,laundry_service
bring me food,food_order
bring food,food_order
get me food,food_order
playing cards,misc_request
clean room after lunch,room_cleaning
cleanroom after lunch,room_cleaning
lunch,food_order
cab ekak ona,concierge_taxi
cabekak ona,concierge_taxi
may i have a warm blanket,blanket_request
may i have a warm blankit,blanket_request
may i have warm blanket,blanket_request
locked out,emergency
lockedout,emergency
iron quickly send,misc_request
ironquickly send,misc_request
neighbors loud music,noise_complaint
neighbors loud muic,noise_complaint
neighborsloud music,noise_complaint
no disturbance please,do_not_disturb
no disturbance pleas,do_not_disturb
no dsturbance please,do_not_disturb
nodisturbance please,do_not_disturb
extra blanket ona,blanket_request
extrablanket ona,blanket_request
extra blankit ona,blanket_request
extra blnket ona,blanket_request
three wheeler call karanna,concierge_taxi
tree wheeler call karanna,concierge_taxi
i need bath towels,towel_request
ineed bath towels,towel_request
i need bath towls,towel_request
bring me a razor,toiletries_request
brng me a razor,toiletries_request
bring me a rzor,toiletries_request
late checkout,checkout_billing
latecheckout,checkout_billing
could i get lunch,food_order
cold i get lunch,food_order
i'm hot,temperature_control
i'mhot,temperature_control
can i get my invoice,checkout_billing
laundry,laundry_service
taxi urgently want,concierge_taxi
taxiurgently want,concierge_taxi
umbrella,misc_request
coat hangers,misc_request
heart problem emergency,emergency
heart prblem emergency,emergency
hart problem emrgency,emergency
early morning noise,noise_complaint
erly morning nise,noise_complaint
make it 22 degrees,temperature_control
make it 22 degres,temperature_control
makeit 22 degrees,temperature_control
lunch want quickly,food_order
lunchwant quickly,food_order
lunch want quicly,food_order
construction noise,noise_complaint
constructionnoise,noise_complaint
can i get toothpaste,toiletries_request
can i get toothaste,toiletries_request
iwant soap and shampoo,toiletries_request
hangers and hooks,misc_request
hangersand hooks,misc_request
call me at 6,wake_up_call
call me 6,wake_up_call
iron thiyanna,misc_request
cold ah put heater please,temperature_control
cold ah put heater pls,temperature_control
cold ah put heaer please,temperature_control
remote doesn't work,maintenance
reote doesn't work,maintenance
remotedoesn't work,maintenance
bring ice please,misc_request
bring ice pls,misc_request
brng ice plese,misc_request
bring ice pleas,misc_request
too hot can you ac on,temperature_control
too hot canu ac on,temperature_control
too hot can you ac,temperature_control
best places visit karanna,concierge_general
best places vsit karanna,concierge_general
best places visit karana,concierge_general
maintenance,maintenance
maintance,maintenance
maintanance,maintenance
send housekeeping,room_cleaning
sendhousekeeping,room_cleaning
wash clothes,laundry_service
washclothes,laundry_service
clean the room please,room_cleaning
clean room please,room_cleaning
clean the room pls,room_cleaning
clen the room plese,room_cleaning
loud music next door,noise_complaint
loudmusic next door,noise_complaint
set wake up call,wake_up_call
setwake up call,wake_up_call
pool close at what time,concierge_general
pool close what time,concierge_general
pool cose at what time,concierge_general
increase ac power,temperature_control
increaseac power,temperature_control
wake me at 6 and 6:30,wake_up_call
wakeme at 6 and 6:30,wake_up_call
tidy up my room,room_cleaning
i need a pillow,pillow_request
i need a pilo,pillow_request
i need pillow,pillow_request
ineed a pillow,pillow_request
room very dirty need clean,room_cleaning
roomvery dirty need clean,room_cleaning
dinner ekak ona,food_order
dinnerekak ona,food_order
maintenance want urgently,maintenance
maintenancewant urgently,maintenance
maintanance want urgently,maintenance
blanket ekak send,blanket_request
blanketekak send,blanket_request
book taxi to airport,concierge_taxi
booktaxi to airport,concierge_taxi
book taxi airport,concierge_taxi
morning call at 6 please,wake_up_call
morning call 6 please,wake_up_call
morningcall at 6 please,wake_up_call
mornng call at 6 pleae,wake_up_call
bring two towels,towel_request
bringtwo towels,towel_request
brng two towls,towel_request
hallway noise,noise_complaint
do not disturb until tomorrow,do_not_disturb
do not distrb until tmorrow,do_not_disturb
donot disturb until tomorrow,do_not_disturb
laundry pickup now,laundry_service
launry picup now,laundry_service
laundry picup now,laundry_service
ac off,temperature_control
soft pillows please,pillow_request
soft pilos please,pillow_request
soft pillows pleas,pillow_request
someone at door please,emergency
someone at door pls,emergency
someone door please,emergency
someone at door pleez,emergency
6 am wake up karanna,wake_up_call
6am wake up karanna,wake_up_call
book taxi for 8 am tomorrow please,concierge_taxi
book taxi for 8 am tomorrow pls,concierge_taxi
book taxi 8 am tomorrow please,concierge_taxi
could you bring extra pillows,pillow_request
could you bring extra pilos,pillow_request
couldyou bring extra pillows,pillow_request
could you bing extra pillows,pillow_request
handful of towels,towel_request
handful of towls,towel_request
handfulof towels,towel_request
room cleaning want,room_cleaning
room claning want,room_cleaning
roomcleaning want,room_cleaning
suspicious person,emergency
turn on the lamp,lighting_control
turnon the lamp,lighting_control
best places to visit in colombo,concierge_general
best places visit colombo,concierge_general
best placs to visit in colombo,concierge_general
bestplaces to visit in colombo,concierge_general
toothbrush please,toiletries_request
toothbrush pleez,toiletries_request
toothbrush pls,toiletries_request
send someone to clean,room_cleaning
send someone clean,room_cleaning
sendsomeone to clean,room_cleaning
i need an iron please,misc_request
i need an iron pleez,misc_request
i want an iron please,misc_request
need an iron please,misc_request
gluten-free options,food_order
medical emergency,emergency
medical emrgency,emergency
medical emergancy,emergency
could you address the noise from next door,noise_complaint
could you address noise from next door,noise_complaint
could u address the noise from next door,noise_complaint
bright lights,lighting_control
its two hot,temperature_control
itstwo hot,temperature_control
steam iron,misc_request
steamiron,misc_request
dinner,food_order
taxi in 10 minutes,concierge_taxi
taxi in 10 minuts,concierge_taxi
taxiin 10 minutes,concierge_taxi
very noisy no can you stop,noise_complaint
very nosy no can you stop,noise_complaint
verynoisy no can you stop,noise_complaint
very noisy no can u stop,noise_complaint
hypoallergenic pillows,pillow_request
hypoallergenic pilos,pillow_request
shirt pressing,laundry_service
shirtpressing,laundry_service
more blankets,blanket_request
moreblankets,blanket_request
wake me tomorrow at ate,wake_up_call
wake me tomorow at ate,wake_up_call
wake me tomorrow ate,wake_up_call
wakeme tomorrow at ate,wake_up_call
i can't get in my room,emergency
ican't get in my room,emergency
heat,temperature_control
taxi to shopping mall,concierge_taxi
taxito shopping mall,concierge_taxi
taxi to shoping mall,concierge_taxi
iwant ac,temperature_control
hairdryer ekak,misc_request
urgent,emergency
spa timings,concierge_general
key broken urgent,emergency
key broken ugent,emergency
keybroken urgent,emergency
i would like to change the temperature,temperature_control
i would like to change the temp,temperature_control
i would lik to change the temperature,temperature_control
i would like to change the temprature,temperature_control
too much sound,noise_complaint
too much sund,noise_complaint
toomuch sound,noise_complaint
hangers,misc_request
hand towels please,towel_request
hand towels pls,towel_request
hand towls please,towel_request
handtowels please,towel_request
flood in room,emergency
face towels needed,towel_request
face towls needed,towel_request
cotton swabs,toiletries_request
caesar salad,food_order
turn down the heat,temperature_control
turndown the heat,temperature_control
i would like to request a wake up call,wake_up_call
i would like request wake up call,wake_up_call
iwould like to request a wake up call,wake_up_call
i wud like to request a wake up call,wake_up_call
pool hours,concierge_general
i would like to request additional towels,towel_request
i would like to request addtional toels,towel_request
i would like request additional towels,towel_request
i need toothpaste,toiletries_request
i want toothpaste,toiletries_request
need toothpaste,toiletries_request
iron please,misc_request
ironplease,misc_request
iron pleas,misc_request
i want directions,concierge_general
iwant directions,concierge_general
i want directins,concierge_general
temple tour,concierge_general
bring two pillows,pillow_request
bring two pilos,pillow_request
bringtwo pillows,pillow_request
transport,concierge_taxi
extra pillows thiyanna,pillow_request
etra pillows thiyanna,pillow_request
extra pilos thiyanna,pillow_request
airport taxi,concierge_taxi
airporttaxi,concierge_taxi
white towels please,towel_request
white towls please,towel_request
white towels pleez,towel_request
whitetowels please,towel_request
very hot here,temperature_control
six towels please,towel_request
sixtowels please,towel_request
six towels pleas,towel_request
six towls please,towel_request
know cleaning please,do_not_disturb
know ceaning please,do_not_disturb
know cleaning pleas,do_not_disturb
too hot,temperature_control
next day wake up call,wake_up_call
nextday wake up call,wake_up_call
the neighbors are loud,noise_complaint
the neihbors are loud,noise_complaint
theneighbors are loud,noise_complaint
tomorrow morning,wake_up_call
restaurant menu,concierge_general
restaurantmenu,concierge_general
make it brighter,lighting_control
makeit brighter,lighting_control
need cleaning,room_cleaning
needcleaning,room_cleaning
i need a taxi please,concierge_taxi
i need a taxi pleez,concierge_taxi
need a taxi please,concierge_taxi
taxi to beach,concierge_taxi
taxi to beah,concierge_taxi
taxi to bach,concierge_taxi
cooler,temperature_control
i want eggs and toast,food_order
two blankets please,blanket_request
two blankets pls,blanket_request
two blankets pleas,blanket_request
wake me at 5:30 am,wake_up_call
wake me 5:30 am,wake_up_call
all lights off,lighting_control
all lighs off,lighting_control
alllights off,lighting_control
cab to restaurant,concierge_taxi
coat hangers please,misc_request
coat haners pease,misc_request
coat hangers pls,misc_request
coat hangers pleas,misc_request
safe won't lock,maintenance
i want to order food,food_order
i want order food,food_order
i want to oder food,food_order
room open karanna help,emergency
room open kaanna help,emergency
room open karana help,emergency
roomopen karanna help,emergency
fresh hand towels,towel_request
fresh hand towes,towel_request
freshhand towels,towel_request
fresh hand towls,towel_request
i need a razor,toiletries_request
i need razor,toiletries_request
ineed a razor,toiletries_request
clean my room in one hour,room_cleaning
clean my room one hour,room_cleaning
cleanmy room in one hour,room_cleaning
extend checkout,checkout_billing
very dark lights on,lighting_control
very dark ligts on,lighting_control
verydark lights on,lighting_control
very dark lights,lighting_control
call a taxi,concierge_taxi
could you please send toiletries,toiletries_request
culd you please send toiletris,toiletries_request
could you pls send toiletries,toiletries_request
could you pleez send toiletries,toiletries_request
light off karanna please,lighting_control
light off karanna pleas,lighting_control
light off karanna pleez,lighting_control
light off karanna pls,lighting_control
i want one pillow,pillow_request
i want one pilow,pillow_request
i want one pilo,pillow_request
iwant one pillow,pillow_request
too cold,temperature_control
toocold,temperature_control
five towels please,towel_request
fivetowels please,towel_request
five towels pleas,towel_request
i want privay,do_not_disturb
complete toiletries set,toiletries_request
completetoiletries set,toiletries_request
lost passport,emergency
desk lamp please,lighting_control
desk lamp pleas,lighting_control
desk lamp pleez,lighting_control
desklamp please,lighting_control
lights on karanna,lighting_control
lightson karanna,lighting_control
can send towels,towel_request
can send towls,towel_request
cansend towels,towel_request
large towels please,towel_request
large towels pleez,towel_request
large towls please,towel_request
largetowels please,towel_request
two wake up calls 7 and 7:30,wake_up_call
two wake up cals 7 and 7:30,wake_up_call
shampoo thiyanna,toiletries_request
currency exchange where,concierge_general
currency exchange whee,concierge_general
currencyexchange where,concierge_general
can i order lunch,food_order
i need a ride,concierge_taxi
i want a ride,concierge_taxi
i need ride,concierge_taxi
ineed a ride,concierge_taxi
room needs clean,room_cleaning
roomneeds clean,room_cleaning
room neds clan,room_cleaning
room needs cean,room_cleaning
board games,misc_request
i need my bill,checkout_billing
need my bill,checkout_billing
ineed my bill,checkout_billing
i want my bill,checkout_billing
help want urgent,emergency
helpwant urgent,emergency
increase the heat,temperature_control
increasethe heat,temperature_control
tissue box,toiletries_request
tissuebox,toiletries_request
fresh towels,towel_request
freshtowels,towel_request
checking out now,checkout_billing
cecking out now,checkout_billing
bring me towels please,towel_request
bring me towls please,towel_request
bring me towels pls,towel_request
bring towels please,towel_request
i need a wake up call,wake_up_call
ineed a wake up call,wake_up_call
all bathroom amenities please,toiletries_request
all bahroom amenities plase,toiletries_request
all bathroom amenities pleas,toiletries_request
someone at door,emergency
fix the sink please,maintenance
fix the sink pls,maintenance
fixthe sink please,maintenance
temperature 24 please,temperature_control
temprature 24 please,temperature_control
temperature 24 pleez,temperature_control
6 am exactly please,wake_up_call
6am exactly please,wake_up_call
6 am exactly pleas,wake_up_call
memory foam pillows,pillow_request
mmory foam pillows,pillow_request
memory foam pillws,pillow_request
prepare my bill please,checkout_billing
prepre my bill pease,checkout_billing
prepare my bill pleas,checkout_billing
prepare my bill pleez,checkout_billing
where's the restaurant,concierge_general
where's the retaurant,concierge_general
very dim lighting,lighting_control
book taxi to air port,concierge_taxi
booktaxi to air port,concierge_taxi
breakfast,food_order
where can i eat,concierge_general
whre can i eat,concierge_general
wherecan i eat,concierge_general
were can i eat,concierge_general
turn on bedside lamp,lighting_control
turn on bedsie lamp,lighting_control
turn bedside lamp,lighting_control
cold ah blanket thiyanna,blanket_request
cold ah banket thiyanna,blanket_request
coldah blanket thiyanna,blanket_request
i'm cold please,temperature_control
i'mcold please,temperature_control
i'm cold pls,temperature_control
i'm cold pleez,temperature_control
7 o'clock wake me,wake_up_call
breakfast time mokadda,concierge_general
breakfasttime mokadda,concierge_general
breakfast time mokada,concierge_general
club sandwich please,food_order
clubsandwich please,food_order
club sandwich pleez,food_order
club sandwich pls,food_order
extend my stay,checkout_billing
exend my stay,checkout_billing
lights please,lighting_control
lights pleez,lighting_control
lights pls,lighting_control
set temperature to 20 degrees,temperature_control
settemperature to 20 degrees,temperature_control
set temperature 20 degrees,temperature_control
tuk tuk,concierge_taxi
pillows,pillow_request
i want to do not disturb,do_not_disturb
i want do not disturb,do_not_disturb
i want to do not distrb,do_not_disturb
hot coffee,food_order
allergic reaction,emergency
allergicreaction,emergency
kindly clean my room no,room_cleaning
more bath towels,towel_request
morebath towels,towel_request
dental floss,toiletries_request
dentalfloss,toiletries_request
where is the gym,concierge_general
whre is the gym,concierge_general
digital invoice,checkout_billing
digitalinvoice,checkout_billing
extension cord,misc_request
extensioncord,misc_request
toilet won't flush properly,maintenance
toiet won't flush properly,maintenance
toiletwon't flush properly,maintenance
adapter,misc_request
i require housekeeping assistance,room_cleaning
i reqire hosekeeping assstance,room_cleaning
irequire housekeeping assistance,room_cleaning
ice bucket,misc_request
i need the maid,room_cleaning
need the maid,room_cleaning
i need maid,room_cleaning
i want the maid,room_cleaning
skip housekeeping please,do_not_disturb
skip housekeeping pleez,do_not_disturb
skiphousekeeping please,do_not_disturb
call ambulance,emergency
callambulance,emergency
i would like to report a maintenance issue,maintenance
i would like to report a maintance issue,maintenance
i would lik to report a maintenance issue,maintenance
i would like to report a maintenane isue,maintenance
warm blanket want no please,blanket_request
warm banket want no plese,blanket_request
warm blanket want no pleez,blanket_request
very hot no need ac,temperature_control
veryhot no need ac,temperature_control
warm blanket,blanket_request
warm blankit,blanket_request
clean towels please,towel_request
cean towels please,towel_request
clean towls please,towel_request
cleantowels please,towel_request
i want sum food,food_order
ride to galle,concierge_taxi
ride to glle,concierge_taxi
i need housekeeping,room_cleaning
ineed housekeeping,room_cleaning
need housekeeping,room_cleaning
cleaning,room_cleaning
deep clean my room,room_cleaning
deep cean my room,room_cleaning
deepclean my room,room_cleaning
children running,noise_complaint
pool location,concierge_general
tomorrow delivery please,laundry_service
tomorrow delivery pls,laundry_service
tomorrow delivry please,laundry_service
low sugar dessert,food_order
heating too high lower it please,temperature_control
heating too high lower it pleas,temperature_control
heating too high lower it pls,temperature_control
cool to 19 degrees,temperature_control
cool 19 degrees,temperature_control
coolto 19 degrees,temperature_control
locked out urgent,emergency
may i request temperature adjustment,temperature_control
may i request temp adjustment,temperature_control
may i request temprature adjustent,temperature_control
ice bucket send,misc_request
ice bucet send,misc_request
skip housekeeping,do_not_disturb
skiphousekeeping,do_not_disturb
could you bring ice and glasses,misc_request
could u bring ice and glasses,misc_request
cud you bring ice and glasses,misc_request
i need my bill please,checkout_billing
ineed my bill please,checkout_billing
i need my bill pleez,checkout_billing
need my bill please,checkout_billing
blanket ekak send please,blanket_request
blanketekak send please,blanket_request
blanket ekak send pleas,blanket_request
cold ah put heater,temperature_control
coldah put heater,temperature_control
make my bed please,room_cleaning
make my bed pls,room_cleaning
makemy bed please,room_cleaning
i need body lotion,toiletries_request
i need body loion,toiletries_request
i want body lotion,toiletries_request
need body lotion,toiletries_request
late checkout by 2 hours,checkout_billing
late chckout by 2 hours,checkout_billing
late checkout by 2 hors,checkout_billing
shampoo thiyanna please,toiletries_request
shampoo thiyanna pleez,toiletries_request
shampoo thiyanna pleas,toiletries_request
taxi early morning,concierge_taxi
taxiearly morning,concierge_taxi
halal meal,food_order
halalmeal,food_order
i need shower jell,toiletries_request
i want shower jell,toiletries_request
ineed shower jell,toiletries_request
urgent laundry,laundry_service
urgentlaundry,laundry_service
clean and organize my room,room_cleaning
cleanand organize my room,room_cleaning
lights thiyanna,lighting_control
lightsthiyanna,lighting_control
shampoo and conditioner,toiletries_request
shampooand conditioner,toiletries_request
blow dryer,misc_request
please send towels no,towel_request
pleasesend towels no,towel_request
please send towls no,towel_request
pleas send towels no,towel_request
bill,checkout_billing
could you please adjust the air conditioning,temperature_control
couldyou please adjust the air conditioning,temperature_control
could you pls adjust the air conditioning,temperature_control
cud you please adjust the air conditioning,temperature_control
toilet paper want,toiletries_request
toiletpaper want,toiletries_request
taxi,concierge_taxi
may i have restaurant recommendations,concierge_general
may i have restarant recommendations,concierge_general
can i get some towels,towel_request
can i get some towls,towel_request
i want more pillows,pillow_request
iwant more pillows,pillow_request
i want more pilos,pillow_request
i need shower gel,toiletries_request
need shower gel,toiletries_request
i want shower gel,toiletries_request
towels quickly send,towel_request
towls quickly send,towel_request
toels quicky send,towel_request
thorough cleaning needed,room_cleaning
thoroughcleaning needed,room_cleaning
please clean my room ah,room_cleaning
pleez clean my room ah,room_cleaning
pleas clean my room ah,room_cleaning
don't enter my room please,do_not_disturb
don'tenter my room please,do_not_disturb
don't enter my room pleez,do_not_disturb
warm blanket want no,blanket_request
warm blankit want no,blanket_request
help,emergency
towels,towel_request
sick,emergency
may i place a food order,food_order
mayi place a food order,food_order
may i place food order,food_order
vegan breakfast,food_order
iwant help,emergency
i need two towels please,towel_request
i need two towls please,towel_request
i need two towels pleez,towel_request
i need two towels pls,towel_request
buddhist temples nearby,concierge_general
buddhisttemples nearby,concierge_general
cab downtown,concierge_taxi
cabdowntown,concierge_taxi
soap ekak ona,toiletries_request
soapekak ona,toiletries_request
tree towels please,towel_request
tree towls pease,towel_request
tree towels pls,towel_request
tree towels pleez,towel_request
vegetarian food please,food_order
vegetarian food pleae,food_order
vegetarian food pls,food_order
ac kharab,maintenance
ackharab,maintenance
airport taxi book,concierge_taxi
airporttaxi book,concierge_taxi
towels need ah please,towel_request
towelsneed ah please,towel_request
towels need ah pleas,towel_request
towels need ah pleez,towel_request
fix the sink,maintenance
know hot water,maintenance
knowhot water,maintenance
cool to 19 degrees please,temperature_control
cool to 19 degrees pleas,temperature_control
cool to 19 degees please,temperature_control
cool 19 degrees please,temperature_control
small towels,towel_request
small towls,towel_request
bill ready karanna,checkout_billing
bill ready karana,checkout_billing
billready karanna,checkout_billing
toilet issue,maintenance
toiletissue,maintenance
a couple of towels,towel_request
a couple of towls,towel_request
a cuple of towels,towel_request
acouple of towels,towel_request
parking available,concierge_general
clean room in the evening,room_cleaning
cleanroom in the evening,room_cleaning
clean room evening,room_cleaning
pasta with sauce,food_order
pastawith sauce,food_order
privacy thiyanna please,do_not_disturb
privacy thiyanna plase,do_not_disturb
privacythiyanna please,do_not_disturb
privacy thiyanna pls,do_not_disturb
clean,room_cleaning
send a blanket,blanket_request
senda blanket,blanket_request
send a blankt,blanket_request
iron,misc_request
no cleaning,do_not_disturb
nocleaning,do_not_disturb
good restaurants thiyeda,concierge_general
good resaurants thiyeda,concierge_general
bottled water,food_order
bottledwater,food_order
one more night,checkout_billing
onemore night,checkout_billing
i need shampo,toiletries_request
need shampo,toiletries_request
i want shampo,toiletries_request
iced tea please,food_order
iced tea pleas,food_order
icedtea please,food_order
i need directions,concierge_general
need directions,concierge_general
i need drections,concierge_general
set alarm for quarter to 8 please,wake_up_call
set alarm quarter 8 please,wake_up_call
set alarm for quarter to 8 pleae,wake_up_call
express laundry,laundry_service
expresslaundry,laundry_service
i need more pillows,pillow_request
ineed more pillows,pillow_request
i need more pillos,pillow_request
need more pillows,pillow_request
make it cooler please,temperature_control
make it cooler plase,temperature_control
make it cooler pls,temperature_control
ice and glasses,misc_request
cold please,temperature_control
cold pls,temperature_control
coldplease,temperature_control
directions,concierge_general
no spicy food,food_order
nospicy food,food_order
no spcy food,food_order
room dirty,room_cleaning
could you send maintenance staff,maintenance
could you send mainenance saff,maintenance
could you send maintance staff,maintenance
cud you send maintenance staff,maintenance
water leaking everywhere,maintenance
water leaking evrywhere,maintenance
waer leaking everywhere,maintenance
hand wash needed please,laundry_service
hand wash needed pls,laundry_service
hand wash needed pleas,laundry_service
no service today,do_not_disturb
noservice today,do_not_disturb
no servis today,do_not_disturb
wifi very slow,maintenance
cappuccino,food_order
can i get lunch,food_order
cani get lunch,food_order
just one shirt press,laundry_service
just one shit press,laundry_service
just one shirt prss,laundry_service
justone shirt press,laundry_service
i would like to order from room service,food_order
i wold like to ordr from room service,food_order
i would like to order from room servic,food_order
i would like order from room service,food_order
privacy want please,do_not_disturb
privacywant please,do_not_disturb
privacy want pleas,do_not_disturb
privacy want pleez,do_not_disturb
dinner at 7pm,food_order
dinnr at 7pm,food_order
something is broken,maintenance
i need the maid please,room_cleaning
ineed the maid please,room_cleaning
need the maid please,room_cleaning
tea,food_order
i need another blanket please,blanket_request
i need another blanket pleez,blanket_request
need another blanket please,blanket_request
i need one towel,towel_request
i want one towel,towel_request
need one towel,towel_request
ineed one towel,towel_request
plumbing problem,maintenance
plumbingproblem,maintenance
several blankets,blanket_request
severalblankets,blanket_request
local market where please,concierge_general
local maret where please,concierge_general
local market where pleas,concierge_general
loal maret where please,concierge_general
could you provide tourist information,concierge_general
could u provide tourist information,concierge_general
cold you provide tourist information,concierge_general
may i have more towels,towel_request
may i have more towls,towel_request
mayi have more towels,towel_request
express laundry please,laundry_service
express laundry pleas,laundry_service
expresslaundry please,laundry_service
express laundry pleez,laundry_service
bring shampoo please,toiletries_request
bringshampoo please,toiletries_request
bring shampoo pleez,toiletries_request
brng shampoo please,toiletries_request
things to do,concierge_general
thingsto do,concierge_general
sigiriya day trip,concierge_general
soap ekak ona please,toiletries_request
soap ekak ona pleas,toiletries_request
soap ekak ona pls,toiletries_request
leaking,maintenance
grilled fish,food_order
grilledfish,food_order
iwant soap,toiletries_request
i need too towers,towel_request
need too towers,towel_request
ineed too towers,towel_request
checkout karanna ona,checkout_billing
chckout karanna ona,checkout_billing
espresso,food_order
ride needed,concierge_taxi
rideneeded,concierge_taxi
make room cooler,temperature_control
makeroom cooler,temperature_control
i would like to request housekeeping service,room_cleaning
iwould like to request housekeeping service,room_cleaning
i wud like to request housekeeping service,room_cleaning
i wold like to requet housekeeping service,room_cleaning
tidy room,room_cleaning
tidyroom,room_cleaning
extra pillows thiyanna please,pillow_request
extra pillows thiyanna pleas,pillow_request
extrapillows thiyanna please,pillow_request
extra pillows thiyanna pls,pillow_request
don't enter my room,do_not_disturb
don'tenter my room,do_not_disturb
don't ener my room,do_not_disturb
don't eter my room,do_not_disturb
fresh towels want no,towel_request
freshtowels want no,towel_request
i need two towels,towel_request
i want two towels,towel_request
ineed two towels,towel_request
need two towels,towel_request
hairdryer please,misc_request
hairdryerplease,misc_request
hairdryer pleez,misc_request
too paste please,toiletries_request
toopaste please,toiletries_request
too paste pleez,toiletries_request
turn off ceiling light,lighting_control
turnoff ceiling light,lighting_control
stay one more night,checkout_billing
stayone more night,checkout_billing
bathroom stuff,toiletries_request
menu,food_order
extra pillows please,pillow_request
extra pillows pleez,pillow_request
extra pilos please,pillow_request
neighbors loud music please,noise_complaint
neighborsloud music please,noise_complaint
neighbos loud music please,noise_complaint
neighbors loud music pleas,noise_complaint
bring me some towers,towel_request
brng me some towers,towel_request
bringme some towers,towel_request
get me some towers,towel_request
need towels,towel_request
needtowels,towel_request
shaving cream,toiletries_request
shavingcream,toiletries_request
urgent repair needed,maintenance
may i have restaurant recommendations please,concierge_general
may i have resturant recommendatins please,concierge_general
mayi have restaurant recommendations please,concierge_general
may i have restaurant recommendations pls,concierge_general
all bathroom amenities,toiletries_request
allbathroom amenities,toiletries_request
all bathroom amenitis,toiletries_request
iwant shower jell,toiletries_request
i want showr jell,toiletries_request
could i get some towels,towel_request
could i get some towls,towel_request
i need more towels please,towel_request
i need more towels pleas,towel_request
ineed more towels please,towel_request
i need more towels pleez,towel_request
adjust the temperature,temperature_control
adjustthe temperature,temperature_control
adjust the temperatue,temperature_control
i need a doctor please,emergency
i need doctor please,emergency
ineed a doctor please,emergency
i need a doctor pleez,emergency
i'd like housekeeping service,room_cleaning
i'd like housekeeping servie,room_cleaning
i'd like housekeeping servis,room_cleaning
hairdryer,misc_request
late night snack,food_order
late night snak,food_order
latenight snack,food_order
i need sum food,food_order
ineed sum food,food_order
need sum food,food_order
maid,room_cleaning
dry clean,laundry_service
dryclean,laundry_service
three wheeler,concierge_taxi
i want extra pillows,pillow_request
i want etra pillows,pillow_request
i want extra pilos,pillow_request
i need conditioner,toiletries_request
i need condiioner,toiletries_request
ineed conditioner,toiletries_request
what time is breakfast please,concierge_general
what time is breakfat please,concierge_general
whattime is breakfast please,concierge_general
what time is breakfast pls,concierge_general
i'm starving please,food_order
i'm starving pls,food_order
i'm sarving please,food_order
hand sanitizer please,toiletries_request
hand sanitizer pleez,toiletries_request
hand sanitizer pleas,toiletries_request
one more night please,checkout_billing
onemore night please,checkout_billing
one more niht please,checkout_billing
taxi to train station,concierge_taxi
taxito train station,concierge_taxi
taxi to tain station,concierge_taxi
lights thiyanna please,lighting_control
lights thiyanna pleas,lighting_control
lights thiyanna pls,lighting_control
my room is messy,room_cleaning
tea please,food_order
tea pleez,food_order
tea pls,food_order
lunch for two,food_order
clean my room and change sheets,room_cleaning
cleanmy room and change sheets,room_cleaning
i want body loton,toiletries_request
iwant body lotion,toiletries_request
hungry,food_order
leaking please,maintenance
leakingplease,maintenance
leaking pleas,maintenance
leaking pls,maintenance
press my clothes please,laundry_service
pres my cloths please,laundry_service
press my clothes pls,laundry_service
tv remote not responding,maintenance
tv remote not rsponding,maintenance
tv remte not responding,maintenance
i need directions please,concierge_general
i need directions pls,concierge_general
i need directions pleas,concierge_general
need directions please,concierge_general
could u arrange transportation,concierge_taxi
could u arange transportation,concierge_taxi
could u arrange transportaton,concierge_taxi
could arrange transportation,concierge_taxi
could arrange transport,concierge_taxi
could arange transportation,concierge_taxi
cud you arrange transport,concierge_taxi
cud you arange transporttion,concierge_taxi
canu quiet them down,noise_complaint
can quiet them down,noise_complaint
could you quiet them down,noise_complaint
could u quiet them down,noise_complaint
couldyou quiet them down,noise_complaint
skipservic,do_not_disturb
hangers few,misc_request
i would like to adjust the,lighting_control
i would like adjust,lighting_control
i would lik to adjust the,lighting_control
i wud like to adjust the,lighting_control
i like to adjust the lighting,lighting_control
i like adjust lighting,lighting_control
i wud like adjust lighting,lighting_control
iwud like to adjust the lighting,lighting_control
i wud like to adjust the lihting,lighting_control
quiet karanna,noise_complaint
quiet karanna pleas,noise_complaint
quietkaranna pleas,noise_complaint
bring me,pillow_request
get me,pillow_request
bringme,pillow_request
bringpillows,pillow_request
get me pillows,pillow_request
get me pilos,pillow_request
getme pillows,pillow_request
turn off,lighting_control
turnoff,lighting_control
switch off lights,lighting_control
swtch off lights,lighting_control
can i get,misc_request
can get ice,misc_request
canget ice,misc_request
laundry servic want,laundry_service
laundryservic want,laundry_service
door lock,maintenance
wake me at half past,wake_up_call
wakeme at half past,wake_up_call
send up some towls,towel_request
sendup some towls,towel_request
send up some,towel_request
sendup some,towel_request
may i request room cleaning,room_cleaning
mayi request room cleaning,room_cleaning
may request room cleaning service,room_cleaning
may request room cleaning servic,room_cleaning
may request room cleaning servis,room_cleaning
very no need ac please,temperature_control
very no need ac pleas,temperature_control
very no need ac pleez,temperature_control
veryno need ac please,temperature_control
very hot no need ac pls,temperature_control
veryhot no need ac pls,temperature_control
veryhot no need ac pleas,temperature_control
turn on the,lighting_control
turn the,lighting_control
switch on the lamb,lighting_control
swtch on the lamb,lighting_control
sick feeling,emergency
housekeeping pleas,room_cleaning
switch off the lamb,lighting_control
switchoff the lamb,lighting_control
turn off the,lighting_control
turnoff the,lighting_control
quiet pls,noise_complaint
chest pain,emergency
chestpain,emergency
can get body wash,toiletries_request
can i get body,toiletries_request
pool location pls,concierge_general
i a wake up call,wake_up_call
ia wake up call,wake_up_call
i want a wake up,wake_up_call
i want wake up,wake_up_call
iwant a wake up,wake_up_call
don't my room,do_not_disturb
don'tmy room,do_not_disturb
don't clean my,do_not_disturb
don'tclean my,do_not_disturb
couple of,pillow_request
coupleof,pillow_request
may i file a noise,noise_complaint
mayi file a noise,noise_complaint
may i file noise,noise_complaint
may file a noise complaint,noise_complaint
may file a nise complaint,noise_complaint
may file noise complaint,noise_complaint
may file a noise cmplaint,noise_complaint
wake call want 8 am,wake_up_call
wakecall want 8 am,wake_up_call
wake up call want 8,wake_up_call
turn the lamp,lighting_control
the tap is leaking pleas,maintenance
the tap is leaking plas,maintenance
thetap is leaking pleas,maintenance
the is leaking please,maintenance
theis leaking please,maintenance
the is leaking pleas,maintenance
the tap is leaking pls,maintenance
the tap is leakng pls,maintenance
thetap is leaking pls,maintenance
i want my room,room_cleaning
iwant my room,room_cleaning
i my room cleaned,room_cleaning
i my room claned,room_cleaning
i my room cleaed,room_cleaning
book to air port please,concierge_taxi
bookto air port please,concierge_taxi
book to air port pleez,concierge_taxi
book to air port pls,concierge_taxi
book taxi to air port pls,concierge_taxi
book taxi air port pls,concierge_taxi
i would like to request additional,pillow_request
i would like request additional,pillow_request
iwould like to request additional,pillow_request
i would lik to request additional pillows,pillow_request
i wuld lik to requst additional pillows,pillow_request
i would lik to request additional pillws,pillow_request
i would like to reuest additional pilos,pillow_request
i wud like to request additional pilos,pillow_request
i like to request additional pillows,pillow_request
i like request additional pillows,pillow_request
ilike to request additional pillows,pillow_request
i like to request additional pilos,pillow_request
room srvic menu,food_order
plumbing problem pls,maintenance
plmbing prblem pls,maintenance
extendtwo days,checkout_billing
i want firm pillows,pillow_request
iwant firm pillows,pillow_request
i firm pillows,pillow_request
ifirm pillows,pillow_request
need firm pillows,pillow_request
needfirm pillows,pillow_request
can i get ice pleas,misc_request
can get ice please,misc_request
can get ice pls,misc_request
can get ice pleas,misc_request
can get some tolls,towel_request
canget some tolls,towel_request
checkout pleas,checkout_billing
check out,checkout_billing
no houskeeping this morning pleas,do_not_disturb
nohousekeeping this morning pleas,do_not_disturb
no this morning please,do_not_disturb
no this morning pls,do_not_disturb
nothis morning please,do_not_disturb
no housekeeping this morning pls,do_not_disturb
can get an extra blanket,blanket_request
can get an extra blankit,blanket_request
canget an extra blanket,blanket_request
can get extra blanket,blanket_request
can i get an extra,blanket_request
cani get an extra,blanket_request
can i get an etra,blanket_request
may request late checkout,checkout_billing
may reqest late checkout,checkout_billing
clean tomorrow morning,room_cleaning
clean tomorrow mrning,room_cleaning
wake up at 7,wake_up_call
wakeup at 7,wake_up_call
wake up 7,wake_up_call
could prepare my final bill,checkout_billing
couldprepare my final bill,checkout_billing
could prepae my fnal bill,checkout_billing
culd prepare my finl bill,checkout_billing
cud you preare my final bill,checkout_billing
could you prepare my final,checkout_billing
could you prepare my fnal,checkout_billing
cud you prepare my final,checkout_billing
could u prepare my final,checkout_billing
extratowls,towel_request
i need,toiletries_request
ineed,toiletries_request
need,toiletries_request
i want,toiletries_request
i lost my,emergency
send up,pillow_request
i the receipt,checkout_billing
i the rceipt,checkout_billing
need the receipt,checkout_billing
need the recept,checkout_billing
need the reeipt,checkout_billing
needthe receipt,checkout_billing
i need the,checkout_billing
i want the,checkout_billing
need the,checkout_billing
i need laundry,laundry_service
need laundry,laundry_service
i need lundry,laundry_service
i need laundry seric,laundry_service
need laundry servic,laundry_service
clean room and make,room_cleaning
could you pleas turn on the lights,lighting_control
could u pleas turn on the lights,lighting_control
could you pleas turn the lights,lighting_control
could you pls turn on the lights,lighting_control
coud you pls turn on the ligts,lighting_control
could you pls turn lights,lighting_control
could you pls turnon the lights,lighting_control
could you please turn the lights,lighting_control
could u please turn the lights,lighting_control
could you pls turn the lights,lighting_control
cud you please turn on the lights,lighting_control
cud you plase turn on the lights,lighting_control
cud you please turnon the lights,lighting_control
cud you pleez turn on the lights,lighting_control
call a cab,concierge_taxi
calla cab,concierge_taxi
i want house keeping,room_cleaning
iwant house keeping,room_cleaning
i need house,room_cleaning
need house,room_cleaning
ineed house,room_cleaning
i want house,room_cleaning
i house keeping,room_cleaning
ihouse keeping,room_cleaning
get a car,concierge_taxi
get me a,concierge_taxi
privacy whole day,do_not_disturb
privacywhole day,do_not_disturb
privacy whle day,do_not_disturb
where is galle,concierge_general
whereis galle,concierge_general
the is broken,maintenance
theis broken,maintenance
three soft,pillow_request
threesoft,pillow_request
warm up the,temperature_control
warmup the,temperature_control
shopping malls,concierge_general
air making noise,maintenance
air makng noise,maintenance
air conditioner making,maintenance
airconditioner making,maintenance
could you clean the room,room_cleaning
could you clean room,room_cleaning
could u clean the room,room_cleaning
can u clean the room,room_cleaning
can u cean the room,room_cleaning
canu clean the room,room_cleaning
can clean the room,room_cleaning
canclean the room,room_cleaning
can cean the room,room_cleaning
get me a blanket,blanket_request
get me blanket,blanket_request
getme a blanket,blanket_request
bring me a,blanket_request
brig me a,blanket_request
bringme a,blanket_request
toilet and tissues,toiletries_request
toiletand tissues,toiletries_request
next loud ah,noise_complaint
nextloud ah,noise_complaint
can i order,food_order
can order breakfast,food_order
i'm checking,checkout_billing
cleanroom fast fast,room_cleaning
clean the room fast,room_cleaning
cleanthe room fast,room_cleaning
clan the room fast,room_cleaning
clean room fast,room_cleaning
tomorrow morning 6 am,wake_up_call
tomorrowmorning 6 am,wake_up_call
tomorow morning 6 am,wake_up_call
cud you brng extra bedding,blanket_request
cudyou bring extra bedding,blanket_request
could bring extra bedding,blanket_request
couldbring extra bedding,blanket_request
could you bring extra,blanket_request
cud you bring extra,blanket_request
couldyou bring extra,blanket_request
call at 6:15,wake_up_call
laundry pickup,laundry_service
laundrypickup,laundry_service
two more pilos,pillow_request
two more pils,pillow_request
twomore pilos,pillow_request
two more,pillow_request
twomore,pillow_request
cleaning want,room_cleaning
cleaningwant,room_cleaning
i want laundry,laundry_service
i want laundy,laundry_service
iwant laundry servic,laundry_service
i want laundry servc,laundry_service
i laundry service,laundry_service
i laundry srvice,laundry_service
i laundry servis,laundry_service
do not,do_not_disturb
donot,do_not_disturb
iwant transport,concierge_taxi
i want transort,concierge_taxi
needtransport,concierge_taxi
when the pool close,concierge_general
whenthe pool close,concierge_general
when pool close,concierge_general
no this morning,do_not_disturb
nothis morning,do_not_disturb
getme a burger and fries,food_order
get me a burer and fries,food_order
bring me a burger and,food_order
bring me burger and,food_order
get me a burger and,food_order
bringme a burger and,food_order
bring a burger and fries,food_order
brig a burger and fries,food_order
bring burger and fries,food_order
i toilet paper,toiletries_request
itoilet paper,toiletries_request
iwant toilet paper,toiletries_request
i want toiet pper,toiletries_request
i need toilet,toiletries_request
ineed toilet,toiletries_request
need toilet,toiletries_request
checkout ona please,checkout_billing
checkout ona pls,checkout_billing
checkout ona pleas,checkout_billing
checkout karanna ona pleas,checkout_billing
checkout kaanna ona pleas,checkout_billing
checkoutkaranna ona pleas,checkout_billing
checkoutkaranna ona pls,checkout_billing
checkot karanna ona pls,checkout_billing
light not,maintenance
lightnot,maintenance
tv is,maintenance
iron and ironing,misc_request
ironand ironing,misc_request
make it,temperature_control
its too,noise_complaint
can get shampoo,toiletries_request
can get sampoo,toiletries_request
canget shampoo,toiletries_request
can send,food_order
cansend,food_order
three or four towls,towel_request
threeor four towls,towel_request
three or four,towel_request
some extra,towel_request
someextra,towel_request
soap pleas,toiletries_request
dim the,lighting_control
dimthe,lighting_control
i would lik directions to locl atractions,concierge_general
iwould lik directions to local attractions,concierge_general
i would like directions to local,concierge_general
iwould like directions to local,concierge_general
i wuld like directions to local,concierge_general
i would lik directions to local,concierge_general
i like directions to local attractions,concierge_general
i like directions to local attracions,concierge_general
ilike directions to local attractions,concierge_general
dinner ona please,food_order
dinner ona plese,food_order
dinner ona pls,food_order
dinnerekak ona pls,food_order
dinner ekak ona pleas,food_order
dinnerekak ona pleas,food_order
i want to,towel_request
i want towls,towel_request
i want to twls,towel_request
people being loud,noise_complaint
people bing loud,noise_complaint
peoplebeing loud,noise_complaint
soft want ah,pillow_request
soft pillows want,pillow_request
softpillows want,pillow_request
soft pilos want,pillow_request
soft pilos want ah,pillow_request
soft pils want ah,pillow_request
wash and iron plas,laundry_service
washand iron pleas,laundry_service
wash iron please,laundry_service
washiron please,laundry_service
wash iron plese,laundry_service
washand iron pls,laundry_service
i can't sleep,noise_complaint
i can't slep,noise_complaint
ican't sleep,noise_complaint
turn off ceilig lght pleas,lighting_control
turn off ceiling lght pleas,lighting_control
turnoff ceiling light pleas,lighting_control
turnoff ceiling light pls,lighting_control
turn ceiling light pls,lighting_control
turn ceiling light please,lighting_control
turn ceiling light pease,lighting_control
turnceiling light please,lighting_control
turn ceiling light pleez,lighting_control
bring toilet,toiletries_request
rome service,food_order
rome servic,food_order
rome servis,food_order
romeservice,food_order
rome servic pleez,food_order
rome seric pease,food_order
rome service pleas,food_order
rome service ples,food_order
rome servis pleas,food_order
taxi to,concierge_taxi
full laundry,laundry_service
tempratureadjust karanna,temperature_control
could i order a,food_order
couldi order a,food_order
cold i order a,food_order
wake at seven,wake_up_call
wakeat seven,wake_up_call
wake me at,wake_up_call
its noisy please,noise_complaint
its noisy pls,noise_complaint
its noisy pleas,noise_complaint
itstoo noisy pleas,noise_complaint
few tols neded,towel_request
fewtowls needed,towel_request
tv not working send someone pls,maintenance
tv not woking send someone pls,maintenance
tv working send someone please,maintenance
tvworking send someone please,maintenance
tv workng send someoe please,maintenance
hand wash,laundry_service
what are the,concierge_general
what the attractions,concierge_general
what the attrctions,concierge_general
what the attractins,concierge_general
morning call pls,wake_up_call
mornng call pls,wake_up_call
heavy blankit pleas,blanket_request
heavy banket pleas,blanket_request
heavy blanket pls,blanket_request
heavy blankt pls,blanket_request
heavy banket pls,blanket_request
heavy blankit pls,blanket_request
i want more towls,towel_request
need more towls,towel_request
i more towels,towel_request
imore towels,towel_request
shower ekka,maintenance
showerekka,maintenance
full room cleaning pls,room_cleaning
fullroom cleaning pls,room_cleaning
full cleaning please,room_cleaning
full cleaning pleas,room_cleaning
full cleaning pleez,room_cleaning
full room cleaning pleas,room_cleaning
full room ceaning pleas,room_cleaning
get me diner,food_order
wake me at 7,wake_up_call
wakeme at 7,wake_up_call
air conditioned,concierge_taxi
heating high lower it,temperature_control
heating high lwer it,temperature_control
heating too high lower,temperature_control
heatingtoo high lower,temperature_control
hating too high lower,temperature_control
pickup laundry pls,laundry_service
pickuplaundry pls,laundry_service
pickuplaundry pleas,laundry_service
picup laundry pleas,laundry_service
pickup landry peas,laundry_service
razors pls,toiletries_request
ironing board pls,misc_request
ironing bard pls,misc_request
ironing board,misc_request
ironingboard,misc_request
i want another blanket,blanket_request
iwant another blanket,blanket_request
i want another blaket,blanket_request
i want another blankit,blanket_request
i need another,blanket_request
need another,blanket_request
i want another,blanket_request
i another blanket,blanket_request
ianother blanket,blanket_request
i another blankit,blanket_request
i need an,misc_request
ineed an,misc_request
i want an,misc_request
i an iron,misc_request
i want an iron,misc_request
iwant an iron,misc_request
needan iron,misc_request
cani get more pilos,pillow_request
can get more pillows,pillow_request
canget more pillows,pillow_request
could u send up the menu,food_order
culd u send up the menu,food_order
could u send up menu,food_order
coud u send up the menu,food_order
could you send up the,food_order
could you send up,food_order
cud you send up the,food_order
couldyou send up the,food_order
cudyou send up the menu,food_order
face wash pleas,toiletries_request
face wash pls,toiletries_request
facewash pls,toiletries_request
it's too,temperature_control
it'stoo,temperature_control
need soap and shmpoo,toiletries_request
needsoap and shampoo,toiletries_request
i soap and shampoo,toiletries_request
i wud like to request an additional blanket,blanket_request
iwud like to request an additional blanket,blanket_request
i wud like to request an additional blankit,blanket_request
i wud like to request an additioal blanket,blanket_request
i like to request an additional blanket,blanket_request
ilike to request an additional blanket,blanket_request
i like to request an additionl blanket,blanket_request
i would like to request an additional,blanket_request
i would lik to request an additional,blanket_request
7:45 wake up,wake_up_call
7:45wake up,wake_up_call
7:45 up call,wake_up_call
7:45up call,wake_up_call
what is breakfast,concierge_general
whatis breakfast,concierge_general
what time is,concierge_general
whattime is,concierge_general
iwant another pilo,pillow_request
cleanthe rome pls,room_cleaning
clen the rome pls,room_cleaning
clean the rome,room_cleaning
cleanthe rome,room_cleaning
cean the rome,room_cleaning
cleanthe rome pleas,room_cleaning
clean the rome ples,room_cleaning
towel ekak,towel_request
towelekak,towel_request
towl ekak,towel_request
towlekak ona,towel_request
could you pls call my room at 7 am,wake_up_call
cud you pls call my room at 7 am,wake_up_call
couldyou pls call my room at 7 am,wake_up_call
cud you please call my room at 7 am,wake_up_call
cudyou please call my room at 7 am,wake_up_call
cud you pleas call my room at 7 am,wake_up_call
could you pleas call my room 7 am,wake_up_call
couldyou pleas call my room at 7 am,wake_up_call
pleas send help immediately,emergency
ples send help imediately,emergency
pleas send help immeditely,emergency
please send help,emergency
pleasesend help,emergency
pleas send help,emergency
sameday servic,laundry_service
wash and,laundry_service
washand,laundry_service
pls make room clean,room_cleaning
plsmake room clean,room_cleaning
please make room,room_cleaning
pleez make room,room_cleaning
pls make room,room_cleaning
pleas make room,room_cleaning
please room clean,room_cleaning
pleez room clean,room_cleaning
please room clen,room_cleaning
could i get,misc_request
i'd like to,food_order
i'dlike to,food_order
two towels send,towel_request
two towls send,towel_request
two twels send,towel_request
twotowels send,towel_request
two three towels,towel_request
two tree towels,towel_request
two three towls,towel_request
morning 7 call,wake_up_call
morning7 call,wake_up_call
cold feeling need,temperature_control
cold feeing need,temperature_control
i a doctor,emergency
i need a,emergency
need a,emergency
ineed a,emergency
i want a doctor,emergency
iwant a doctor,emergency
i want doctor,emergency
no cleaning pleas,do_not_disturb
nocleaning pleas,do_not_disturb
nocleaning pls,do_not_disturb
no today please,do_not_disturb
no today pleae,do_not_disturb
no today pleez,do_not_disturb
no today pls,do_not_disturb
no servic today pleez,do_not_disturb
no servic today pls,do_not_disturb
no service today pleas,do_not_disturb
no servie today pleas,do_not_disturb
noservice today pleas,do_not_disturb
no servis today pleas,do_not_disturb
lower temperature,temperature_control
lowertemperature,temperature_control
lower temp,temperature_control
lower temprature pls,temperature_control
lower temp pls,temperature_control
lowertemperature pleas,temperature_control
lower temperatue plas,temperature_control
lower temp pleas,temperature_control
morning at 6,wake_up_call
moning at 6,wake_up_call
morningat 6,wake_up_call
night light pleas,lighting_control
nightlight pleas,lighting_control
niht light pleas,lighting_control
night light,lighting_control
for towels pleas,towel_request
fortowels pleas,towel_request
for towls pleas,towel_request
for towls pleez,towel_request
for towels pls,towel_request
for towls pls,towel_request
fortowels pls,towel_request
large car,concierge_taxi
largecar,concierge_taxi
morehangers pls,misc_request
more hangers,misc_request
morehangers,misc_request
i would like to check,checkout_billing
iwould like to check,checkout_billing
i would like to ceck,checkout_billing
i wud like check out,checkout_billing
i wud like to chek out,checkout_billing
i would lik check out,checkout_billing
need tourist information,concierge_general
need tourist iformation,concierge_general
need tourist informtion,concierge_general
i tourist information,concierge_general
itourist information,concierge_general
i need tourist,concierge_general
i want tourist,concierge_general
need tourist,concierge_general
ineed tourist,concierge_general
good seafood,concierge_general
dress karanna ona,laundry_service
dress karana ona,laundry_service
i get my room cleaned,room_cleaning
iget my room cleaned,room_cleaning
i get my room ceaned,room_cleaning
press my,laundry_service
3 am noise,noise_complaint
3 am noie,noise_complaint
3 noise complaint,noise_complaint
3 noie complaint,noise_complaint
3noise complaint,noise_complaint
don't in no,do_not_disturb
do't in no,do_not_disturb
don'tin no,do_not_disturb
i need shampoo pleas,toiletries_request
ineed shampoo pleas,toiletries_request
need shampoo pleas,toiletries_request
iwant shampoo please,toiletries_request
i want shampoo pleas,toiletries_request
i want shampoo pls,toiletries_request
i need shampoo pls,toiletries_request
need shampoo pls,toiletries_request
ineed shampoo pls,toiletries_request
i shampoo please,toiletries_request
ishampoo please,toiletries_request
i shampoo pleas,toiletries_request
i sampoo pleae,toiletries_request
i two tells,towel_request
itwo tells,towel_request
i need two,towel_request
ineed two,towel_request
i want two,towel_request
need two tells,towel_request
need two tlls,towel_request
needtwo tells,towel_request
need two tels,towel_request
toothbrush and toothpaste,toiletries_request
toothbrushand toothpaste,toiletries_request
toothbrush and toothpase pls,toiletries_request
toohbrush and tothpaste pleas,toiletries_request
toothbrush toothpaste please,toiletries_request
toothbrushtoothpaste please,toiletries_request
toothbrush toothpaste pleas,toiletries_request
fullbrightness pls,lighting_control
full brghtness pls,lighting_control
full brightness,lighting_control
fullbrightness,lighting_control
needfood,food_order
clean room later,room_cleaning
cleanroom later,room_cleaning
to more pilos,pillow_request
tomore pilos,pillow_request
to more,pillow_request
tomore,pillow_request
return by evening pls,laundry_service
rturn by evening pls,laundry_service
returnby evening pls,laundry_service
return by evening pleas,laundry_service
return by evenng peas,laundry_service
returnby evening pleas,laundry_service
more blankets pls,blanket_request
more blankits pls,blanket_request
tomorrow 8 am,wake_up_call
tomorrw 8 am,wake_up_call
tomorrow8 am,wake_up_call
towelspls,towel_request
towels pleas,towel_request
towls pleas,towel_request
could you please bring extra,towel_request
could you pleas bring extra,towel_request
cold you plese bring extra,towel_request
could you please bing exta,towel_request
could u please bring extra towls,towel_request
cud you please bring extra towls,towel_request
couldyou please bring extra towls,towel_request
could you pleas bring extra towels,towel_request
could u pleas bring extra towels,towel_request
cud you pleas bring extra towels,towel_request
can get toilet paper,toiletries_request
can get toilt paper,toiletries_request
need extra pilos,pillow_request
need extra pillows,pillow_request
needextra pillows,pillow_request
need exra pilows,pillow_request
bring an iron,misc_request
bringan iron,misc_request
getme an iron,misc_request
wake up at sex,wake_up_call
wakeup at sex,wake_up_call
turn ac and make it cold,temperature_control
turnac and make it cold,temperature_control
turn on ac and make it,temperature_control
turn ac and make it,temperature_control
i like to request laundry service,laundry_service
ilike to request laundry service,laundry_service
i like to request laundry servic,laundry_service
i would like to request laundry servic,laundry_service
i would like request laundry servic,laundry_service
i wud like to request laundry servic,laundry_service
i would lik to request laundry servic,laundry_service
i would like to request laundry,laundry_service
i would lik to request laundry,laundry_service
i would like request laundry,laundry_service
i wud like to request laundry,laundry_service
bathroom light,lighting_control
i my room clean,room_cleaning
imy room clean,room_cleaning
i my room cean,room_cleaning
must room today itself,room_cleaning
must room today itelf,room_cleaning
must clean room today,room_cleaning
mustclean room today,room_cleaning
i want a blanket,blanket_request
i want a blankt,blanket_request
i want blanket,blanket_request
needa blanket,blanket_request
need a blanet,blanket_request
where gym no,concierge_general
i a razor,toiletries_request
i a rzor,toiletries_request
ia razor,toiletries_request
i want a,toiletries_request
arrange a,concierge_taxi
range a,concierge_taxi
arange a,concierge_taxi
arange a taxi,concierge_taxi
arangea taxi,concierge_taxi
arnge a taxi,concierge_taxi
i need fresh,towel_request
i need freh,towel_request
i want fresh,towel_request
need fresh towels,towel_request
needfresh towels,towel_request
i need fresh twls,towel_request
need fresh towls,towel_request
i want fresh towls,towel_request
need one pillow,pillow_request
needone pillow,pillow_request
need one pilo,pillow_request
i one pillow,pillow_request
i one pilow,pillow_request
ione pillow,pillow_request
i one pilo,pillow_request
i need one,pillow_request
ineed one,pillow_request
need one,pillow_request
can someone clean my,room_cleaning
cansomeone clean my,room_cleaning
i'm need a blanket,blanket_request
i'mneed a blanket,blanket_request
i'm need blanket,blanket_request
can clean the rome,room_cleaning
can clean rome,room_cleaning
could you clean the rome,room_cleaning
could u clean the rome,room_cleaning
cud you clean the rome,room_cleaning
could you clean rome,room_cleaning
canu clean the rome,room_cleaning
i like to report a noise disturbance,noise_complaint
i like to report a noise distrbance,noise_complaint
ilike to report a noise disturbance,noise_complaint
i like report noise disturbance,noise_complaint
i would lik report noise disturbance,noise_complaint
i wold lik to report a noie disturbance,noise_complaint
i would like to report a noise,noise_complaint
i would like report noise,noise_complaint
i wuld like to report a noise,noise_complaint
i wud like to report a nose disturbace,noise_complaint
i wud like report noise disturbance,noise_complaint
can i checkout,checkout_billing
cani checkout,checkout_billing
can checkout late,checkout_billing
hungry no can u send food,food_order
hugry no can u send food,food_order
hungy no can u send food,food_order
hungry can you send food,food_order
hungry can u send food,food_order
hunry can you send food,food_order
hungry no can you send,food_order
hungry no can u send,food_order
hungry no canu send,food_order
hungry no could you send food,food_order
hungry no could u send food,food_order
hungryno could you send food,food_order
hngry no could you send food,food_order
may i request urgent repair,maintenance
may i reuest urgent repair,maintenance
mayi request urgent repair,maintenance
may i request urgent rpair servic,maintenance
mayi request urgent repair servic,maintenance
temprature,temperature_control
business center,concierge_general
businesscenter,concierge_general
turn the lights,lighting_control
turnthe lights,lighting_control
switch on the lights,lighting_control
switchon the lights,lighting_control
two three,pillow_request
twothree,pillow_request
two thee pilos,pillow_request
twothree pilos,pillow_request
bathroom items,toiletries_request
may have additional hangers,misc_request
may have additional hanges,misc_request
i to get my room cleaned,room_cleaning
ito get my room cleaned,room_cleaning
i want to get my room,room_cleaning
i want get my room,room_cleaning
may request brighter lighting,lighting_control
mayrequest brighter lighting,lighting_control
may requst brighter lighting,lighting_control
may rquest brightr lighing,lighting_control
may i request brighter,lighting_control
may i request brigter,lighting_control
mayi request brighter,lighting_control
conference room,concierge_general
conferenceroom,concierge_general
pick up laundry,laundry_service
pick up launry,laundry_service
pick up lundry pls,laundry_service
pick laundry please,laundry_service
pick laundry pease,laundry_service
pick laundry pleas,laundry_service
pick laundry pls,laundry_service
pick up laundy pleas,laundry_service
pick up laundry peas,laundry_service
need a hairdryer,misc_request
need a haidryer,misc_request
i a hairdryer,misc_request
ia hairdryer,misc_request
could arrange laundry pickup,laundry_service
could arange laundry pickup,laundry_service
cold arrange landry pickup,laundry_service
cud you arrange laundry pickup,laundry_service
cud you arange laundry pickup,laundry_service
cud you arrange laudry pickup,laundry_service
could you arrange laundry,laundry_service
could you range laundry,laundry_service
could you arange laundry,laundry_service
cud you arrange laundry,laundry_service
freshtowls want no please,towel_request
fresh towls want no pleez,towel_request
fresh want no please,towel_request
fresh want no pleez,towel_request
fresh want no pleas,towel_request
fresh towels want no pleas,towel_request
fresh towls want no pleas,towel_request
freshtowels want no pleas,towel_request
freh towels want no pleas,towel_request
please my room,room_cleaning
pleasemy room,room_cleaning
pease my room,room_cleaning
pleas my room,room_cleaning
pls clean my room,room_cleaning
plsclean my room,room_cleaning
pleasclean my room,room_cleaning
pick up laundry at 10,laundry_service
pick up laudry at 10,laundry_service
pick up laundry 10,laundry_service
pickup laundry at 10,laundry_service
key not working,emergency
this is an emergency,emergency
this is an emrgency,emergency
this is emergency,emergency
this is an emergancy situation,emergency
this is emergancy situation,emergency
this is an emergncy situation,emergency
this an emergency situation,emergency
thisan emergency situation,emergency
this emergency situation,emergency
this an emergancy situation,emergency
need ac,temperature_control
needac,temperature_control
i can't sleep noise pls,noise_complaint
i ca't sleep noise pls,noise_complaint
ican't sleep noise pls,noise_complaint
i sleep noise please,noise_complaint
i sleep noie plese,noise_complaint
i sleep noise pleez,noise_complaint
i sleep noise pleas,noise_complaint
i would lik book taxi,concierge_taxi
iwould lik to book a taxi,concierge_taxi
i would like to book a,concierge_taxi
i would lik to book a,concierge_taxi
i wuld like to book a,concierge_taxi
i like to book a taxi,concierge_taxi
i like book taxi,concierge_taxi
set alarm for 8,wake_up_call
set alarm 8,wake_up_call
needtwo brush,toiletries_request
need two bush,toiletries_request
i two brush,toiletries_request
i two brsh,toiletries_request
i want two brush,toiletries_request
iwant two brush,toiletries_request
i would lik privacy please,do_not_disturb
i would lik privacy pleas,do_not_disturb
i would lik privacy pls,do_not_disturb
i would like privacy pleas,do_not_disturb
i woud like privacy plas,do_not_disturb
i would like privacy plas,do_not_disturb
iwould like privacy pleas,do_not_disturb
i would like privacy pls,do_not_disturb
i wuld like privacy pls,do_not_disturb
i wud like privacy please,do_not_disturb
i wud like privacy pleez,do_not_disturb
i wud like privacy pls,do_not_disturb
needa taxi,concierge_taxi
iwant a taxi,concierge_taxi
i want taxi,concierge_taxi
i a taxi,concierge_taxi
ia taxi,concierge_taxi
tv too high,noise_complaint
tvtoo high,noise_complaint
donot disturb pls,do_not_disturb
do disturb please,do_not_disturb
do disturb pls,do_not_disturb
do disturb pleez,do_not_disturb
do not disturb plas,do_not_disturb
donot disturb pleas,do_not_disturb
leave me,do_not_disturb
leaveme,do_not_disturb
another day pleas,checkout_billing
another day ples,checkout_billing
no in room,maintenance
toilet paper finish,toiletries_request
toiletpaper finish,toiletries_request
toiet paper finish,toiletries_request
i like to request an iron,misc_request
ilike to request an iron,misc_request
i wud like request iron,misc_request
i would lik to request an iron,misc_request
iwould lik to request an iron,misc_request
i would lik request iron,misc_request
i would like to request an,misc_request
i wud like to request an,misc_request
iwould like to request an,misc_request
i would like request,misc_request
i want a toothbrush,toiletries_request
iwant a toothbrush,toiletries_request
turn on,temperature_control
turnon,temperature_control
turn,temperature_control
turnac,temperature_control
switch on ac,temperature_control
swich on ac,temperature_control
swith on ac,temperature_control
full bag please,laundry_service
full bag pls,laundry_service
full bag pleas,laundry_service
full bag pleez,laundry_service
full laundy bag pls,laundry_service
full laundry bag pleas,laundry_service
full laudry bag pleas,laundry_service
full laundry bag peas,laundry_service
several towels,towel_request
several towls,towel_request
several towls please,towel_request
severaltowls please,towel_request
several towls pleas,towel_request
several towls pls,towel_request
severaltowels pleas,towel_request
several towels peas,towel_request
several towels pls,towel_request
sevral towels pls,towel_request
extrafirm pilos,pillow_request
extra firm,pillow_request
extrafirm,pillow_request
four towels pleas,towel_request
fourtowels pleas,towel_request
four towls peas,towel_request
four towls pleas,towel_request
four towels,towel_request
fourtowels,towel_request
four towls,towel_request
fourtowels pls,towel_request
four towls pls,towel_request
four towls please,towel_request
four towls pleez,towel_request
wake me,wake_up_call
wakeme,wake_up_call
don't come in no pleas,do_not_disturb
don'tcome in no pleas,do_not_disturb
dn't come in no pleas,do_not_disturb
don't come no pleas,do_not_disturb
don't in no please,do_not_disturb
don't in no pleez,do_not_disturb
don't in no plese,do_not_disturb
don't in no pleas,do_not_disturb
set ac to,temperature_control
setac to,temperature_control
i need another pilo,pillow_request
i need anoher pilo,pillow_request
need another pilo,pillow_request
needanother pillow,pillow_request
mayi request no housekeeping servic today,do_not_disturb
may i request no housekeeping servic tody,do_not_disturb
may i request no housekeeping service,do_not_disturb
may i request no housekeeping sevice,do_not_disturb
may i requet no housekeeping service,do_not_disturb
get me pizza,food_order
pickme pls,concierge_taxi
cani get toothpaste pls,toiletries_request
can i get toothpaste pleas,toiletries_request
taxi pleas,concierge_taxi
late night,noise_complaint
i a hair dryer,misc_request
ia hair dryer,misc_request
i hair dryer,misc_request
i want a hair dryr,misc_request
i want hair dryer,misc_request
i want a hair drer,misc_request
need a hair dryer,misc_request
need hair dryer,misc_request
needa hair dryer,misc_request
plssend soap ah,toiletries_request
please send soap,toiletries_request
pleas send soap,toiletries_request
pleasesend soap,toiletries_request
please soap ah,toiletries_request
pleas soap ah,toiletries_request
pls soap ah,toiletries_request
pleasesoap ah,toiletries_request
may have my clothes pressed,laundry_service
may have my clothes presed,laundry_service
turndown the heat pleas,temperature_control
turn down heat pleas,temperature_control
turn down the heat pls,temperature_control
turndown the heat pls,temperature_control
turn down heat pls,temperature_control
bill pleas,checkout_billing
billpleas,checkout_billing
pillow ekak,pillow_request
pillowekak,pillow_request
noise at,noise_complaint
noiseat,noise_complaint
iwant tourist,concierge_general
book city,concierge_general
laundry want please,laundry_service
laundry want pleez,laundry_service
laundry want plese,laundry_service
laundry want pleas,laundry_service
laundry servic want please,laundry_service
laundry servic want pls,laundry_service
laundry servic want pleez,laundry_service
four firm,pillow_request
fourfirm,pillow_request
more pilos send no pls,pillow_request
more pllows send no pls,pillow_request
morepillows send no pleas,pillow_request
more pilows send no pleas,pillow_request
roomservice pls,food_order
room servis pls,food_order
room service pleas,food_order
roomservice pleas,food_order
room servic pleas,food_order
checkut 2 pm,checkout_billing
checkout at 2,checkout_billing
chckout at 2,checkout_billing
the is not working,maintenance
is not working,maintenance
theis not working,maintenance
the ac is not,maintenance
ac is not,maintenance
i a warm blanket,blanket_request
i a warm blankit,blanket_request
ia warm blanket,blanket_request
i want a warm,blanket_request
iwant a warm,blanket_request
i want warm,blanket_request
cud you mark this room do not dsturb,do_not_disturb
cudyou mark this room do not disturb,do_not_disturb
could mark this room do not disturb,do_not_disturb
could mark this room do not disurb,do_not_disturb
couldmark this room do not disturb,do_not_disturb
could u mark this room do not disturb,do_not_disturb
couldu mark this room do not disturb,do_not_disturb
acfast fast,temperature_control
ac fast on,temperature_control
more send no,pillow_request
lightblanket pleas,blanket_request
lght banket plas,blanket_request
light blanket,blanket_request
lightblanket,blanket_request
may i have more,pillow_request
mayi have more,pillow_request
mayi have more pilos,pillow_request
could i get my,checkout_billing
couldi get my,checkout_billing
culd i get my,checkout_billing
the tap is,maintenance
thetap is,maintenance
wake me tomorrow at,wake_up_call
wake me tomorrow,wake_up_call
wake me tomorrw at,wake_up_call
someone my room,room_cleaning
somene my room,room_cleaning
get me soap,toiletries_request
getme soap,toiletries_request
ac is not working pleas,maintenance
the ac is not working peas,maintenance
the ac is not workig pleas,maintenance
ac is not working pls,maintenance
can i have,towel_request
can have towels,towel_request
canhave towels,towel_request
can have toels,towel_request
tv working send someone,maintenance
tv working send somene,maintenance
skip cleaning,do_not_disturb
skipcleaning,do_not_disturb
pool hours pleas,concierge_general
pool hors pleas,concierge_general
pool hours pls,concierge_general
may i request a cab to the,concierge_taxi
may i requet a cab to the,concierge_taxi
mayi request a cab to the,concierge_taxi
may request a cab to the airport,concierge_taxi
may requst a cab to the airport,concierge_taxi
may request cab airport,concierge_taxi
i clothes washed,laundry_service
i clothes wahed,laundry_service
iclothes washed,laundry_service
i clothes wshed,laundry_service
turn the ac,temperature_control
clean bath,towel_request
cleanbath,towel_request
clean before dinner,room_cleaning
cleanbefore dinner,room_cleaning
bright lights dim karanna,lighting_control
brigt ligts dim karana,lighting_control
brght lights dim karanna,lighting_control
send some food,food_order
leave alone please,do_not_disturb
leave alone pls,do_not_disturb
leave alone pleas,do_not_disturb
leave me alone pleas,do_not_disturb
leave me alne pleas,do_not_disturb
leave me aloe plas,do_not_disturb
book a,concierge_taxi
cab for,concierge_taxi
cabfor,concierge_taxi
airconditioning pls,temperature_control
airconditioning pleas,temperature_control
air conditioning peas,temperature_control
air conditioning,temperature_control
ac strong reduce it,temperature_control
acstrong reduce it,temperature_control
my is messy please,room_cleaning
my is messy pleas,room_cleaning
my is mssy pease,room_cleaning
my room is messy pleas,room_cleaning
myroom is messy pleas,room_cleaning
my room is messy peas,room_cleaning
my room is mesy pls,room_cleaning
few clothes to,laundry_service
i would lik to request bathroom amenities,toiletries_request
i would lik to requst bathroom amenities,toiletries_request
iwould lik to request bathroom amenities,toiletries_request
i woud lik to request bahroom amenities,toiletries_request
i like to request bathroom amenities,toiletries_request
ilike to request bathroom amenities,toiletries_request
i like to request bathroom ameniies,toiletries_request
i like request bathroom amenities,toiletries_request
i would like to request bathroom,toiletries_request
i would lik to request bathroom,toiletries_request
i would like request bathroom,toiletries_request
three towels,towel_request
three towls,towel_request
three towls pls,towel_request
threetowels pleas,towel_request
three towls pleas,towel_request
need a warm blanket,blanket_request
need warm blanket,blanket_request
needa warm blanket,blanket_request
may have bathroom supplies,toiletries_request
may have bathrom supplies,toiletries_request
where is,concierge_general
whereis,concierge_general
shower has no,maintenance
showerhas no,maintenance
shower no pressure,maintenance
shoer no pressure,maintenance
showerno pressure,maintenance
can do my laundry,laundry_service
could you do my laundry,laundry_service
couldyou do my laundry,laundry_service
could u do my laundry,laundry_service
can you do my,laundry_service
canyou do my,laundry_service
can u do my,laundry_service
may i schedule a morning,wake_up_call
may i schedule morning,wake_up_call
mayi schedule a morning,wake_up_call
may schedule a morning call,wake_up_call
mayschedule a morning call,wake_up_call
may schedule morning call,wake_up_call
ac broken no could you fix,maintenance
ac broken no cud you fix,maintenance
acbroken no could you fix,maintenance
ac broken no could u fix,maintenance
ac no can you fix,maintenance
acno can you fix,maintenance
ac no canu fix,maintenance
ac no can u fix,maintenance
ac broken no can u fix,maintenance
acbroken no can u fix,maintenance
chicken curry and,food_order
chickencurry and,food_order
cicken cury and,food_order
chicken cury and,food_order
chicken and rice,food_order
chicen and rice,food_order
i want to order food pls,food_order
i want order food pls,food_order
i to order food please,food_order
ito order food please,food_order
i to order food pls,food_order
i to order food pleas,food_order
i want order food pleas,food_order
i want to order food plas,food_order
iwant to order food pleas,food_order
the needs to be cleaned,room_cleaning
needs be cleaned,room_cleaning
the room needs to be,room_cleaning
theroom needs to be,room_cleaning
room servic send ah,food_order
roomservic send ah,food_order
room sevic send ah,food_order
room service send,food_order
roomservice send,food_order
room srvice send,food_order
room servic send,food_order
noise complaint pleas,noise_complaint
noise complint pleas,noise_complaint
noisecomplaint pleas,noise_complaint
food order,food_order
foodorder,food_order
turn the lamb pls,lighting_control
turnon the lamb pls,lighting_control
turn lamb pls,lighting_control
turn on the lamb pleas,lighting_control
turnon the lamb pleas,lighting_control
turn lamb pleas,lighting_control
turnthe lamb please,lighting_control
i feel,emergency
ifeel,emergency
i housekeeping service,room_cleaning
ihousekeeping service,room_cleaning
i housekeeping servic,room_cleaning
i housekeepng service,room_cleaning
i like housekeeping,room_cleaning
ilike housekeeping servic,room_cleaning
dry clean pls,laundry_service
dryclean pls,laundry_service
dry clan pls,laundry_service
dry clean pleas,laundry_service
late checkout pleas,checkout_billing
late chckout ples,checkout_billing
latecheckout pleas,checkout_billing
towels need,towel_request
towls need,towel_request
i require immediate,emergency
irequire immediate,emergency
i requre immediate,emergency
i immediate assistance,emergency
i immediate assitance,emergency
iimmediate assistance,emergency
loud music pls,noise_complaint
loudmusic pls,noise_complaint
clothes wash,laundry_service
clotheswash,laundry_service
noise sleep karanna baha,noise_complaint
noise sleep karnna baha,noise_complaint
noise ekka sleep karanna,noise_complaint
noiseekka sleep karanna,noise_complaint
nise ekka sleep karanna,noise_complaint
noise ekka sleep karana,noise_complaint
i to check out,checkout_billing
ito check out,checkout_billing
i want to check,checkout_billing
i want check,checkout_billing
please tidy the,room_cleaning
pleas tidy the,room_cleaning
pleae tidy the,room_cleaning
pleez tidy the,room_cleaning
please the room,room_cleaning
pleas the room,room_cleaning
pleez the room,room_cleaning
pleas tidy room,room_cleaning
plas tidy the room,room_cleaning
can clean my,room_cleaning
canclean my,room_cleaning
morning at 5 sharp,wake_up_call
moring at 5 sharp,wake_up_call
morningat 5 sharp,wake_up_call
morning 5 sharp,wake_up_call
morning call at 5,wake_up_call
moring call at 5,wake_up_call
morning call 5,wake_up_call
gym opening,concierge_general
uber call,concierge_taxi
ubercall,concierge_taxi
wakeme at 7 am pleas,wake_up_call
wake me 7 am pls,wake_up_call
needsoft pillows,pillow_request
i need soft pilos,pillow_request
i want soft pilos,pillow_request
ineed soft pilos,pillow_request
i soft pillows,pillow_request
isoft pillows,pillow_request
i soft pilos,pillow_request
could u please arrange for room cleaning,room_cleaning
could u please arange for room cleaning,room_cleaning
could u pease arrane for room claning,room_cleaning
couldu please arrange for room cleaning,room_cleaning
could you pls arrange for room cleaning,room_cleaning
could you pls arange for room cleaning,room_cleaning
could you pls arrange for room claning,room_cleaning
couldyou pls arrange for room cleaning,room_cleaning
could you please arrange for room,room_cleaning
could you please range for room,room_cleaning
could you please arrange room,room_cleaning
couldyou please arrange for room,room_cleaning
email my,checkout_billing
emailmy,checkout_billing
set alarm for quarter to,wake_up_call
set alarm for qurter to,wake_up_call
set alarm quarter,wake_up_call
emergency ah pls,emergency
emergencyah pls,emergency
emergancy ah pls,emergency
emrgency ah pls,emergency
emergancy ah please,emergency
emergancy ah pleas,emergency
emergancy ah plese,emergency
emergency ah,emergency
emergancy ah,emergency
emergencyah,emergency
clean room after,room_cleaning
cleanroom after,room_cleaning
clean room afer,room_cleaning
cab ekak,concierge_taxi
cabekak,concierge_taxi
may have a warm blanket,blanket_request
may have a warm blankit,blanket_request
mayhave a warm blanket,blanket_request
no disturbance pls,do_not_disturb
nodisturbance pls,do_not_disturb
no disturbance,do_not_disturb
three call karanna,concierge_taxi
threecall karanna,concierge_taxi
three wheeler call,concierge_taxi
three wheler call,concierge_taxi
thee wheeer call,concierge_taxi
need bath towls,towel_request
i want bath towls,towel_request
i bath towels,towel_request
i bath towls,towel_request
ibath towels,towel_request
i want bath towels,towel_request
iwant bath towels,towel_request
bring a,toiletries_request
get me a razor,toiletries_request
get me a razr,toiletries_request
get me razor,toiletries_request
cold i get,food_order
can i get my,checkout_billing
taxi urgently,concierge_taxi
heart problem,emergency
heartproblem,emergency
heart problem emergancy,emergency
heartproblem emergancy,emergency
heart poblem emergacy,emergency
early morning,noise_complaint
earlymorning,noise_complaint
make 22 degrees,temperature_control
make22 degrees,temperature_control
can get toothpaste,toiletries_request
canget toothpaste,toiletries_request
call at 6,wake_up_call
callat 6,wake_up_call
cold ah put heater pleas,temperature_control
cold ah put heter peas,temperature_control
cold put heater please,temperature_control
cold put heater pleez,temperature_control
cold put heater pls,temperature_control
coldput heater please,temperature_control
coldah put heater pls,temperature_control
cold ah put heter pls,temperature_control
remote doesn't,maintenance
bringice pleas,misc_request
brig ice ples,misc_request
bring ice,misc_request
bringice,misc_request
bringice pls,misc_request
too hot can u ac on,temperature_control
toohot can u ac on,temperature_control
too hot can u ac,temperature_control
too hot could you ac on,temperature_control
too hot could u ac on,temperature_control
too hot cold you ac on,temperature_control
too hot could you ac,temperature_control
too can you ac on,temperature_control
too can you ac,temperature_control
toocan you ac on,temperature_control
best visit karanna,concierge_general
bestvisit karanna,concierge_general
clean the room,room_cleaning
clen the room,room_cleaning
clean room pleez,room_cleaning
clean room plese,room_cleaning
clean room pls,room_cleaning
clen the room pls,room_cleaning
cleanthe room pls,room_cleaning
loud music next,noise_complaint
loud musc next,noise_complaint
set wake up,wake_up_call
pool at what time,concierge_general
pool what time,concierge_general
poolat what time,concierge_general
pool close at what,concierge_general
pool close what,concierge_general
increase ac,temperature_control
wake me at 6 and,wake_up_call
wakeme at 6 and,wake_up_call
wake me 6 and,wake_up_call
tidy my room,room_cleaning
tidymy room,room_cleaning
i a pillow,pillow_request
i a pilo,pillow_request
ia pillow,pillow_request
i need pilo,pillow_request
need a pilo,pillow_request
ineed a pilo,pillow_request
i want a pillow,pillow_request
iwant a pillow,pillow_request
i want a pilo,pillow_request
room dirty need clean,room_cleaning
roomdirty need clean,room_cleaning
dinner ekak,food_order
maintenance want,maintenance
maintenancewant,maintenance
maintance want,maintenance
maintanance want,maintenance
blanket ekak,blanket_request
blankit ekak,blanket_request
blanketekak,blanket_request
book to airport,concierge_taxi
bookto airport,concierge_taxi
book to airpot,concierge_taxi
book taxi to,concierge_taxi
morning call at 6 pls,wake_up_call
morning call 6 pls,wake_up_call
morningcall at 6 pls,wake_up_call
mrning call at 6 pls,wake_up_call
morning at 6 please,wake_up_call
morning at 6 pleas,wake_up_call
morningat 6 please,wake_up_call
bring two,towel_request
bringtwo,towel_request
bring two towls,towel_request
bring two twls,towel_request
do not disturb until,do_not_disturb
soft pillows pls,pillow_request
soft pilos pls,pillow_request
soft pios pease,pillow_request
soft pilos pleas,pillow_request
someone at door pleas,emergency
someone door pleas,emergency
somone at door pleas,emergency
someonedoor please,emergency
someone door pls,emergency
someone door pleez,emergency
someoneat door pls,emergency
6 am wake up,wake_up_call
6am wake up,wake_up_call
6 wake up karanna,wake_up_call
6 wake up karana,wake_up_call
6wake up karanna,wake_up_call
booktaxi for 8 am tomorrow pls,concierge_taxi
book taxi 8 am tomorrow pls,concierge_taxi
book taxi for 8 am tomorrow pleas,concierge_taxi
book taxi 8 am tomorrow pleas,concierge_taxi
book taxi for 8 am tomorow plas,concierge_taxi
booktaxi for 8 am tomorrow pleas,concierge_taxi
book taxi for 8 am tomorrow,concierge_taxi
booktaxi for 8 am tomorrow,concierge_taxi
cud you bring extra pilos,pillow_request
couldyou bring extra pilos,pillow_request
cud you bring extra pillows,pillow_request
cud you bring exta pillos,pillow_request
cudyou bring extra pillows,pillow_request
could bring extra pillows,pillow_request
couldbring extra pillows,pillow_request
could bring extra pilos,pillow_request
could brig extra pilows,pillow_request
hadful of towls,towel_request
handfulof towls,towel_request
room cleaning,room_cleaning
roomcleaning,room_cleaning
switch on the lamp,lighting_control
best to visit in colombo,concierge_general
bestto visit in colombo,concierge_general
best visit colombo,concierge_general
toothbrush pleas,toiletries_request
send someone to,room_cleaning
send someoe to,room_cleaning
send somone to,room_cleaning
i need an iron pls,misc_request
ineed an iron pls,misc_request
i want an iron pls,misc_request
iwant an iron please,misc_request
i an iron please,misc_request
ian iron please,misc_request
i iron please,misc_request
i an iron pease,misc_request
cud you address the noise from next door,noise_complaint
cudyou address the noise from next door,noise_complaint
cud you address the noie from next door,noise_complaint
could you address the noise from next,noise_complaint
could you adress the noise from next,noise_complaint
could you address noise from next,noise_complaint
cold u addess the noise from next door,noise_complaint
could u address noise from next door,noise_complaint
taxi in 10,concierge_taxi
taxi 10 minutes,concierge_taxi
taxi10 minutes,concierge_taxi
very noisy no can you,noise_complaint
verynoisy no can you,noise_complaint
very noisy no canu,noise_complaint
very noisy no could you stop,noise_complaint
very noisy no could u stop,noise_complaint
very noisy no cud you stop,noise_complaint
verynoisy no can u stop,noise_complaint
wake tomorrow at ate,wake_up_call
wake tomrrow at ate,wake_up_call
wake tomorrow ate,wake_up_call
i can't get in my,emergency
i can't get my,emergency
i cn't get in my,emergency
ican't get in my,emergency
taxi shopping mall,concierge_taxi
taxishopping mall,concierge_taxi
taxi to shopping,concierge_taxi
taxito shopping,concierge_taxi
i wuld lik to chane the temperature,temperature_control
i would lik to change the temprature,temperature_control
i like to change the temperature,temperature_control
i like to change the temprature,temperature_control
i like to change the temp,temperature_control
i would like to change the,temperature_control
i would lik to change the,temperature_control
i would like change,temperature_control
i woud like to change the,temperature_control
hand towels,towel_request
hand towls,towel_request
hand towls pls,towel_request
handtowels pls,towel_request
hand towels pleas,towel_request
handtowels pleas,towel_request
hand towls pleas,towel_request
face tows neeed,towel_request
face towels,towel_request
face towls,towel_request
facetowels,towel_request
turn down the,temperature_control
turn the heat,temperature_control
i would lik to request a wake up call,wake_up_call
i would lik request wake up call,wake_up_call
iwould lik to request a wake up call,wake_up_call
iwud like to request a wake up call,wake_up_call
i wud like request wake up call,wake_up_call
i would like to request a wake up,wake_up_call
i wuld like to reqest a wake up,wake_up_call
i would lik to request a wake up,wake_up_call
i wuld like to request a wake up,wake_up_call
i would lik to request additional towels,towel_request
i would lik to request additionl towels,towel_request
i would lik to request additional towls,towel_request
i would lik request additional towels,towel_request
i wud like to request additional towels,towel_request
i wud like to request additional towls,towel_request
i wud like to rquest additional towels,towel_request
i like to request additional towels,towel_request
i like request additional towels,towel_request
i like to request additional towls,towel_request
i would like to request additional towls,towel_request
iwould like to request additional towls,towel_request
i would like request additional towls,towel_request
ironpleas,misc_request
bringtwo pilos,pillow_request
bring two pils,pillow_request
white towels pleas,towel_request
white towls pleas,towel_request
whitetowels pleas,towel_request
white towels pls,towel_request
white towls pls,towel_request
white towes pls,towel_request
whitetowels pls,towel_request
white towls pleae,towel_request
six tows please,towel_request
sixtowls please,towel_request
six towels,towel_request
six towls,towel_request
six towels pls,towel_request
six towls pls,towel_request
sixtowels pls,towel_request
six twels pls,towel_request
six toels ples,towel_request
sixtowels pleas,towel_request
know cleaning pls,do_not_disturb
know cleaing pls,do_not_disturb
knowcleaning pls,do_not_disturb
know cleaning,do_not_disturb
knowcleaning,do_not_disturb
next day wake up,wake_up_call
nextday wake up,wake_up_call
the neighbors are,noise_complaint
i need a taxi pls,concierge_taxi
i need taxi pls,concierge_taxi
need a taxi pls,concierge_taxi
i a taxi please,concierge_taxi
i a taxi pleas,concierge_taxi
i a taxi pls,concierge_taxi
ia taxi please,concierge_taxi
i need a taxi pleas,concierge_taxi
i need taxi pleas,concierge_taxi
i want a taxi pleas,concierge_taxi
i need a taxi plas,concierge_taxi
i want eggs and,food_order
iwant eggs and,food_order
i eggs and toast,food_order
i eggs and tost,food_order
twoblankets pls,blanket_request
two blankes pls,blanket_request
two blankets,blanket_request
twoblankets,blanket_request
two blankits,blanket_request
two blanets pleas,blanket_request
twoblankets pleas,blanket_request
wake at 5:30 am,wake_up_call
wakeat 5:30 am,wake_up_call
wake 5:30 am,wake_up_call
all lights,lighting_control
cab to,concierge_taxi
cabto,concierge_taxi
coat hngers pleas,misc_request
coathangers pleas,misc_request
safe won't,maintenance
safewon't,maintenance
i to order food,food_order
i order food,food_order
room open karanna,emergency
roomopen karanna,emergency
fresh hand,towel_request
need a razor,toiletries_request
clean room in one hour,room_cleaning
cleanroom in one hour,room_cleaning
clean my room in one,room_cleaning
clean my room one,room_cleaning
verydark lights,lighting_control
could please send toiletries,toiletries_request
could please send toileties,toiletries_request
couldplease send toiletries,toiletries_request
could u please send toiletries,toiletries_request
couldu please send toiletries,toiletries_request
could u pleas send toiletries,toiletries_request
cud you please send toiletries,toiletries_request
cudyou please send toiletries,toiletries_request
cud you pls send toiletries,toiletries_request
light karanna please,lighting_control
light karanna pleas,lighting_control
light karanna pleez,lighting_control
light kranna pease,lighting_control
light off karanna,lighting_control
lightoff karanna,lighting_control
lightoff karanna pleas,lighting_control
light off karanna ples,lighting_control
i want one,pillow_request
iwant one pilo,pillow_request
five towls please,towel_request
five towls pleas,towel_request
five twls plese,towel_request
fivetowels pleas,towel_request
five towels ples,towel_request
five towels,towel_request
five towls,towel_request
desk lamp ples,lighting_control
desklamp pleas,lighting_control
desk lamp,lighting_control
cansend towls,towel_request
large towels pleas,towel_request
largetowels pleas,towel_request
large toels pleas,towel_request
large towels,towel_request
largetowels,towel_request
large towls pls,towel_request
large towls pleae,towel_request
two wake up calls 7 and,wake_up_call
twowake up calls 7 and,wake_up_call
currency exchange,concierge_general
currencyexchange,concierge_general
can order lunch,food_order
canorder lunch,food_order
i want ride,concierge_taxi
need a ride,concierge_taxi
room needs,room_cleaning
i my bill,checkout_billing
help want,emergency
increase the,temperature_control
increasethe,temperature_control
fresh towls,towel_request
checking out,checkout_billing
checkingout,checkout_billing
brng me towls please,towel_request
bring me towls pleez,towel_request
bring me towels pleas,towel_request
get me towels pleas,towel_request
bring me towls ples,towel_request
bringme towels pleas,towel_request
bring me towels,towel_request
brig me towls,towel_request
get me towels,towel_request
bringme towels,towel_request
get me towels please,towel_request
get me towels pleez,towel_request
get me towls please,towel_request
need a wake up call,wake_up_call
needa wake up call,wake_up_call
need wake up call,wake_up_call
i need a wake up,wake_up_call
need a wake up,wake_up_call
i need wake up,wake_up_call
ineed a wake up,wake_up_call
all bathroom amenities pls,toiletries_request
allbathroom amenities pls,toiletries_request
all bathroom amenties pls,toiletries_request
all amenities please,toiletries_request
all amenities pls,toiletries_request
allamenities please,toiletries_request
someone at,emergency
someoneat,emergency
fix the sink pleas,maintenance
fixthe sink pleas,maintenance
fix the sink ples,maintenance
fix sink pleas,maintenance
fix sink pls,maintenance
fix sink please,maintenance
fix sink pleez,maintenance
temprature 24 pls,temperature_control
temprature 24 pleez,temperature_control
temperature 24,temperature_control
temprature 24,temperature_control
temp 24,temperature_control
temperature 24 pls,temperature_control
temp 24 pls,temperature_control
temperature24 pls,temperature_control
6 am exactly,wake_up_call
6 am exctly,wake_up_call
6 am exactly pls,wake_up_call
6am exactly pls,wake_up_call
6 exactly please,wake_up_call
6 exactly pleez,wake_up_call
6 exactly plase,wake_up_call
6 exactly pleas,wake_up_call
memory foam pilos,pillow_request
memory foam plos,pillow_request
memory foam,pillow_request
prepare bill please,checkout_billing
prepare bill pleas,checkout_billing
prepare bill pleez,checkout_billing
preparebill please,checkout_billing
prepare my bill pls,checkout_billing
preparemy bill pls,checkout_billing
prpare my bill pls,checkout_billing
preparemy bill pleas,checkout_billing
book to air port,concierge_taxi
bookto air port,concierge_taxi
where i eat,concierge_general
wherei eat,concierge_general
where can i,concierge_general
wherecan i,concierge_general
switch on bedside lamp,lighting_control
sitch on beside lamp,lighting_control
switch on bedsde lamp,lighting_control
switchon bedside lamp,lighting_control
turn bedsde lamp,lighting_control
cold blanket thiyanna,blanket_request
cold blaket thiyanna,blanket_request
cold blankit thiyanna,blanket_request
cold ah blanket,blanket_request
cold ah blnket,blanket_request
cold ah blanet,blanket_request
cold ah blankit,blanket_request
i'm cold pleas,temperature_control
i'mcold pleas,temperature_control
7 wake me,wake_up_call
7 o'clock wake,wake_up_call
7o'clock wake,wake_up_call
club sandwich pleas,food_order
club sandwich,food_order
set temperature to 20,temperature_control
set temprature to 20,temperature_control
set temp to 20,temperature_control
set temperature 20,temperature_control
set temprature to 20 degrees,temperature_control
settemprature to 20 degrees,temperature_control
set temprature 20 degrees,temperature_control
pilos,pillow_request
i to do not disturb,do_not_disturb
i to do not distrb,do_not_disturb
i do not disturb,do_not_disturb
i want to do not,do_not_disturb
i want do not,do_not_disturb
kindly my room no,room_cleaning
kindlymy room no,room_cleaning
more bath,towel_request
where is the,concierge_general
whereis the,concierge_general
toilet flush properly,maintenance
toilt flsh properly,maintenance
toilt flush properly,maintenance
i housekeeping assistance,room_cleaning
i housekeping assistance,room_cleaning
ihousekeeping assistance,room_cleaning
i require housekeeping,room_cleaning
i the maid,room_cleaning
ithe maid,room_cleaning
i want maid,room_cleaning
iwant the maid,room_cleaning
skip housekeeping pls,do_not_disturb
skiphousekeeping pls,do_not_disturb
skip housekeeping pleas,do_not_disturb
i wud like to report a maintenance issue,maintenance
i wud like to report a maintance issue,maintenance
iwud like to report a maintenance issue,maintenance
i wud like to report a maintanance issue,maintenance
iwould lik to report a maintenance issue,maintenance
i would lik to rport a maintenance issue,maintenance
i like to report a maintenance issue,maintenance
ilike to report a maintenance issue,maintenance
i like to report a maintance issue,maintenance
i like to report a maintanance issue,maintenance
warm blanket want no pleas,blanket_request
warm banket want no pleas,blanket_request
warm blankit want no pleas,blanket_request
warm blanket want no pls,blanket_request
warm blankit want no pls,blanket_request
warmblanket want no pls,blanket_request
warm want no please,blanket_request
warm want no pleas,blanket_request
warm want no pleez,blanket_request
very no need ac,temperature_control
veryno need ac,temperature_control
clean towels pleas,towel_request
cleantowels pleas,towel_request
cean towls peas,towel_request
cean towls please,towel_request
clean towls pleez,towel_request
clean towels pls,towel_request
cleantowels pls,towel_request
clen towels pls,towel_request
clean towels,towel_request
clean towls,towel_request
i want sum,food_order
deep clean my,room_cleaning
deepclean my,room_cleaning
deep my room,room_cleaning
deepmy room,room_cleaning
tomorrow delivery pleas,laundry_service
tomorrowdelivery pleas,laundry_service
tomorrow delivry pleas,laundry_service
heating high lower it please,temperature_control
heating high lower it pls,temperature_control
heting high lower it plase,temperature_control
cool to 19,temperature_control
may i request temprature adjustment,temperature_control
may i requst temprature adjustmet,temperature_control
may request temperature adjustment,temperature_control
may request temp adjustment,temperature_control
mayrequest temperature adjustment,temperature_control
may rquest temperature adjusment,temperature_control
may i request temperature,temperature_control
mayi request temperature,temperature_control
may i request temp,temperature_control
cudyou bring ice and glasses,misc_request
could you bring ice and,misc_request
cud you bring ice and,misc_request
couldyou bring ice and,misc_request
could you brng ice and,misc_request
could bring ice and glasses,misc_request
couldbring ice and glasses,misc_request
i want my bill please,checkout_billing
i want my bill pleez,checkout_billing
i want my bill pls,checkout_billing
iwant my bill please,checkout_billing
i my bill please,checkout_billing
i my bill pleez,checkout_billing
imy bill please,checkout_billing
i my bill pls,checkout_billing
i need my bill pleas,checkout_billing
need my bill pleas,checkout_billing
i need my bill plas,checkout_billing
ineed my bill pleas,checkout_billing
blankit ekak send pleas,blanket_request
blanketekak send pleas,blanket_request
blanket send please,blanket_request
blanket send pleas,blanket_request
blanket send pls,blanket_request
blankit send please,blanket_request
blanket ekak send pls,blanket_request
blanketekak send pls,blanket_request
blnket ekak send pls,blanket_request
cold ah put,temperature_control
cold put heater,temperature_control
coldput heater,temperature_control
make bed please,room_cleaning
make bed pls,room_cleaning
makebed please,room_cleaning
make bed pleez,room_cleaning
make my bed,room_cleaning
makemy bed,room_cleaning
makemy bed pls,room_cleaning
i need body,toiletries_request
need body,toiletries_request
ineed body,toiletries_request
late checkout by 2,checkout_billing
latecheckout by 2,checkout_billing
shampoothiyanna pleas,toiletries_request
shampoo tiyanna peas,toiletries_request
shampoo thiyanna ples,toiletries_request
shampoo thiyanna pls,toiletries_request
shampoothiyanna pls,toiletries_request
i shower jell,toiletries_request
need shower jell,toiletries_request
needshower jell,toiletries_request
i need shower,toiletries_request
need shower,toiletries_request
i want shower,toiletries_request
clean organize my room,room_cleaning
cean organze my room,room_cleaning
clen organize my room,room_cleaning
pleasesend towls no,towel_request
pleas send towls no,towel_request
pleez send towls no,towel_request
ples send towels no,towel_request
pleassend towels no,towel_request
please towels no,towel_request
pleae towels no,towel_request
please towls no,towel_request
pleas towels no,towel_request
could u please adjust the air conditioning,temperature_control
could u pls adjust the air conditioning,temperature_control
could u pleas adjust the air conditioning,temperature_control
couldu please adjust the air conditioning,temperature_control
could you please adjust the air,temperature_control
coud you please adjut the air,temperature_control
could u please adjust the air,temperature_control
could you pleas adjust the air,temperature_control
could please adjust the air conditioning,temperature_control
could pleas adjust the air conditioning,temperature_control
could pleez adjust the air conditioning,temperature_control
couldplease adjust the air conditioning,temperature_control
cudyou please adjust the air conditioning,temperature_control
cud you please adjust the air conitioning,temperature_control
may have restaurant recommendations,concierge_general
may have restaurant recmmendations,concierge_general
may have restaurant recommendatons,concierge_general
can get some towels,towel_request
can get some towls,towel_request
can i get some,towel_request
cani get some,towel_request
cani get some towls,towel_request
i want more,pillow_request
iwant more,pillow_request
needshower gel,toiletries_request
iwant shower gel,toiletries_request
towels quickly,towel_request
towls quickly,towel_request
towlsquickly send,towel_request
ples clean my room ah,room_cleaning
pleas clan my room ah,room_cleaning
pls clean my room ah,room_cleaning
pls clan my room ah,room_cleaning
please my room ah,room_cleaning
pleez my room ah,room_cleaning
pleas my room ah,room_cleaning
pease my room ah,room_cleaning
don't my room please,do_not_disturb
don't my room pleas,do_not_disturb
dn't my room pleae,do_not_disturb
don't enter my room pls,do_not_disturb
don'tenter my room pls,do_not_disturb
don't enter my room pleas,do_not_disturb
don't enter my room plas,do_not_disturb
warm blanket want,blanket_request
warm blankit want,blanket_request
warmblanket want,blanket_request
warm want no,blanket_request
warmwant no,blanket_request
towls,towel_request
may i place a food,food_order
mayi place a food,food_order
may i place food,food_order
may place a food order,food_order
may place a food ordr,food_order
may place food order,food_order
mayplace a food order,food_order
i two towels please,towel_request
itwo towels please,towel_request
i two towls please,towel_request
i need two towls pls,towel_request
i want two towels pls,towel_request
i need two towels pleas,towel_request
ineed two towels pleas,towel_request
i want two towels pleas,towel_request
i want two towels please,towel_request
i want two toels plese,towel_request
i want two towls please,towel_request
buddhist temples,concierge_general
soap ekak,toiletries_request
tree towels,towel_request
treetowels,towel_request
treetowels pls,towel_request
tree towels pleas,towel_request
treetowels pleas,towel_request
tree towels peas,towel_request
tree towls pleas,towel_request
vegetarian food pleas,food_order
vegetarianfood pleas,food_order
vegetarian food ples,food_order
vegetarian food,food_order
vegetarianfood,food_order
towls need ah pleas,towel_request
towelsneed ah pleas,towel_request
towels need ah pls,towel_request
towls need ah pls,towel_request
towls need ah please,towel_request
towls need ah pleez,towel_request
know hot,maintenance
cool to 19 degrees pls,temperature_control
cool 19 degrees pls,temperature_control
cool to 19 degrees plas,temperature_control
coolto 19 degrees pleas,temperature_control
cool19 degrees please,temperature_control
a couple of twls,towel_request
a cuple of towls,towel_request
a of towels,towel_request
aof towels,towel_request
clean room in the,room_cleaning
cleanroom in the,room_cleaning
clean in the evening,room_cleaning
cleanin the evening,room_cleaning
prvacy thiynna pls,do_not_disturb
send a,blanket_request
senda,blanket_request
good restaurants,concierge_general
one more,checkout_billing
i want shapo,toiletries_request
iwant shampo,toiletries_request
iced tea pls,food_order
iced tea,food_order
icedtea pleas,food_order
set alarm for quarter to 8 pleas,wake_up_call
setalarm for quarter to 8 pleas,wake_up_call
set alam for quarer to 8 plas,wake_up_call
set alarm for quarter to 8 pls,wake_up_call
set alarm quarter 8 pls,wake_up_call
i more pillows,pillow_request
i more pilos,pillow_request
i more pllows,pillow_request
i need more,pillow_request
ineed more,pillow_request
need more,pillow_request
need more pillws,pillow_request
needmore pillows,pillow_request
make it cooler pleas,temperature_control
makeit cooler pleas,temperature_control
make cooler please,temperature_control
make cooler plase,temperature_control
make cooler pleez,temperature_control
coldpls,temperature_control
no spicy,food_order
could u send maintenance staff,maintenance
couldu send maintenance staff,maintenance
could u send maintance staff,maintenance
could u send maintanance staff,maintenance
could you send maintenance,maintenance
could you send maintenane,maintenance
cud you send maintenance,maintenance
cud you send mainenance saff,maintenance
cud you send maintanance staff,maintenance
could send maintenance staff,maintenance
couldsend maintenance staff,maintenance
culd send maintenance staff,maintenance
water leaking,maintenance
waterleaking,maintenance
hand wash neded pls,laundry_service
handwash needed pleas,laundry_service
no service,do_not_disturb
noservice,do_not_disturb
no servis,do_not_disturb
no servic today,do_not_disturb
no srvic today,do_not_disturb
wifi very,maintenance
can get lunch,food_order
canget lunch,food_order
just shirt press,laundry_service
justshirt press,laundry_service
i would like to order from room,food_order
i wud like to order from room,food_order
iwould like to order from room,food_order
i like to order from room service,food_order
i like order from room service,food_order
i like to order from room servis,food_order
i would lik to order from room service,food_order
i would lik order from room service,food_order
i wold lik to ordr from room service,food_order
i would lik to order from room servic,food_order
privacy want pls,do_not_disturb
privacywant pls,do_not_disturb
i want the maid please,room_cleaning
iwant the maid please,room_cleaning
i want the maid pleas,room_cleaning
i want the maid pls,room_cleaning
need the maid pls,room_cleaning
need the maid pleae,room_cleaning
i need the maid pls,room_cleaning
i want another blanket please,blanket_request
i want another blanket pls,blanket_request
i want another blanket pleas,blanket_request
need another blanket pleez,blanket_request
need another blanket pleae,blanket_request
need another blanket pls,blanket_request
i need one towl,towel_request
ineed one towl,towel_request
i want one towl,towel_request
iwant one towel,towel_request
i want one toel,towel_request
need one toel,towel_request
need one towl,towel_request
i one towel,towel_request
i one towl,towel_request
local where please,concierge_general
localwhere please,concierge_general
local where pleez,concierge_general
localmarket where pleas,concierge_general
local market where pls,concierge_general
lcal market where pls,concierge_general
localmarket where pls,concierge_general
could provide tourist information,concierge_general
couldprovide tourist information,concierge_general
coud provde tourist informaion,concierge_general
cud you provide tourist information,concierge_general
cud you provide tourist infomation,concierge_general
could you provide tourist,concierge_general
could you provide tourst,concierge_general
couldyou provide tourist,concierge_general
could u provide tourist,concierge_general
mayi have more towls,towel_request
express laundry pls,laundry_service
expres laundry pls,laundry_service
expresslaundry pls,laundry_service
bring shampoo pleas,toiletries_request
bring shampoo peas,toiletries_request
bringshampoo pleas,toiletries_request
bring shampoo,toiletries_request
bringshampoo,toiletries_request
things to,concierge_general
thingsto,concierge_general
sigiriya day,concierge_general
sigiriyaday,concierge_general
soapekak ona pleas,toiletries_request
soap ona please,toiletries_request
soap ona pls,toiletries_request
soap ona pleas,toiletries_request
i want too towers,towel_request
iwant too towers,towel_request
needtoo towers,towel_request
i too towers,towel_request
itoo towers,towel_request
i too toers,towel_request
make room,temperature_control
i like to request housekeeping service,room_cleaning
i like to request housekeeping servic,room_cleaning
i like request housekeeping service,room_cleaning
i like to request housekeeping servis,room_cleaning
iwud like to request housekeeping service,room_cleaning
i wud like to request housekeeping servic,room_cleaning
i wud like to request husekeeping service,room_cleaning
i would lik to request housekeeping service,room_cleaning
i would lik to requst housekeeping servie,room_cleaning
i would lik to request housekeeping servic,room_cleaning
extra pilos thiyanna please,pillow_request
extra pilos thiyanna pleez,pillow_request
extra pilos thiyanna pls,pillow_request
extra pilos thiyanna pleae,pillow_request
exra pillows thiyanna pls,pillow_request
extra pillows thianna pls,pillow_request
extrapillows thiyanna pleas,pillow_request
extra pillows thiyana peas,pillow_request
don't enter my,do_not_disturb
don'tenter my,do_not_disturb
fresh want no,towel_request
freshwant no,towel_request
fesh want no,towel_request
fresh towels want,towel_request
freshtowels want,towel_request
fresh twels want,towel_request
fresh towls want no,towel_request
freshtowls want no,towel_request
i two towels,towel_request
i two towls,towel_request
itwo towels,towel_request
needtwo towels,towel_request
need two towes,towel_request
need two towls,towel_request
i need two towls,towel_request
i want two towls,towel_request
ineed two towls,towel_request
hairdryer pls,misc_request
hairdryerpls,misc_request
too paste,toiletries_request
toopaste,toiletries_request
too paste pleas,toiletries_request
too pate pleas,toiletries_request
too paste pls,toiletries_request
too pate pls,toiletries_request
switch off ceiling light,lighting_control
sitch off ceilng liht,lighting_control
switchoff ceiling light,lighting_control
turn ceiling light,lighting_control
turnceiling light,lighting_control
stay one more,checkout_billing
stayone more,checkout_billing
extra pillows pls,pillow_request
extra pilos pls,pillow_request
exra pillows pls,pillow_request
exta pillows pls,pillow_request
extra pillows pleas,pillow_request
extrapillows pleas,pillow_request
etra pillows pleas,pillow_request
extra pilos pleas,pillow_request
extrapilos please,pillow_request
extra pilos pleez,pillow_request
neighbors loud music pls,noise_complaint
neighborsloud music pls,noise_complaint
neighbors loud musc pls,noise_complaint
neighbors loud msic pls,noise_complaint
neighbors music please,noise_complaint
neighbors music pls,noise_complaint
neghbors music plese,noise_complaint
neighbors music pleas,noise_complaint
neihbors loud music pleas,noise_complaint
neighborsloud music pleas,noise_complaint
neghbors loud music pleas,noise_complaint
bring some towers,towel_request
bring some toers,towel_request
getme some towers,towel_request
need towls,towel_request
needtowls,towel_request
urgent repair,maintenance
may have restaurant recommendations please,concierge_general
may have restaurant recommendations pls,concierge_general
may have restaurant recommendtions pease,concierge_general
may i have restaurant recommendations pleas,concierge_general
may i have restaurant recommendations plas,concierge_general
mayi have restaurant recommendations pleas,concierge_general
i want showr,toiletries_request
iwant shower,toiletries_request
couldi get some towls,towel_request
could i get some,towel_request
coud i get some,towel_request
couldi get some,towel_request
i need more towls please,towel_request
i need more tols please,towel_request
i need more tows please,towel_request
i want more towls please,towel_request
ineed more towels pleas,towel_request
i need more towls pleas,towel_request
need more towels please,towel_request
needmore towels please,towel_request
need more towels pleez,towel_request
need more towels pease,towel_request
adjust the temprature,temperature_control
adjustthe temprature,temperature_control
adjust the,temperature_control
i need a doctor pleas,emergency
i want a doctor pleas,emergency
i need a doctor ples,emergency
need a doctor please,emergency
needa doctor please,emergency
need a doctor pls,emergency
need a doctor pleez,emergency
i a doctor please,emergency
ia doctor please,emergency
i doctor please,emergency
i a doctor pleez,emergency
i'd like housekeeping,room_cleaning
i'dlike housekeeping,room_cleaning
i'd like housekeeping servic,room_cleaning
i'd like husekeeping servic,room_cleaning
i'd like houekeeping servic,room_cleaning
i'dlike housekeeping servic,room_cleaning
i sum food,food_order
isum food,food_order
i need sum,food_order
need sum,food_order
ineed sum,food_order
i want extra,pillow_request
iwant extra,pillow_request
i want etra,pillow_request
i extra pillows,pillow_request
i extra pilows,pillow_request
iextra pillows,pillow_request
need conditioner,toiletries_request
whattime is breakfast pls,concierge_general
what time is breakfst pls,concierge_general
what is breakfast please,concierge_general
what is breakfast pleas,concierge_general
what is breakfast pleez,concierge_general
what time is breakfast pleas,concierge_general
what time is beakfast pleas,concierge_general
whattime is breakfast pleas,concierge_general
i'm starving pleas,food_order
i'm starvig peas,food_order
i'mstarving pleas,food_order
hand snitizer pleas,toiletries_request
hand sanitizer plas,toiletries_request
handsanitizer pleas,toiletries_request
one night please,checkout_billing
one night plase,checkout_billing
onenight please,checkout_billing
one night pleas,checkout_billing
one more night pls,checkout_billing
taxi train station,concierge_taxi
lights tiyanna pls,lighting_control
lightsthiyanna pls,lighting_control
lights thianna pleas,lighting_control
lightsthiyanna pleas,lighting_control
my is messy,room_cleaning
tea pleas,food_order
teapleas,food_order
clean room and change sheets,room_cleaning
clean room and change shees,room_cleaning
i body lotion,toiletries_request
ibody lotion,toiletries_request
press clothes please,laundry_service
press clothes pleez,laundry_service
press clohes please,laundry_service
press my clothes pleas,laundry_service
pess my clthes peas,laundry_service
pressmy clothes pls,laundry_service
tv remote not,maintenance
tvremote not,maintenance
tv remte not,maintenance
need directions pls,concierge_general
need directions pleez,concierge_general
need directions pleas,concierge_general
ineed directions pls,concierge_general
i need directions ples,concierge_general
send pillows,pillow_request
send pilos,pillow_request
get pillows,pillow_request
getpillows,pillow_request
get pilos,pillow_request
pillows please,pillow_request
pillows pleas,pillow_request
pillowsplease,pillow_request
pillows pls,pillow_request
pillow please,pillow_request
pillow pleas,pillow_request
pilo please,pillow_request
pillow pls,pillow_request
turn on lights,lighting_control
turn on lghts,lighting_control
switch on lights,lighting_control
switchon lights,lighting_control
open lights,lighting_control
openlights,lighting_control
close lights,lighting_control
air conditioning on,temperature_control
air condiioning on,temperature_control
air conditioning off,temperature_control
airconditioning off,temperature_control
change temperature,temperature_control
change temprature,temperature_control
change temp,temperature_control
turn lights on,lighting_control
turn ligts on,lighting_control
turnlights on,lighting_control
turn lights off,lighting_control
turn lghts off,lighting_control
turnlights off,lighting_control
switch lights on,lighting_control
switchlights on,lighting_control
switch lights off,lighting_control
switchlights off,lighting_control
swich ligts off,lighting_control
my bill,checkout_billing
mybill,checkout_billing
final bill,checkout_billing
account please,checkout_billing
account pleas,checkout_billing
accountplease,checkout_billing
account pleez,checkout_billing
dont disturb,do_not_disturb
dontdisturb,do_not_disturb
no disturb,do_not_disturb
nodisturb,do_not_disturb
dont clean,do_not_disturb
dontclean,do_not_disturb
too loud,noise_complaint
cant sleep noise,noise_complaint
cantsleep noise,noise_complaint
neighbors loud,noise_complaint
party next door,noise_complaint
partynext door,noise_complaint
quiet them down,noise_complaint
quet them down,noise_complaint
quietthem down,noise_complaint
noise problem,noise_complaint
noiseproblem,noise_complaint
reduce noise,noise_complaint
bring blanket,blanket_request
bringblanket,blanket_request
blanket please,blanket_request
blankit please,blanket_request
blanket pls,blanket_request
another blanket,blanket_request
another blankit,blanket_request
get blanket,blanket_request
getblanket,blanket_request
send blanket,blanket_request
send blankit,blanket_request
sendblanket,blanket_request
can i have blanket,blanket_request
can i have blnket,blanket_request
can i have blankit,blanket_request
blanketpls,blanket_request
blanket karanna,blanket_request
blankit karanna,blanket_request
cold need blanket,blanket_request
coldneed blanket,blanket_request
cold need blankit,blanket_request
extra blankets,blanket_request
extrablankets,blanket_request
help me,emergency
helpme,emergency
emergency please,emergency
emergency pls,emergency
emergancy please,emergency
emrgency please,emergency
this is urgent,emergency
urgent help,emergency
urgenthelp,emergency
call help,emergency
need assistance,emergency
emergency situation,emergency
emergancy situation,emergency
emergencysituation,emergency
emrgency situation,emergency
help needed,emergency
urgent please,emergency
urgent pleas,emergency
urgent pleez,emergency
i feel unsafe,emergency
not safe,emergency
notsafe,emergency
scared,emergency
fire,emergency
injured,emergency
help please,emergency
emergency help,emergency
assistance,emergency
medical,emergency
cant breath,emergency
unsafe,emergency
danger,emergency
call police,emergency
help pls,emergency
urgent pls,emergency
need help now,emergency
help quick,emergency
transportation,concierge_taxi
ride,concierge_taxi
arrange transport,concierge_taxi
book taxi,concierge_taxi
call taxi,concierge_taxi
get taxi,concierge_taxi
arrange transportation,concierge_taxi
transport arrange,concierge_taxi
need cab,concierge_taxi
call cab,concierge_taxi
pickup,concierge_taxi
drop,concierge_taxi
arange transport,concierge_taxi
transport pls,concierge_taxi
need ride,concierge_taxi
order food,food_order
snack,food_order
water,food_order
juice,food_order
sandwich,food_order
burger,food_order
pizza,food_order
pasta,food_order
rice,food_order
curry,food_order
order breakfast,food_order
order lunch,food_order
order dinner,food_order
send food,food_order
food karanna,food_order
food pls,food_order
clean room,room_cleaning
rome cleaning,room_cleaning
clean karanna,room_cleaning
cleaning pls,room_cleaning
bed making,room_cleaning
tidy please,room_cleaning
housekeping,room_cleaning
towel,towel_request
need towel,towel_request
bring towel,towel_request
towel please,towel_request
extra towel,towel_request
send towel,towel_request
towl,towel_request
towel pls,towel_request
towel karanna,towel_request
two towels,towel_request
towels bring,towel_request
fix,maintenance
repair,maintenance
ac broken,maintenance
tv not working,maintenance
problem,maintenance
issue,maintenance
something broken,maintenance
need fix,maintenance
call maintenance,maintenance
light broke,maintenance
tv broke,maintenance
fix pls,maintenance
can you send someone to clean my room,room_cleaning
i need the bathroom cleaned asap,room_cleaning
could you please send housekeeping to my room,room_cleaning
send someone to tidy up my room,room_cleaning
can housekeeping come clean my bathroom,room_cleaning
my room is dirty need cleaning,room_cleaning
could someone come clean the room,room_cleaning
i'd like housekeeping to come by,room_cleaning
can you clean my room before dinner,room_cleaning
need my room straightened up please,room_cleaning
would you mind sending housekeeping up,room_cleaning
can i get room service cleaning,room_cleaning
my room needs a quick clean,room_cleaning
send cleaning staff to room now,room_cleaning
could you tidy my room please,room_cleaning
i need housekeeping in my room,room_cleaning
can someone come do my room,room_cleaning
please send housekeeping to clean up,room_cleaning
my bathroom needs cleaning urgently,room_cleaning
would you send someone to clean,room_cleaning
can you have someone clean my room,room_cleaning
i'd appreciate housekeeping coming up,room_cleaning
need the room cleaned right away,room_cleaning
could housekeeping come to my room,room_cleaning
my room's a mess need help,room_cleaning
can you do a room cleaning for me,room_cleaning
send housekeeping please i need cleaning,room_cleaning
would it be possible to clean my room,room_cleaning
can someone clean the bathroom please,room_cleaning
need my room vacuumed and tidied,room_cleaning
could you arrange room cleaning,room_cleaning
i want housekeeping to come clean,room_cleaning
can housekeeping get here soon to clean,room_cleaning
my room needs attention from cleaning,room_cleaning
would housekeeping be available to clean,room_cleaning
need someone to clean up after me,room_cleaning
can you clean my room this afternoon,room_cleaning
i need the sheets changed and room cleaned,room_cleaning
could you please have housekeeping come,room_cleaning
send a cleaner to my room asap,room_cleaning
can housekeeping do a quick turnover,room_cleaning
my room and bathroom need cleaning,room_cleaning
would you be able to clean my room,room_cleaning
need housekeeping now please,room_cleaning
can i request immediate room cleaning,room_cleaning
my room is messy need it cleaned,room_cleaning
i need housekeeping in my room right now,room_cleaning
could you please clean the bathroom,room_cleaning
send housekeeping to room 412,room_cleaning
my room needs cleaning,room_cleaning
can housekeeping come up soon,room_cleaning
i'd like the room cleaned today,room_cleaning
bathroom needs cleaning please,room_cleaning
can someone come clean up in here,room_cleaning
housekeeping to my room please,room_cleaning
i need my bathroom cleaned,room_cleaning
could someone tidy up my room,room_cleaning
send me a housekeeper,room_cleaning
clean the room asap,room_cleaning
can you do a quick room clean,room_cleaning
i'd appreciate housekeeping service,room_cleaning
room cleaning needed immediately,room_cleaning
could housekeeping come by later,room_cleaning
make my room clean please,room_cleaning
need someone to clean asap,room_cleaning
can housekeeping visit me,room_cleaning
my bathroom is dirty please clean it,room_cleaning
could you freshen up my room,room_cleaning
send cleaning service to my room,room_cleaning
i need towels and room cleaned,room_cleaning
housekeeping can you come,room_cleaning
would you send housekeeping up,room_cleaning
room service cleaning please,room_cleaning
clean my bathroom when you can,room_cleaning
my room could use a cleaning,room_cleaning
i'd like a housekeeping visit,room_cleaning
can you clean this place up,room_cleaning
housekeeping i need you,room_cleaning
send someone to tidy up,room_cleaning
i need the room vacuumed and cleaned,room_cleaning
housekeeping when available please,room_cleaning
can someone come and clean,room_cleaning
my room's dirty can you help,room_cleaning
please send housekeeping soon,room_cleaning
could housekeeping do a quick clean,room_cleaning
i need my room serviced,room_cleaning
clean up my room for me,room_cleaning
housekeeping please come to my room,room_cleaning
can housekeeping come now,room_cleaning
send housekeeping to room 302,room_cleaning
bathroom needs cleaning badly,room_cleaning
can housekeeping come up please,room_cleaning
id like the room tidied up,room_cleaning
clean the bathroom please,room_cleaning
need someone to clean up in here,room_cleaning
housekeeping to my room asap,room_cleaning
can you get housekeeping for me,room_cleaning
i need my room cleaned today,room_cleaning
send a housekeeper to clean,room_cleaning
bathroom is dirty please send someone,room_cleaning
my room needs a thorough cleaning,room_cleaning
can someone come clean my bathroom,room_cleaning
need towels and room cleaning,room_cleaning
housekeeping needed immediately,room_cleaning
please send housekeeping to clean,room_cleaning
could you clean my room soon,room_cleaning
need the room straightened up,room_cleaning
send housekeeping when you have time,room_cleaning
can housekeeping tidy up my room,room_cleaning
i would like room service cleaning,room_cleaning
bathroom cleaning needed,room_cleaning
can you arrange housekeeping for me,room_cleaning
need someone to do the room,room_cleaning
housekeeping please come soon,room_cleaning
my bathroom is messy please clean,room_cleaning
send housekeeping now please,room_cleaning
can housekeeping make up the bed,room_cleaning
i need the room deep cleaned,room_cleaning
could someone clean up after me,room_cleaning
housekeeping service please,room_cleaning
need housekeeping in my suite,room_cleaning
can you have housekeeping come,room_cleaning
the room needs cleaning urgently,room_cleaning
need to schedule housekeeping,room_cleaning
please tidy my room today,room_cleaning
housekeeping to 401 please,room_cleaning
can housekeeping come this afternoon,room_cleaning
need help cleaning my bathroom,room_cleaning
can i get housekeeping service,room_cleaning
my room is quite dirty,room_cleaning
housekeeping i need your help,room_cleaning
can you send someone to clean the bathroom,room_cleaning
i need fresh towels and a room cleaning,room_cleaning
could you please clean my room asap,room_cleaning
send housekeeping to my room right now,room_cleaning
need the room tidied up before tonight,room_cleaning
send someone to do housekeeping on my room,room_cleaning
clean the room and change the sheets,room_cleaning
i need some towels in my room right now,towel_request
can you bring me towels please,towel_request
fresh towels for room 412,towel_request
we need more towels up here,towel_request
could you send up some bath towels,towel_request
i'd like some clean towels delivered,towel_request
do you have extra towels available,towel_request
bring towels to my room,towel_request
need towels asap,towel_request
can i get towels sent to my room,towel_request
we're out of towels,towel_request
fresh towels needed,towel_request
could i get a few more towels,towel_request
send some towels up to 308,towel_request
towels needed in my room,towel_request
i would like some towels please,towel_request
can you get us some towels,towel_request
more towels please,towel_request
do you have towels,towel_request
bring me some towels,towel_request
need clean towels,towel_request
can we get towels,towel_request
towels for room 215,towel_request
i need towels delivered to my room,towel_request
could you spare some towels,towel_request
towels up to my room please,towel_request
we need clean towels,towel_request
send up towels please,towel_request
extra towels in my room,towel_request
i'd like some extra towels,towel_request
can i have some towels,towel_request
towels to room 510,towel_request
need some fresh towels,towel_request
do you have extra towels,towel_request
towels please we ran out,towel_request
bring some clean towels,towel_request
i would like fresh towels,towel_request
can we get some extra towels,towel_request
towels needed asap,towel_request
could you please send towels,towel_request
we need some towels delivered,towel_request
towels in my room now,towel_request
can i get a pizza sent to my room,food_order
i need some coffee right now,food_order
could you please order me a sandwich,food_order
send up some snacks to room 412,food_order
do you have any desserts available,food_order
i would like to order a salad,food_order
bring me some water and juice,food_order
can i get room service menu,food_order
what drinks do you have,food_order
order me a burger and fries,food_order
id like some fruit and cheese,food_order
can you send up breakfast,food_order
i need a late night snack,food_order
could i order some tea please,food_order
what food options do we have,food_order
send some wine to my room,food_order
i want to order lunch,food_order
do you deliver to rooms,food_order
can i get a club sandwich,food_order
bring some ice cream up please,food_order
id like to order dinner for two,food_order
what about vegetarian options,food_order
can you order chinese food,food_order
i need some alcoholic beverages,food_order
send up some pastries please,food_order
could you recommend something light,food_order
i would like a smoothie,food_order
order me eggs and toast,food_order
do you have any diet meals,food_order
can i get an appetizer,food_order
send some nachos to the room,food_order
i need food delivered asap,food_order
what time does room service close,food_order
can you bring me a salad,food_order
id like some soup and bread,food_order
order a steak dinner please,food_order
do you have any vegan options,food_order
send up some snack items,food_order
can i get a dessert menu,food_order
i would like some fresh juice,food_order
bring me a late night bite,food_order
what sandwiches do you offer,food_order
can you order me something quick,food_order
id like some chocolate cake,food_order
send some cheese and crackers,food_order
i need breakfast tomorrow morning,food_order
can i order multiple items,food_order
can i get some coffee sent to my room,food_order
i'd like to order a sandwich please,food_order
send me a pizza to room 304,food_order
do you have any snacks available,food_order
could i get some water and ice,food_order
i want to order dinner for two,food_order
can you bring me some tea,food_order
id like a bottle of wine,food_order
what food options do you have,food_order
i need something to eat right now,food_order
do you deliver desserts to rooms,food_order
id like to order breakfast for tomorrow,food_order
send up some appetizers please,food_order
can you bring snacks to my room,food_order
i want to order champagne,food_order
could you get me some juice,food_order
do you have vegetarian options,food_order
send me a salad and soup,food_order
can i order a late night snack,food_order
id like some beer and nachos,food_order
what drinks are available,food_order
bring me a steak dinner please,food_order
can you send up some fruit,food_order
i want chocolate cake,food_order
could i get some pasta,food_order
order me some sushi rolls,food_order
do you have gluten free meals,food_order
can i get a protein shake,food_order
id like to order room service,food_order
what are the dessert options,food_order
bring me coffee and pastries,food_order
can you send up some cookies,food_order
i want to order drinks,food_order
could i get some milk and cookies,food_order
send me some grilled chicken,food_order
can you bring some nuts and cheese,food_order
id like a smoothie please,food_order
what snacks do you have available,food_order
order me some fish and chips,food_order
can i get some bread and butter,food_order
send up some ice cream,food_order
send me some coffee and pastries please,food_order
id like to order lunch,food_order
can you bring me water and fruit,food_order
could i get a sandwich and chips,food_order
send up some wine please,food_order
whats on the room service menu,food_order
can you order me a salad,food_order
do you deliver ice cream to rooms,food_order
id like breakfast delivered tomorrow morning,food_order
send some cheese and crackers to room,food_order
can i order sushi,food_order
i want tea and cookies,food_order
could you bring me a burger,food_order
send pizza to my room please,food_order
can i get nachos and a beer,food_order
id like to order a dessert,food_order
what drinks do you have available,food_order
send some soup to my room,food_order
can you deliver a sandwich,food_order
i want a late night snack,food_order
could i order room service,food_order
send me some juice and toast,food_order
can i get pasta,food_order
i need food delivered quickly,food_order
do you have any appetizers,food_order
send a cheeseburger upstairs please,food_order
can i order milkshakes,food_order
id like some fruit and yogurt,food_order
could you bring me a steak,food_order
send noodles to my room,food_order
can i get dessert,food_order
i want some chips and dip,food_order
could i order cocktails,food_order
send me breakfast in bed please,food_order
id like to order chinese food,food_order
send some chocolate cake up,food_order
can i order a diet coke,food_order
i want seafood for dinner,food_order
could you bring appetizers to my room,food_order
send fries and ketchup please,food_order
i'd like to order some food to my room,food_order
can you send up a menu please,food_order
i'm hungry can you bring me something,food_order
could i get a sandwich and coffee,food_order
do you have any vegetarian options,food_order
send me the room service menu,food_order
what drinks can i get delivered,food_order
can i order pizza to my room,food_order
i'd like some tea and pastries please,food_order
what's on the food menu tonight,food_order
can you bring snacks to room 304,food_order
i want breakfast sent up at eight,food_order
do you have diet options available,food_order
could you send me some fruit,food_order
i'm ordering appetizers for my room,food_order
what time can you deliver food,food_order
can i get a burger and fries,food_order
i'd like to place a food order,food_order
send up some ice cream please,food_order
what desserts do you have,food_order
i want water and some light snacks,food_order
can you deliver coffee this morning,food_order
do you have room service available now,food_order
what's your best seller on the menu,food_order
i need something to eat soon,food_order
could you bring me a salad,food_order
i'm ordering dinner later tonight,food_order
what beverages are available in room service,food_order
can i get alcohol delivered,food_order
send some nachos to my room,food_order
i want to order for my guest too,food_order
what are your vegetarian meals,food_order
can you bring tea and biscuits,food_order
i'd like a late night snack,food_order
what's the quickest thing you can send,food_order
do you deliver sushi or asian food,food_order
i'm ordering breakfast for tomorrow morning,food_order
can i get a milkshake,food_order
what's your most popular dish,food_order
could you send up some wine,food_order
i want pancakes and bacon please,food_order
can you bring me the dessert menu,food_order
i need food in my room now,food_order
id like to order lunch please,food_order
send me a sandwich and chips,food_order
could you bring me a bottle of water,food_order
id like some tea with milk,food_order
can you send up some dessert,food_order
i need a light snack,food_order
could i order some fruit,food_order
what food options are available right now,food_order
send some pizza to room 304,food_order
id like to place a food order,food_order
can i get breakfast delivered,food_order
i want a salad with dressing,food_order
could you please send some wine,food_order
what time can i order dinner,food_order
id like some pasta,food_order
can you bring juice and toast,food_order
send me whatever you recommend,food_order
i want to order a smoothie,food_order
what appetizers do you have,food_order
can i get some soup,food_order
id like cookies and milk sent up,food_order
send some chicken and vegetables,food_order
could you please bring water,food_order
i want to order now,food_order
what are the drink options,food_order
can you send snacks to my room,food_order
id like some cheese and crackers,food_order
bring me some nachos,food_order
could i get hot tea,food_order
what can i order right now,food_order
send a caesar salad up please,food_order
i want some ice cream,food_order
can you deliver coffee to my room,food_order
do you have any hot meals,food_order
id like to order a sandwich,food_order
could you bring me some juice,food_order
what food do you have available,food_order
send some garlic bread and dip,food_order
i want grilled cheese and tomato soup,food_order
the lights in my room won't turn on,maintenance
can you fix the air conditioning it's not working,maintenance
my tv is broken please send someone,maintenance
the bathroom light is flickering,maintenance
ac not cooling please help,maintenance
could you send maintenance to my room,maintenance
the heater isn't working at all,maintenance
my shower head is broken,maintenance
can someone fix the light switch,maintenance
the tv remote isn't working,maintenance
air conditioning is making a weird noise,maintenance
there's a problem with my toilet,maintenance
the bedroom lamp is burnt out,maintenance
can you repair the door handle please,maintenance
my room is too hot the ac broke,maintenance
the curtain rod fell down,maintenance
light bulb needs replacing in bathroom,maintenance
tv won't turn on at any channel,maintenance
maintenance needed in room 304,maintenance
the faucet in my sink is dripping,maintenance
can you please fix my room's heater,maintenance
shower not working properly,maintenance
the outlet in my room is not working,maintenance
air con is leaking water,maintenance
my door won't close properly,maintenance
could you send someone to fix the ac,maintenance
the bathroom exhaust fan is loud,maintenance
tv screen is cracked,maintenance
there's no hot water in my shower,maintenance
can you fix the window latch,maintenance
the mini fridge isn't cooling,maintenance
light is out in the hallway outside my room,maintenance
plumbing issue with the bathtub drain,maintenance
ac making strange noises need help,maintenance
the room is freezing can you fix it,maintenance
my window blind is stuck,maintenance
send maintenance for broken air conditioner,maintenance
the kitchen faucet won't turn off,maintenance
the heater is making noise,maintenance
can someone come fix the tv,maintenance
light fixture is broken in my room,maintenance
the bathroom door lock is stuck,maintenance
my shower is leaking underneath,maintenance
could you repair the bedroom light,maintenance
ac filter needs replacement,maintenance
the ceiling fan isn't spinning,maintenance
there's water dripping from the ac unit,maintenance
my room phone isn't working,maintenance
the bathroom mirror light went out,maintenance
the bathroom light won't turn on,maintenance
my ac is not working at all,maintenance
can you fix the tv in my room,maintenance
the toilet is running constantly please,maintenance
could you send someone to fix my door,maintenance
light switch broken in the bedroom,maintenance
the heater isn't working properly,maintenance
can someone come look at my sink,maintenance
my shower head is leaking water everywhere,maintenance
the remote control isn't working,maintenance
there's a problem with the air conditioning,maintenance
ac unit is making a weird sound,maintenance
can you please repair the bathroom fan,maintenance
the window won't close properly,maintenance
my tv screen is cracked,maintenance
the door handle is broken,maintenance
plumbing issue in the bathroom please,maintenance
could you fix the broken lamp,maintenance
the fridge isn't cooling at all,maintenance
there's water leaking from the ceiling,maintenance
ac stopped working this morning,maintenance
can you send maintenance to my room,maintenance
the bedroom door is stuck,maintenance
shower curtain rod fell down,maintenance
the toilet won't flush properly,maintenance
light bulb needs replacing in living room,maintenance
ac is blowing hot air,maintenance
can someone fix my tv please,maintenance
the bathroom sink is clogged,maintenance
bedroom window is stuck closed,maintenance
there's a crack in the bathroom mirror,maintenance
the heating system isn't working,maintenance
ac making strange noises again,maintenance
could you repair the broken blind,maintenance
the shower temperature won't change,maintenance
my room door lock is broken,maintenance
fan in bedroom not spinning,maintenance
there's a leak under the sink,maintenance
the tv won't turn off,maintenance
ac filter needs cleaning or replacing,maintenance
bathroom light flickering on and off,maintenance
the shower drain is slow,maintenance
could you please send someone to fix this,maintenance
my ac remote is missing,maintenance
the bedroom light is out,maintenance
there's condensation leaking from the ac unit,maintenance
door to the balcony won't lock,maintenance
the light in my room won't turn on,maintenance
can you fix the air conditioner it's too hot,maintenance
my tv remote isn't working,maintenance
the bathroom light is out,maintenance
could you please send someone to fix the ac,maintenance
there's something wrong with the toilet,maintenance
the curtains won't close properly,maintenance
can someone come look at the heating,maintenance
the door won't lock properly,maintenance
tv is not working at all,maintenance
the air conditioning is making a weird noise,maintenance
there's no hot water in the shower,maintenance
the desk lamp is broken,maintenance
ac is really loud and annoying,maintenance
can you fix the tv in room 304,maintenance
the window won't open,maintenance
light switch isn't working in the bathroom,maintenance
i need someone to fix the sink,maintenance
the fridge isn't cooling,maintenance
heater isn't working properly,maintenance
can you come fix my shower,maintenance
the microwave is broken,maintenance
there's a problem with the ac unit,maintenance
bathroom exhaust fan isn't working,maintenance
door handle is loose and broken,maintenance
can someone check the air conditioner,maintenance
light is flickering in the bedroom,maintenance
shower isn't getting hot water,maintenance
the toilet is running constantly,maintenance
ac stopped working completely,maintenance
can you fix the broken lamp,maintenance
the tv screen is cracked,maintenance
bedroom fan is making noise,maintenance
could you repair the bathroom sink,maintenance
light bulb needs replacing,maintenance
the door to the balcony is stuck,maintenance
ac vent is blocked,maintenance
shower pressure is really low,maintenance
the power outlet isn't working,maintenance
can you come fix the heating,maintenance
the alarm clock radio is broken,maintenance
toilet won't stop running please,maintenance
ac compressor is too loud,maintenance
the light in my bathroom won't turn on,maintenance
can you send someone to fix the ac,maintenance
my tv is not working at all,maintenance
the toilet won't stop running please,maintenance
could you fix the heating in here,maintenance
there's no hot water coming out,maintenance
the door won't close properly,maintenance
can someone come look at my lamp,maintenance
the air conditioning is broken,maintenance
can you send maintenance up please,maintenance
the light switch is broken,maintenance
ac is making a weird noise,maintenance
could you please fix the television,maintenance
the bathroom fan isn't working,maintenance
my room is way too cold,maintenance
can you fix the air conditioner,maintenance
the sink is backed up,maintenance
there's water dripping from the ceiling,maintenance
the curtains won't close,maintenance
the elevator seems broken,maintenance
microwave in room not working,maintenance
the bed lamp is flickering,maintenance
can someone fix the heating please,maintenance
the shower door is stuck,maintenance
ac stopped working send help,maintenance
my tv keeps turning off,maintenance
can you send someone for the ac,maintenance
the room is freezing cold,maintenance
tv not responding to remote,maintenance
could you please send maintenance,maintenance
the light is flickering in here,maintenance
my ac unit is really loud,maintenance
can you fix the broken door lock,maintenance
the shower won't get hot,maintenance
the mini fridge isn't cold,maintenance
there's a problem with the plumbing,maintenance
the desk lamp won't turn on,maintenance
can you come fix the ac unit,maintenance
the exhaust fan isn't working,maintenance
room is too hot please help,maintenance
the shower pressure is really low,maintenance
there's something wrong with the heating,maintenance
can you send someone to fix my air conditioning,maintenance
could you please come fix the tv,maintenance
my bathroom light is flickering,maintenance
ac not working in room 304,maintenance
can someone check the toilet it's running,maintenance
the heater is not working please,maintenance
my room is too cold can you help,maintenance
tv remote is broken do you have another,maintenance
the bedroom light went out,maintenance
can you fix the shower head pressure,maintenance
there's a problem with my room door,maintenance
ac making weird sounds please send someone,maintenance
the mini fridge stopped working,maintenance
can you come look at my lights,maintenance
shower not getting hot water,maintenance
could someone please fix my ac,maintenance
the sink won't drain properly,maintenance
room is freezing need heat fixed,maintenance
can you send maintenance to fix tv,maintenance
light switch not working in bedroom,maintenance
the air conditioning is leaking water,maintenance
my toilet is overflowing,maintenance
can someone come fix the shower,maintenance
ac unit making noise and not cooling,maintenance
the bedroom door won't close properly,maintenance
bathroom sink is clogged,maintenance
could you please send someone for the light,maintenance
tv has no picture,maintenance
the room temperature control is broken,maintenance
can you fix the water pressure in shower,maintenance
air conditioner is completely dead,maintenance
there's something wrong with the heater,maintenance
my room light is out,maintenance
tv won't turn on,maintenance
can maintenance come check the ac,maintenance
the tap in bathroom is dripping,maintenance
lights flickering in my room,maintenance
shower water is ice cold,maintenance
ac stopped blowing cold air,maintenance
the door lock seems broken,maintenance
can you send someone for the toilet issue,maintenance
room ac is making a loud noise,maintenance
the television is not responding,maintenance
could someone fix the bathroom light,maintenance
my shower handle is broken,maintenance
the heater won't kick on,maintenance
can i get a taxi to the station,concierge_taxi
i need a ride to the airport,concierge_taxi
send a car to my room please,concierge_taxi
arrange a cab for me,concierge_taxi
could i please have a taxi,concierge_taxi
book me a car for tonight,concierge_taxi
i need transport to downtown,concierge_taxi
get a taxi here now,concierge_taxi
can you call a taxi for me,concierge_taxi
i would like a car arranged,concierge_taxi
taxi to the train station please,concierge_taxi
need ride to hotel main entrance,concierge_taxi
send taxi to room 412 please,concierge_taxi
can you get me transportation,concierge_taxi
i need a car asap,concierge_taxi
book taxi downtown please,concierge_taxi
could you send a cab,concierge_taxi
arrange transport to the city center,concierge_taxi
call taxi for me now,concierge_taxi
i need ride to airport,concierge_taxi
get me taxi please,concierge_taxi
can you arrange car pickup,concierge_taxi
taxi to the restaurant please,concierge_taxi
need car to go shopping,concierge_taxi
send me a taxi driver,concierge_taxi
i would like transportation arranged,concierge_taxi
could you order a cab,concierge_taxi
bring taxi to lobby,concierge_taxi
need ride back to hotel,concierge_taxi
arrange car to station,concierge_taxi
can i have taxi now,concierge_taxi
taxi karke de do,concierge_taxi
need transport urgently please,concierge_taxi
order cab for me please,concierge_taxi
can you book car for tomorrow,concierge_taxi
i need ride somewhere,concierge_taxi
get taxi front entrance,concierge_taxi
send car my location,concierge_taxi
could you get me cab,concierge_taxi
need transport to address,concierge_taxi
book car asap please,concierge_taxi
arrange taxi pickup soon,concierge_taxi
call me taxi please,concierge_taxi
i need ride right now,concierge_taxi
send taxi here immediately,concierge_taxi
can you order transport,concierge_taxi
taxi front gate please,concierge_taxi
please arrange a car for pickup,concierge_taxi
send a cab to my room,concierge_taxi
i would like transportation to downtown,concierge_taxi
can you get me a taxi,concierge_taxi
need ride to train station,concierge_taxi
book car for me please,concierge_taxi
arrange pickup at front entrance,concierge_taxi
call taxi now please,concierge_taxi
i need transport to restaurant,concierge_taxi
could you send a car,concierge_taxi
get cab for me asap,concierge_taxi
need transportation in next hour,concierge_taxi
can taxi come to hotel,concierge_taxi
i would like a ride,concierge_taxi
please call me a cab,concierge_taxi
send vehicle to lobby,concierge_taxi
arrange transport to city center,concierge_taxi
need car to station,concierge_taxi
call me transportation please,concierge_taxi
can you book ride for me,concierge_taxi
i need taxi urgently,concierge_taxi
get transportation for me now,concierge_taxi
please send taxi to front,concierge_taxi
need pickup at entrance,concierge_taxi
could you arrange ride,concierge_taxi
i would like cab please,concierge_taxi
taxi to airport needed,concierge_taxi
send car now please,concierge_taxi
need ride downtown soon,concierge_taxi
can you get taxi quick,concierge_taxi
arrange cab for two people,concierge_taxi
i need transport immediately,concierge_taxi
please book taxi for me,concierge_taxi
send pickup to hotel,concierge_taxi
need car ride today,concierge_taxi
can taxi come now,concierge_taxi
book transport please,concierge_taxi
i would like ride to airport,concierge_taxi
need cab in fifteen minutes,concierge_taxi
arrange vehicle asap,concierge_taxi
get taxi for me now,concierge_taxi
please get car,concierge_taxi
need ride out front,concierge_taxi
taxi needed urgently,concierge_taxi
can you send vehicle,concierge_taxi
i need a taxi right now,concierge_taxi
arrange a car for me please,concierge_taxi
send a car to my room,concierge_taxi
i would like to book a car,concierge_taxi
need ride to the airport,concierge_taxi
can you order me a cab,concierge_taxi
get taxi please,concierge_taxi
i need transportation to downtown,concierge_taxi
could i get a ride somewhere,concierge_taxi
send taxi to hotel lobby,concierge_taxi
arrange ride for me,concierge_taxi
call taxi please,concierge_taxi
i need to go to station,concierge_taxi
can you send a car,concierge_taxi
order cab for me now,concierge_taxi
need transport to restaurant,concierge_taxi
can you arrange a ride,concierge_taxi
i would like a taxi,concierge_taxi
send me a car please,concierge_taxi
taxi to train station please,concierge_taxi
get me a ride,concierge_taxi
need cab to airport,concierge_taxi
can you book a car,concierge_taxi
arrange transportation for two people,concierge_taxi
i need a ride now,concierge_taxi
send taxi upstairs,concierge_taxi
need to go somewhere,concierge_taxi
book car for tomorrow morning,concierge_taxi
can i get a taxi please,concierge_taxi
i would like to arrange transport,concierge_taxi
send a cab to the entrance,concierge_taxi
need ride to city center,concierge_taxi
arrange car pickup please,concierge_taxi
can you get me a ride,concierge_taxi
i need transport to destination,concierge_taxi
book taxi for later today,concierge_taxi
get cab for me,concierge_taxi
need transportation asap,concierge_taxi
arrange taxi for tonight please,concierge_taxi
can you call a taxi for me please,concierge_taxi
send me a cab to the station,concierge_taxi
could i get a taxi downstairs,concierge_taxi
arrange a car for me,concierge_taxi
book me a taxi please,concierge_taxi
get a cab here right now,concierge_taxi
can you order me a car,concierge_taxi
i would like a ride somewhere,concierge_taxi
send taxi to my room,concierge_taxi
need a cab asap,concierge_taxi
call taxi for me,concierge_taxi
can you get me transport,concierge_taxi
i need to go somewhere need car,concierge_taxi
order me a ride please,concierge_taxi
taxi to the train station,concierge_taxi
get me transportation now,concierge_taxi
i need ride to hotel,concierge_taxi
arrange taxi immediately,concierge_taxi
book a car for tonight,concierge_taxi
send cab to lobby,concierge_taxi
can i get transport to airport,concierge_taxi
i would like a taxi please,concierge_taxi
need cab for tomorrow morning,concierge_taxi
call me transportation,concierge_taxi
get taxi here,concierge_taxi
could you arrange a ride,concierge_taxi
send me a vehicle,concierge_taxi
i need a car right now,concierge_taxi
taxi to main street please,concierge_taxi
arrange car for pickup,concierge_taxi
book transport for me,concierge_taxi
can you get cab,concierge_taxi
i need ride asap,concierge_taxi
send vehicle to front entrance,concierge_taxi
could you call taxi,concierge_taxi
get me a ride to airport,concierge_taxi
need transportation now please,concierge_taxi
book me a car,concierge_taxi
call car service for me,concierge_taxi
i need to go need taxi,concierge_taxi
arrange ride please,concierge_taxi
get transport arranged,concierge_taxi
send cab now,concierge_taxi
send a taxi to my room,concierge_taxi
can i get a cab downstairs,concierge_taxi
book me a taxi for tomorrow morning,concierge_taxi
i need transportation to the station,concierge_taxi
could you order a car,concierge_taxi
get me a ride please,concierge_taxi
can you arrange a pickup,concierge_taxi
i need a car now,concierge_taxi
book taxi for tonight,concierge_taxi
send car to hotel,concierge_taxi
arrange pickup for me,concierge_taxi
i need ride downtown,concierge_taxi
can you get me a cab,concierge_taxi
taxi to restaurant please,concierge_taxi
need car to airport,concierge_taxi
order me a taxi,concierge_taxi
could you arrange a car,concierge_taxi
get me transportation,concierge_taxi
taxi to city center,concierge_taxi
call me a taxi please,concierge_taxi
i need pickup service,concierge_taxi
arrange transport please,concierge_taxi
send taxi now,concierge_taxi
need ride to station,concierge_taxi
call a cab for me,concierge_taxi
taxi downtown please,concierge_taxi
get transport for me,concierge_taxi
could you get me a car,concierge_taxi
book me a ride,concierge_taxi
need taxi asap,concierge_taxi
arrange a taxi please,concierge_taxi
send me a cab,concierge_taxi
order taxi please,concierge_taxi
transportation to airport please,concierge_taxi
need car service,concierge_taxi
can i get a ride,concierge_taxi
book car for tomorrow,concierge_taxi
taxi please come soon,concierge_taxi
i don't want any disturbances today,do_not_disturb
please leave me alone for now,do_not_disturb
do not enter my room today,do_not_disturb
i need some peace and quiet,do_not_disturb
no visitors or service right now,do_not_disturb
keep out of my room please,do_not_disturb
don't come in my room today,do_not_disturb
i'm sleeping do not disturb,do_not_disturb
leave me alone i'm resting,do_not_disturb
no cleaning today thank you,do_not_disturb
don't knock on my door,do_not_disturb
please don't bother me right now,do_not_disturb
i need privacy right now,do_not_disturb
stop by later not now,do_not_disturb
no service for the rest of the day,do_not_disturb
do not come to my room,do_not_disturb
i want to be left alone,do_not_disturb
please skip my room today,do_not_disturb
don't service my room today,do_not_disturb
no one should come in here,do_not_disturb
i'm busy don't disturb me,do_not_disturb
can you leave me be,do_not_disturb
please don't interrupt me,do_not_disturb
no housekeeping needed today,do_not_disturb
i want quiet time alone,do_not_disturb
do not enter without permission,do_not_disturb
nobody in my room right now,do_not_disturb
i'm not taking visitors,do_not_disturb
please respect my privacy,do_not_disturb
don't bother me i'm sleeping,do_not_disturb
no disturbances all day,do_not_disturb
can you not come in,do_not_disturb
leave my room alone please,do_not_disturb
i need quiet no interruptions,do_not_disturb
please don't come back today,do_not_disturb
do not service this room,do_not_disturb
no staff needed right now,do_not_disturb
i'm resting please don't disturb,do_not_disturb
nobody should enter my room,do_not_disturb
can you skip my room,do_not_disturb
no cleaning or service today,do_not_disturb
please stay away from my room,do_not_disturb
i require complete privacy now,do_not_disturb
do not knock please,do_not_disturb
leave me in peace,do_not_disturb
no one come in,do_not_disturb
i'm not available right now,do_not_disturb
do not approach my door,do_not_disturb
please don't come in my room today,do_not_disturb
do not enter my room,do_not_disturb
i'm sleeping don't disturb,do_not_disturb
keep out of my room,do_not_disturb
don't bother me this morning,do_not_disturb
no service needed today,do_not_disturb
please skip my room,do_not_disturb
i don't want any interruptions,do_not_disturb
do not come in,do_not_disturb
leave my room alone,do_not_disturb
no housekeeping needed,do_not_disturb
don't clean please,do_not_disturb
busy do not disturb,do_not_disturb
no visitors no service,do_not_disturb
i prefer to be left alone,do_not_disturb
skip cleaning my room today,do_not_disturb
don't come knock on door,do_not_disturb
please no disturbances,do_not_disturb
working do not enter,do_not_disturb
sleeping please don't disturb,do_not_disturb
no one should enter,do_not_disturb
i'm resting don't come in,do_not_disturb
privacy mode on,do_not_disturb
absolutely no service today,do_not_disturb
can you not clean today,do_not_disturb
i need quiet time alone,do_not_disturb
no maids please,do_not_disturb
don't send anyone to my room,do_not_disturb
occupied do not disturb,do_not_disturb
no interruptions whatsoever,do_not_disturb
housekeeping can wait today,do_not_disturb
do not clean today please,do_not_disturb
i'm indisposed leave me be,do_not_disturb
keep housekeeping away,do_not_disturb
skip my room this time,do_not_disturb
don't bother me at all,do_not_disturb
no cleaning no service,do_not_disturb
i don't need anything today,do_not_disturb
please don't enter,do_not_disturb
off limits no entry,do_not_disturb
nobody in my room,do_not_disturb
just leave me alone,do_not_disturb
please don't come into my room today,do_not_disturb
leave me alone for the rest of the day,do_not_disturb
housekeeping can skip my room,do_not_disturb
please keep the housekeeping staff away,do_not_disturb
don't disturb for the whole day,do_not_disturb
no one should enter this room,do_not_disturb
skip my room for today,do_not_disturb
no service calls to my room,do_not_disturb
don't send housekeeping today,do_not_disturb
nobody in my room please,do_not_disturb
do not clean room today,do_not_disturb
can you not come in today,do_not_disturb
housekeeping do not enter,do_not_disturb
no visitors to my room,do_not_disturb
don't clean anything in here,do_not_disturb
leave my room as is,do_not_disturb
no housekeeping visits today,do_not_disturb
i'm requesting no disturbances,do_not_disturb
please don't bother me,do_not_disturb
no one should bother me today,do_not_disturb
don't send anyone up here,do_not_disturb
stay out of my room,do_not_disturb
no room service or cleaning,do_not_disturb
housekeeping skip this room,do_not_disturb
can i get privacy please,do_not_disturb
no cleaning service today,do_not_disturb
don't enter without permission,do_not_disturb
no one to my room today,do_not_disturb
housekeeping please avoid my room,do_not_disturb
no interruptions all day,do_not_disturb
i would like no service today,do_not_disturb
could you skip my room,do_not_disturb
would you please not disturb me,do_not_disturb
don't let anyone in my room,do_not_disturb
no housekeeping no room service,do_not_disturb
keep staff out of my room,do_not_disturb
please do not enter my room today,do_not_disturb
leave me alone for now,do_not_disturb
no service today thanks,do_not_disturb
do not come in my room,do_not_disturb
no cleaning today please,do_not_disturb
no one in my room today,do_not_disturb
i want to sleep do not disturb,do_not_disturb
no maid service for me today,do_not_disturb
no entry to my room,do_not_disturb
please no service this afternoon,do_not_disturb
keep staff away from my room,do_not_disturb
no housekeeping thanks,do_not_disturb
do not clean today,do_not_disturb
leave me be,do_not_disturb
no service please i'm resting,do_not_disturb
don't need anything just peace and quiet,do_not_disturb
no cleaning no service nothing,do_not_disturb
no staff please,do_not_disturb
don't service this room,do_not_disturb
can you not clean my room,do_not_disturb
no disturbances please,do_not_disturb
i don't want housekeeping,do_not_disturb
keep everyone out of my room,do_not_disturb
no one should come in,do_not_disturb
skip this room please,do_not_disturb
do not interrupt me,do_not_disturb
no service at all today,do_not_disturb
leave my room untouched,do_not_disturb
no cleaning until i say so,do_not_disturb
don't disturb unless emergency,do_not_disturb
i want zero interruptions,do_not_disturb
keep the staff out,do_not_disturb
please give me privacy,do_not_disturb
no service requests right now,do_not_disturb
don't come near my room,do_not_disturb
please do not disturb my room today,do_not_disturb
i don't want any service right now,do_not_disturb
keep out of my room this morning,do_not_disturb
no one should enter my room today,do_not_disturb
don't come in my room,do_not_disturb
i need privacy for the next few hours,do_not_disturb
please skip housekeeping today,do_not_disturb
no cleaning service needed right now,do_not_disturb
i don't want housekeeping in my room,do_not_disturb
can you skip my room for today,do_not_disturb
please don't clean my room right now,do_not_disturb
no housekeeping please i'm busy,do_not_disturb
can you not come to my room,do_not_disturb
please leave my room untouched,do_not_disturb
skip my room this morning,do_not_disturb
i would prefer no service today,do_not_disturb
do not knock on my door,do_not_disturb
housekeeping please skip me,do_not_disturb
no one in my room please,do_not_disturb
i need quiet time no disturbance,do_not_disturb
please don't interrupt me right now,do_not_disturb
no maintenance or cleaning today,do_not_disturb
i'm in do not disturb mode,do_not_disturb
no service calls please,do_not_disturb
i don't need anything right now leave me,do_not_disturb
please no interruptions today,do_not_disturb
no room service or housekeeping please,do_not_disturb
don't bother me i'm resting,do_not_disturb
keep people out of my room,do_not_disturb
i want complete privacy right now,do_not_disturb
no staff in my room today,do_not_disturb
please forget about my room for now,do_not_disturb
do not send housekeeping,do_not_disturb
i would like no disturbance today,do_not_disturb
absolutely no service this morning,do_not_disturb
no one is allowed in here,do_not_disturb
please don't clean or service my room,do_not_disturb
i need undisturbed time alone,do_not_disturb
stay away from my room please,do_not_disturb
do not send anyone here right now,do_not_disturb
can you give me a wake up call at 7 am,wake_up_call
i need a wake up call tomorrow at 6,wake_up_call
please set a wake up call for 8 am,wake_up_call
could you wake me up at half 7,wake_up_call
id like a wake up call at 5 30,wake_up_call
wake me tomorrow at 6 30 please,wake_up_call
can i get a wake up call at 9,wake_up_call
i need to be woken up at 7 15,wake_up_call
set me a wake up call for 6 am,wake_up_call
would you wake me at 8 in the morning,wake_up_call
can you call me at 7 30 tomorrow,wake_up_call
i want to be woken up at 6,wake_up_call
please wake me up at half past 8,wake_up_call
could i have a wake up call at 5,wake_up_call
set alarm for 6 15 am please,wake_up_call
wake me at 7 am tomorrow morning,wake_up_call
id like a call at 6 30 please,wake_up_call
can you wake me at 9 30 tomorrow,wake_up_call
i need a wake up call at 8 30,wake_up_call
please give me a wake up call at 7,wake_up_call
wake me up tomorrow at half 6,wake_up_call
can i get woken up at 5 am,wake_up_call
id like you to wake me at 7,wake_up_call
set a wake up call for half 8,wake_up_call
wake me at 6 45 in the morning,wake_up_call
could you please wake me at 8 am,wake_up_call
i want a wake up call at 9,wake_up_call
set wake up call for 6 am,wake_up_call
can you call me at 8 tomorrow morning,wake_up_call
please wake me at 7 30 tomorrow,wake_up_call
id like a wake up call at half 5,wake_up_call
wake me tomorrow at 8 please,wake_up_call
can you give me a call at 6 30,wake_up_call
i need woken up at 7 am,wake_up_call
please set wake up call for 5 30,wake_up_call
could you wake me tomorrow at 9,wake_up_call
wake me at half 7 in the morning,wake_up_call
id like to be woken at 6 am,wake_up_call
set up a wake up call at 8,wake_up_call
can i have a call at 7 15,wake_up_call
i want a wake up call at 6 30,wake_up_call
please wake me up at 9 tomorrow,wake_up_call
could you give me a wake up call at 5,wake_up_call
wake me at 8 am please tomorrow,wake_up_call
id like a wake up call for 7 am,wake_up_call
can you give me a wake up call at 6 am,wake_up_call
i need a wake up call tomorrow at 7,wake_up_call
could you please wake me at 5 30,wake_up_call
wake me up at 8 tomorrow morning,wake_up_call
id like a wake up call at 6,wake_up_call
set me a wake up call for 9,wake_up_call
can i get a wake up call at 7 am,wake_up_call
please wake me at half past 7,wake_up_call
i need to be woken up at 6,wake_up_call
wake me at 630 in the morning,wake_up_call
could you wake me at 8 please,wake_up_call
can you call me at 7 tomorrow,wake_up_call
i'd appreciate a wake up call at 5,wake_up_call
wake me up tomorrow at half 8,wake_up_call
please give me a wake up call at 6 30,wake_up_call
set up a wake up call for 7 am,wake_up_call
can you arrange a wake up call at 8,wake_up_call
i want to be woken at 630,wake_up_call
wake me at 5 tomorrow please,wake_up_call
could i get a wake up call at 9 am,wake_up_call
please call my room at 7 am,wake_up_call
i need a wake up call for 6,wake_up_call
wake me early tomorrow at 5 30,wake_up_call
can you call me at 630 in the morning,wake_up_call
id like to be woken at 7,wake_up_call
wake up call at 8 please,wake_up_call
could you call and wake me at 6,wake_up_call
can you give me a wake up at 7 30,wake_up_call
please make sure i wake up at 8,wake_up_call
wake me at half 6 tomorrow morning,wake_up_call
id appreciate a wake up call at 5 am,wake_up_call
can i request a wake up call at 9,wake_up_call
wake me up at 530 please,wake_up_call
set a wake up call for 6 tomorrow,wake_up_call
could you give me a wake up call at 8 am,wake_up_call
please wake my room at 7 tomorrow,wake_up_call
i need waking up at 6 am,wake_up_call
wake me at 7 sharp tomorrow,wake_up_call
can you arrange to wake me at 630,wake_up_call
i want a wake up call for 5 am,wake_up_call
please set a wake up call at 8,wake_up_call
wake me at 630 sharp tomorrow morning,wake_up_call
can you ring me at 6 in the morning,wake_up_call
please call and wake me at 530,wake_up_call
wake up call needed at 7 tomorrow,wake_up_call
wake me up at half 7 tomorrow,wake_up_call
can i get a wake up call at 5 30,wake_up_call
i'd like a wake up call please at 9,wake_up_call
wake me at 7 30 in the morning,wake_up_call
could you wake me up at 6 am,wake_up_call
i need you to wake me at 8,wake_up_call
set wake up call for 6 15 am,wake_up_call
can you wake me tomorrow at 7,wake_up_call
i want to wake up at 5 am,wake_up_call
please wake me at half past 8,wake_up_call
wake me up at 7 45 tomorrow morning,wake_up_call
could i have a wake up call at 6,wake_up_call
i need wake up call 8 o'clock,wake_up_call
wake me tomorrow morning at half 6,wake_up_call
can i request a wake up call for 7,wake_up_call
set me a wake up call at 5,wake_up_call
would you wake me at 9 am please,wake_up_call
wake up call needed at 6 30 am,wake_up_call
can you set a wake up call 8 am,wake_up_call
i'd like to wake up at 7 am,wake_up_call
please can you wake me at 6 30,wake_up_call
wake me at 7 tomorrow morning please,wake_up_call
i need a wake up call at half 9,wake_up_call
wake me up tomorrow at 8 o'clock,wake_up_call
could you please wake me at 5 am,wake_up_call
i want a wake up call for 6,wake_up_call
set a wake up call 7 30,wake_up_call
wake me at 6 in the morning,wake_up_call
can you give me a wake up call 5,wake_up_call
i would like a wake up call at 8,wake_up_call
need wake up call half past 7,wake_up_call
wake me please at 6 45 tomorrow,wake_up_call
could you wake me at 7 30 please,wake_up_call
wake up call at 6 am tomorrow,wake_up_call
please set wake up call for 9,wake_up_call
i need wake me up call at 7,wake_up_call
can i get a wake up call at 8 30,wake_up_call
set wake up call half 8,wake_up_call
i'd appreciate a wake up call at 6,wake_up_call
wake me at 5 o'clock please,wake_up_call
could you set me a wake up call at 7,wake_up_call
i want wake up call at 7 am,wake_up_call
wake up call needed tomorrow at 5,wake_up_call
could you please wake me up at 8 am,wake_up_call
wake me up tomorrow morning at 6:30,wake_up_call
set a wake up call for 7:15 please,wake_up_call
i'd like a wake up call at 5 am,wake_up_call
can i get a wake up call at 8,wake_up_call
wake up call needed at 6 am tomorrow,wake_up_call
wake me at 5:30 in the morning,wake_up_call
i need to be woken up at 6:45,wake_up_call
could i get a wake up call at 9,wake_up_call
wake up call for 6 tomorrow please,wake_up_call
can you wake me up at half 7,wake_up_call
please wake me tomorrow at 6:15 am,wake_up_call
wake me up at 7:45 tomorrow morning,wake_up_call
set wake up call at 5 am please,wake_up_call
can you give me a call at 6:30,wake_up_call
wake me at 8 tomorrow please,wake_up_call
i need a call at 6 am,wake_up_call
could you call me at 7 tomorrow,wake_up_call
wake up call at 6:20 please,wake_up_call
please can you wake me at 7:30,wake_up_call
wake me up early tomorrow at 6,wake_up_call
i'd appreciate a wake up call at 8,wake_up_call
can you call me at 6 in the morning,wake_up_call
wake me at 5 am sharp tomorrow,wake_up_call
i want to be woken up at 7:15,wake_up_call
set me a wake up call for 6:45,wake_up_call
can i have a wake up call at 7:30,wake_up_call
wake me up tomorrow at 6:20 please,wake_up_call
i need woken up at 6 am,wake_up_call
could you wake me at 8:15 tomorrow,wake_up_call
wake up call needed at 7 am please,wake_up_call
can you arrange a wake up call at 6,wake_up_call
please wake me up at 6 tomorrow,wake_up_call
i'd like to request a wake up call at 7,wake_up_call
wake me at 7 in the morning please,wake_up_call
can you wake me at 6:30 tomorrow,wake_up_call
i need a morning call at 5:30,wake_up_call
wake up call at 7:45 needed please,wake_up_call
could i get a call at 6:15 am,wake_up_call
wake me tomorrow morning at 8 please,wake_up_call
i would appreciate a wake up call at 6:30,wake_up_call
can you do a wake up call at 7 am,wake_up_call
can you wake me up at 5 am tomorrow,wake_up_call
i need a wake up call at 7 tomorrow morning,wake_up_call
please set a wake up call for 6:30,wake_up_call
wake me at 8 o'clock,wake_up_call
could you give me a wake up call at 6,wake_up_call
i'd like a wake up call at 5:30 am,wake_up_call
need wake up call 9 am,wake_up_call
set alarm for 7:15 in the morning,wake_up_call
wake me tomorrow at half past 7,wake_up_call
can i get a wake up call at 6:45,wake_up_call
wake me up at 4:30 am please,wake_up_call
i would like to request a wake up call at 8:30,wake_up_call
need to be woken at 5:45 tomorrow,wake_up_call
can you call me at 7:30 in the morning,wake_up_call
wake up call at 6 am needed,wake_up_call
please wake me at 8:15 tomorrow,wake_up_call
i need woken up at 6:30 tomorrow morning,wake_up_call
set me a wake up call for 5 am,wake_up_call
can you arrange a wake up call at 7:45,wake_up_call
wake me at half 8 tomorrow morning,wake_up_call
could i get a wake up call at 4:45,wake_up_call
i want to be woken at 6:15 am,wake_up_call
need alarm call 7 am tomorrow,wake_up_call
wake me up 5:30 please,wake_up_call
can you wake me at 9:30 tomorrow,wake_up_call
i'd like a wake up call for 6:20,wake_up_call
wake me at 5 o'clock sharp,wake_up_call
need wake up call tomorrow 8 am,wake_up_call
please arrange wake up call at 7 am,wake_up_call
wake me early tomorrow at 5:15,wake_up_call
can you call my room at 6:30,wake_up_call
i would like a wake up call at 10 am,wake_up_call
need to be called at 4 am,wake_up_call
wake me at quarter past 6 tomorrow,wake_up_call
can i have a wake up call at 8:45,wake_up_call
set a wake up call please for 5:30,wake_up_call
wake me tomorrow morning at 6,wake_up_call
need wake up call at 7:30 am please,wake_up_call
could you wake me at 5:20 tomorrow,wake_up_call
i need a wake up call at 9 am tomorrow,wake_up_call
wake me at 6:40 in the morning,wake_up_call
please set wake up call 8:15 tomorrow,wake_up_call
can you give me a call at 7:10 am,wake_up_call
i'd like to request wake up call at 5 am,wake_up_call
need alarm for 6:50 tomorrow morning,wake_up_call
wake me tomorrow at 5:45 please,wake_up_call
what time do i need to check out tomorrow,checkout
can i get a late checkout please,checkout
when's checkout time,checkout
"i'm leaving soon, can you process my bill",checkout
could you bring the bill to my room,checkout
what's on my final bill,checkout
i'd like to extend my stay one more night,checkout
can i stay until noon,checkout
checkout is at eleven right,checkout
need to leave in an hour,checkout
what do i owe you,checkout
can you prepare my bill for checkout,checkout
is there a late checkout fee,checkout
i want to check out early tomorrow,checkout
could i get an itemized bill,checkout
what time should i vacate the room,checkout
can i do a late checkout for a few hours,checkout
send my bill whenever you're ready,checkout
"checking out in the morning, need anything from me",checkout
late checkout available for tomorrow,checkout
what's the checkout procedure,checkout
"bill please, i'm heading out",checkout
can the bill be ready by nine,checkout
do i need to return the key card,checkout
can i stay another night,checkout
what time's my checkout,checkout
is checkout flexible,checkout
i'd like to leave later than noon,checkout
can i get until two pm for checkout,checkout
bill to the room please,checkout
how much do i owe for the stay,checkout
what are the late checkout options,checkout
can you charge my card for the bill,checkout
"checkout early, around eight am",checkout
late checkout how much extra,checkout
final bill please,checkout
when do i have to be out,checkout
can i keep the room a few more hours,checkout
what's included in the bill,checkout
any charges i should know about,checkout
"checkout tomorrow morning, what's the process",checkout
can you send the bill downstairs,checkout
room 412 checking out soon,checkout
can i get a late checkout,checkout
i'm leaving in an hour can you prepare my bill,checkout
could you please bring my final bill to the room,checkout
i need to check out early,checkout
what's the latest i can stay,checkout
can we do a late checkout until two pm,checkout
how much is late checkout,checkout
what time is checkout,checkout
need my bill asap,checkout
can i check out later today,checkout
is checkout at eleven or twelve,checkout
i'm ready to check out now,checkout
could i possibly get a late checkout,checkout
prepare my invoice please,checkout
when do i have to leave,checkout
can you expedite checkout for me,checkout
i need to leave early tomorrow morning,checkout
late checkout available,checkout
how late can i check out,checkout
what's my total bill,checkout
send me the bill,checkout
i'm checking out this morning,checkout
do you charge extra for late checkout,checkout
can i get until three pm to check out,checkout
is there any way to check out later,checkout
bring the check to my room,checkout
late checkout options,checkout
how much do i owe for my stay,checkout
can we arrange a late checkout,checkout
i'd like my bill now,checkout
checking out tomorrow around noon,checkout
what's included in my final bill,checkout
can i stay an extra night,checkout
how much is my final bill,checkout
when's checkout time here,checkout
i need to extend my stay,checkout
what's on my bill,checkout
can you bring my invoice to the room,checkout
do you have late checkout available,checkout
how late can i stay,checkout
what do i owe for my room,checkout
can i get an itemized bill,checkout
is there a charge for late checkout,checkout
i'm checking out in an hour,checkout
can you send my bill to my email,checkout
do you offer late checkout,checkout
how much extra for staying longer,checkout
can i checkout later today,checkout
i'd like to see my charges,checkout
is there a fee for a late departure,checkout
can you extend my room for another night,checkout
when's the latest i can check out,checkout
send me my bill please,checkout
what's included in my bill,checkout
i'm ready to checkout now,checkout
how long can i stay in my room today,checkout
what time do guests normally leave,checkout
can i keep my room for one more day,checkout
do you have any rooms available tomorrow night,checkout
i need my invoice before i leave,checkout
can i pay my bill now,checkout
how much do i owe total,checkout
is early checkout possible,checkout
what's the charge for late checkout,checkout
can i get a receipt,checkout
what time should i hand in my key,checkout
do you do express checkout,checkout
"my bill seems high, can you review it",checkout
can i store my luggage after checkout,checkout
what happens if i checkout late,checkout
how do i settle my account,checkout
i'd like to extend by one night,checkout
what's on my room bill,checkout
what time do i need to check out today,checkout
do you have my final bill,checkout
can you send the bill to my room,checkout
i'd like to settle my account before i leave,checkout
are there any charges i don't recognize,checkout
can i check out early,checkout
do i need to do anything special to check out,checkout
what happens if i check out late,checkout
can you extend my stay by one more night,checkout
how much extra for late checkout,checkout
"i'm leaving in an hour, what do i need to do",checkout
could you prepare my bill please,checkout
can i check out now,checkout
what time can i check out until,checkout
do i pay at the desk or in my room,checkout
are there any pending charges,checkout
can you itemize my bill,checkout
i'd like to review my charges,checkout
what's the late checkout policy,checkout
can i get an extra hour,checkout
do i need to return my key,checkout
should i leave my key at the desk,checkout
what do i do with my luggage after checkout,checkout
can you store my bags,checkout
when do i absolutely have to leave,checkout
can we do a late check out,checkout
i need to check out but can i leave my bags,checkout
what time is final checkout,checkout
do you need me to vacate by a certain time,checkout
is my bill ready,checkout
how long can i stay in my room,checkout
what's included in the final charge,checkout
are there resort fees,checkout
can i get an itemized receipt,checkout
should i pack everything before checkout,checkout
do you need the room key,checkout
what if i can't leave on time,checkout
can you bill my card for everything,checkout
is there anything i need to sign,checkout
what's the damage,checkout
can i extend one more day,checkout
how much is my bill,checkout
when's checkout,checkout
i need to see my invoice before i leave,checkout
could you please tell me my total charges,checkout
can i extend my stay,checkout
how long can i stay past checkout,checkout
can you bring my bill to my room,checkout
do i have any extra charges on my account,checkout
i'd like to settle my account,checkout
how much do i owe for the room,checkout
what are the checkout procedures,checkout
late checkout possible,checkout
need my itemized bill please,checkout
when do i have to vacate the room,checkout
can i get an extension on my stay,checkout
what's the cost of late checkout,checkout
show me what i'm being charged for,checkout
can i stay until tomorrow afternoon,checkout
do you have availability for late checkout,checkout
what time tomorrow do i check out,checkout
i want to review my charges,checkout
can you process my checkout,checkout
what's my final bill,checkout
how much extra for staying later,checkout
checkout time is when exactly,checkout
need to settle up before i leave,checkout
can i get my receipt,checkout
what are all the charges on my room,checkout
do i pay now or at checkout,checkout
can someone help me with checkout,checkout
is there a fee for late departure,checkout
what do i owe the hotel,checkout
can you send an invoice to my room,checkout
when's the deadline to check out,checkout
can i get some extra pillows please,pillow_request
i need more pillows for my bed,pillow_request
could you bring me another pillow,pillow_request
send me a couple pillows,pillow_request
do you have any softer pillows,pillow_request
i'd like some pillows that are not so flat,pillow_request
can you send up some blankets,pillow_request
i need blankets for the room,pillow_request
could i get an extra blanket please,pillow_request
send up some blankets to my room,pillow_request
i need a firmer pillow,pillow_request
do you have any memory foam pillows,pillow_request
can i get pillows that are less fluffy,pillow_request
i'd like to request some extra blankets,pillow_request
could you please bring pillows to room 412,pillow_request
send pillows to my room right away,pillow_request
i need pillows asap,pillow_request
can you bring me pillows in like 10 minutes,pillow_request
pillow delivery please,pillow_request
blanket delivery to my room,pillow_request
i need more blankets up here,pillow_request
the pillows are too thin can i get thicker ones,pillow_request
could i have some additional pillows and blankets,pillow_request
blankets please,pillow_request
send pillows now,pillow_request
i need like three more pillows,pillow_request
can you bring me an extra pillow and blanket,pillow_request
i'd prefer a different pillow,pillow_request
do you have hypoallergenic pillows,pillow_request
can i get a cooler pillow,pillow_request
send me down pillows or synthetic,pillow_request
i need pillows that don't go flat,pillow_request
can you replace these pillows,pillow_request
the pillow is uncomfortable can i get another,pillow_request
bring more blankets i'm cold,pillow_request
i'm cold need more blankets,pillow_request
extra pillows to room 508 please,pillow_request
can you send up two blankets,pillow_request
i'd like softer pillows for sleeping,pillow_request
do you have any down pillows available,pillow_request
could you bring pillows to my suite,pillow_request
need pillows delivered now please,pillow_request
can i request more blankets for tonight,pillow_request
could you send up a few pillows,pillow_request
do you have any soft pillows available,pillow_request
bring me blankets and pillows,pillow_request
i'd like some additional blankets,pillow_request
can you bring blankets to my room,pillow_request
need pillows asap,pillow_request
would you mind bringing me pillows,pillow_request
send some pillows up to my room,pillow_request
i need pillows that are not too soft,pillow_request
could i get blankets please,pillow_request
bring me like three pillows,pillow_request
i would like softer pillows,pillow_request
can i request extra blankets,pillow_request
need blankets my room is cold,pillow_request
could you please bring pillows,pillow_request
i would like to exchange my pillow,pillow_request
send up some blankets,pillow_request
can you bring me a blanket,pillow_request
pillows and blankets please,pillow_request
i need better pillows,pillow_request
would it be possible to get more pillows,pillow_request
bring pillows to room now,pillow_request
i'd like some firmer pillows,pillow_request
can i get blankets delivered,pillow_request
need soft pillows please,pillow_request
could you spare some extra pillows,pillow_request
bring me a blanket i'm cold,pillow_request
i would like pillows with different firmness,pillow_request
can you send blankets up,pillow_request
do you have down pillows,pillow_request
pillows for my room please,pillow_request
send pillows asap,pillow_request
i need pillows for my guest,pillow_request
could i get a couple blankets,pillow_request
bring me some pillows right away,pillow_request
i'd like to request pillows,pillow_request
my pillow is uncomfortable can i get another,pillow_request
need pillows and blankets,pillow_request
can i get hypoallergenic blankets,pillow_request
pillows to my room please,pillow_request
i would appreciate some extra blankets,pillow_request
send me pillows,pillow_request
do you have memory foam pillows,pillow_request
do you have any spare pillows available,pillow_request
could you bring me a couple pillows,pillow_request
send some pillows to my room right away,pillow_request
i'd like some additional pillows if possible,pillow_request
we need more pillows in here,pillow_request
can you bring pillows up to my room,pillow_request
i need pillows that are softer,pillow_request
do you have any hypoallergenic pillows,pillow_request
could you please send up some blankets,pillow_request
i would like thicker pillows,pillow_request
send blankets to my room,pillow_request
can i get a blanket too,pillow_request
my pillows are too flat,pillow_request
do you have pillows with memory foam,pillow_request
could you bring extra blankets please,pillow_request
i'd like some pillows asap,pillow_request
need pillows now,pillow_request
send pillows immediately,pillow_request
can we get more blankets,pillow_request
the pillows are uncomfortable,pillow_request
i need softer bedding,pillow_request
bring me a couple blankets,pillow_request
i would like warmer blankets,pillow_request
do you have fluffier pillows,pillow_request
can you send up blankets and pillows,pillow_request
i need pillows that are not flat,pillow_request
could i please get more pillows,pillow_request
my pillow is too thin,pillow_request
send me some pillows right now,pillow_request
bring blankets to my room,pillow_request
i'd appreciate some extra pillows,pillow_request
can we get additional blankets,pillow_request
need a few more pillows,pillow_request
could you bring me blankets,pillow_request
i want softer pillows,pillow_request
do you have pillows available,pillow_request
can i request extra bedding,pillow_request
bring me pillows and blankets please,pillow_request
i need better pillows for my neck,pillow_request
could you please bring blankets,pillow_request
send up some extra pillows,pillow_request
the blanket is too thin,pillow_request
i would like warmer pillows,pillow_request
can you get me pillows,pillow_request
i need more pillows in my room,pillow_request
could you send up a couple pillows,pillow_request
more pillows needed,pillow_request
can you bring pillows to my room,pillow_request
id like some additional pillows,pillow_request
we need more pillows for our room,pillow_request
send pillows up to my room,pillow_request
could i get a pillow or two,pillow_request
do you have extra pillows,pillow_request
i need pillows for my bed,pillow_request
bring me a couple extra pillows,pillow_request
pillow delivery to room needed,pillow_request
can you bring me some pillows,pillow_request
id appreciate some extra pillows,pillow_request
we could use a few more pillows,pillow_request
more pillows please,pillow_request
could you deliver pillows to my room,pillow_request
i would like some extra pillows,pillow_request
bring pillows to my room,pillow_request
could you please send pillows,pillow_request
extra pillows to my room,pillow_request
we need additional pillows,pillow_request
can i request some pillows,pillow_request
pillows needed for my room,pillow_request
id like to request some pillows,pillow_request
send some pillows up please,pillow_request
couple more pillows please,pillow_request
could we get extra pillows,pillow_request
do you have any pillows,pillow_request
i need softer pillows,pillow_request
bring me more pillows,pillow_request
need a few pillows,pillow_request
could you deliver some pillows,pillow_request
extra pillows needed in room,pillow_request
do you have pillows i can use,pillow_request
can you send pillows to my room,pillow_request
id like pillows delivered,pillow_request
we would like some extra pillows,pillow_request
bring extra pillows please,pillow_request
pillows to my room,pillow_request
i need pillows right away,pillow_request
could you bring me pillows,pillow_request
more pillows needed in my room,pillow_request
send me more pillows,pillow_request
i need additional pillows for my bed,pillow_request
could you bring pillows to my room,pillow_request
i'd like some pillows delivered to my room,pillow_request
can you send up more pillows,pillow_request
i need pillows that are not so firm,pillow_request
could i please get a couple more pillows,pillow_request
bring me some blankets and pillows,pillow_request
send some pillows to room 412,pillow_request
can i request more pillows,pillow_request
i need better pillows for sleeping,pillow_request
can you send extra blankets up,pillow_request
i'd like to exchange these pillows,pillow_request
send me softer pillows,pillow_request
pillows and blankets needed,pillow_request
could i get some firm pillows please,pillow_request
more pillows to my room,pillow_request
can i get pillows brought to my room,pillow_request
i would like some blankets too,pillow_request
send blankets and pillows up,pillow_request
can you bring me pillows before bed,pillow_request
need more pillows urgently,pillow_request
pillows for my room,pillow_request
could i get softer blankets,pillow_request
i need pillows that are fluffy,pillow_request
can you bring extra blankets,pillow_request
send me some blankets,pillow_request
i'd like additional bedding,pillow_request
could you send pillows to my suite,pillow_request
bring blankets please,pillow_request
i need better sleeping arrangements,pillow_request
can i get memory foam pillows,pillow_request
send up some extra blankets,pillow_request
i would like hypoallergenic pillows,pillow_request
can you bring me a pillow,pillow_request
more bedding please,pillow_request
i need pillows delivered now,pillow_request
could we get more pillows,pillow_request
can you turn the lights off please,lighting_control
lights are too bright in here,lighting_control
make the lights dimmer,lighting_control
i need the lights turned on,lighting_control
could you dim the lights for me,lighting_control
the bedroom light is too bright,lighting_control
turn on all the lights,lighting_control
lights off in the bathroom,lighting_control
can the lights be brighter,lighting_control
i need it darker in here,lighting_control
turn the overhead light off,lighting_control
switch off the lights when you leave,lighting_control
lights need to be adjusted,lighting_control
can you make it less bright,lighting_control
turn on the bedside lamp,lighting_control
the lights too dim,lighting_control
make the room brighter please,lighting_control
turn off the main light,lighting_control
i cant see anything dim these lights,lighting_control
could you brighten up the room,lighting_control
lights in the living area off,lighting_control
turn the lights down,lighting_control
need the lights on in here,lighting_control
can you turn on some lights,lighting_control
the lighting is too much,lighting_control
adjust all the lights for me,lighting_control
turn off every light,lighting_control
make the lights softer,lighting_control
i want the lights dimmer,lighting_control
could the lights be turned off,lighting_control
bright in here turn them down,lighting_control
turn on the light please,lighting_control
lights way too bright fix it,lighting_control
can you switch the lights on,lighting_control
the room is too dark,lighting_control
i need brighter lighting in here,lighting_control
turn off the light by the bed,lighting_control
lights are killing me dim them,lighting_control
can lights be adjusted lower,lighting_control
switch the lights off please,lighting_control
could you turn on the main light,lighting_control
room needs to be darker,lighting_control
lights on in the hallway,lighting_control
make it brighter in the bedroom,lighting_control
turn off all the lights now,lighting_control
the lamps are too bright,lighting_control
can you make the room darker please,lighting_control
turn lights on full brightness,lighting_control
can you dim the lights in my room,lighting_control
lights are too bright please help,lighting_control
make it darker in here,lighting_control
could you brighten up my room,lighting_control
the lighting is way too dim,lighting_control
turn up the brightness please,lighting_control
can lights be adjusted,lighting_control
my room is too dark,lighting_control
lights too bright fix it,lighting_control
dim the lights for me,lighting_control
brighten my room please,lighting_control
i need some light in here,lighting_control
lights off please,lighting_control
can the lights be dimmer,lighting_control
make room brighter,lighting_control
lights are killing my eyes,lighting_control
could the lights be softer,lighting_control
turn lights up,lighting_control
i want the lights lower,lighting_control
the room is too dark help,lighting_control
can you adjust brightness,lighting_control
lights need to be off,lighting_control
could you turn on some lights,lighting_control
make the lights softer please,lighting_control
my lights wont turn on,lighting_control
can i get the lights dimmed,lighting_control
lights on in the bedroom,lighting_control
turn up the lights please,lighting_control
the lighting is too harsh,lighting_control
could you turn off the lights,lighting_control
i need lights turned on now,lighting_control
room is too bright right now,lighting_control
can you lower the lights,lighting_control
lights are too dim in here,lighting_control
turn the lights on please,lighting_control
could i have some light,lighting_control
lights need adjusting,lighting_control
make it brighter in my room,lighting_control
can you soften the lighting,lighting_control
lights dimmer please,lighting_control
i need the lights changed,lighting_control
can you dim the lights for me please,lighting_control
lights are too bright right now,lighting_control
i need the lights turned down,lighting_control
the lighting is too dark in here,lighting_control
lights too dim,lighting_control
switch off the overhead light,lighting_control
kill the lights,lighting_control
can you turn the bedside lamp on,lighting_control
bedroom lamp needs to be on,lighting_control
turn on the bathroom light,lighting_control
bathroom lights won't turn on,lighting_control
i need more light in the living area,lighting_control
dim the lights to fifty percent,lighting_control
make it darker please,lighting_control
lights are way too bright,lighting_control
turn off just the ceiling light,lighting_control
can you lower the light intensity,lighting_control
keep only the lamp on,lighting_control
turn everything off except the desk lamp,lighting_control
light on,lighting_control
light off,lighting_control
can i get the lights adjusted,lighting_control
the room needs to be brighter,lighting_control
switch the lights to a lower setting,lighting_control
turn on the side lights,lighting_control
turn off the main lights,lighting_control
i'd like the lights dimmer please,lighting_control
brighten this up for me,lighting_control
darken the room a bit,lighting_control
turn the bathroom lights off,lighting_control
living room lights on,lighting_control
can the bedroom light be turned down,lighting_control
turn on some ambient lighting,lighting_control
i want the lights off,lighting_control
lights in the bedroom are too dark,lighting_control
can you adjust the brightness level,lighting_control
can you turn the lights off for me,lighting_control
make the lights dimmer please,lighting_control
could you dim the lights,lighting_control
the lighting is too dark,lighting_control
switch off the bedroom light,lighting_control
turn the main light on,lighting_control
bedroom light is too bright,lighting_control
can you make it darker,lighting_control
the lights wont turn off,lighting_control
dim the lights in the living room,lighting_control
brighten up the room,lighting_control
turn off the overhead light,lighting_control
i need less light,lighting_control
more brightness please,lighting_control
could you turn on the lamp,lighting_control
the light switch isnt working,lighting_control
turn down the lights,lighting_control
can i get the lights on,lighting_control
switch the lights off,lighting_control
bedroom lights off,lighting_control
turn on some lights,lighting_control
lights in the room please,lighting_control
turn off all lights,lighting_control
i need the light on,lighting_control
can you brighten the lights,lighting_control
turn the light down,lighting_control
make the room lighter,lighting_control
switch on the light,lighting_control
lights are off,lighting_control
turn on the main light,lighting_control
dim the bedroom lights,lighting_control
can the light be turned on,lighting_control
the lights are too dark,lighting_control
turn off the side light,lighting_control
living room lights on please,lighting_control
make it less bright,lighting_control
i need the lights brighter,lighting_control
can lights be turned on,lighting_control
the lighting is too dim,lighting_control
turn up the brightness,lighting_control
turn down the brightness,lighting_control
could you brighten the lights,lighting_control
lights on please,lighting_control
turn all the lights off,lighting_control
turn all the lights on,lighting_control
switch the lights on,lighting_control
the room is too bright,lighting_control
lights need to be dimmer,lighting_control
lights need to be brighter,lighting_control
turn the light on in bathroom,lighting_control
turn the light off in bathroom,lighting_control
bathroom light please,lighting_control
bedroom light is off,lighting_control
living area lights on,lighting_control
can you make it darker in here,lighting_control
can you make it brighter in here,lighting_control
need help with the lighting,lighting_control
adjust the lights for me,lighting_control
turn lighting off,lighting_control
turn lighting on,lighting_control
bedroom lights on,lighting_control
main light off,lighting_control
could the lights be dimmer,lighting_control
could the lights be brighter,lighting_control
switch off all lights,lighting_control
switch on all lights,lighting_control
the lamp is too bright,lighting_control
the lamp is too dim,lighting_control
turn down the lamp,lighting_control
turn up the lamp,lighting_control
lights need adjustment,lighting_control
lighting needs fixing,lighting_control
can the lights be adjusted,lighting_control
make it brighter please,lighting_control
dim these lights,lighting_control
brighten these lights,lighting_control
can you turn on the air conditioning,temperature_control
i'm freezing please turn up the heat,temperature_control
ac is not working can you fix,temperature_control
the room is too cold right now,temperature_control
can i get the temperature lowered please,temperature_control
turn the ac down a bit,temperature_control
heating not working in my room,temperature_control
make the room warmer please,temperature_control
could you increase the temperature,temperature_control
ac too strong please reduce,temperature_control
i need the ac turned off,temperature_control
room temperature is uncomfortable,temperature_control
can we adjust the thermostat,temperature_control
it's freezing in here help,temperature_control
turn down the ac please,temperature_control
temperature control not working,temperature_control
can you make it less cold,temperature_control
warm this room up for me,temperature_control
ac broken please send someone,temperature_control
too much cold air coming out,temperature_control
can i adjust the temperature myself,temperature_control
please turn on heating,temperature_control
room too hot need ac now,temperature_control
can you cool down the room,temperature_control
thermostat not responding to changes,temperature_control
make it warmer in my room,temperature_control
ac off please it's cold,temperature_control
temperature too high need help,temperature_control
can the ac be turned up,temperature_control
please fix the air conditioning,temperature_control
room getting too warm,temperature_control
can you lower the ac setting,temperature_control
heating system please turn on,temperature_control
i would like cooler temperature,temperature_control
too cold can you warm up,temperature_control
ac making too much noise and cold,temperature_control
temperature adjustment needed urgently,temperature_control
can we make the room cooler,temperature_control
please adjust room temperature down,temperature_control
ac needs to be fixed,temperature_control
very uncomfortable temperature right now,temperature_control
can you increase the heat,temperature_control
temperature in room not right,temperature_control
could you please cool the ac,temperature_control
make room less hot please,temperature_control
ac settings need adjustment immediately,temperature_control
can you turn on the ac please,temperature_control
the room is freezing turn it off,temperature_control
i need the temperature a bit higher,temperature_control
could you make it warmer in here,temperature_control
ac not working properly fix it,temperature_control
room too cold please warm up,temperature_control
temperature is too low in my room,temperature_control
can you increase the temperature,temperature_control
the ac is too strong,temperature_control
please reduce the ac cooling,temperature_control
i would like the room warmer,temperature_control
can the ac be turned down,temperature_control
its freezing in here help,temperature_control
make the room less cold,temperature_control
temperature control not working send help,temperature_control
ac very cold turn down,temperature_control
can you adjust ac a bit,temperature_control
room temperature please make it comfortable,temperature_control
the ac is way too much,temperature_control
i need warmer temperature now,temperature_control
ac off please its cold,temperature_control
turn down the cooling please,temperature_control
room is uncomfortable temperature wise,temperature_control
ac broken or what,temperature_control
could you warm up my room,temperature_control
temperature adjust karanna please,temperature_control
ac speed reduce karanna,temperature_control
make it less chilly in here,temperature_control
the room needs to be warmer,temperature_control
can you fix the ac temperature,temperature_control
ac is blowing too cold air,temperature_control
i want warmer room please,temperature_control
ac adjustment karanna help,temperature_control
temperature too cold in room,temperature_control
please make room temperature normal,temperature_control
ac reduce karanna,temperature_control
can ac be set to medium,temperature_control
room feeling very cold help,temperature_control
ac problem temperature not right,temperature_control
make temperature a bit higher,temperature_control
the ac seems too powerful,temperature_control
i need it warmer in here,temperature_control
ac control karanna,temperature_control
temperature set karanna please,temperature_control
room too cold warm it,temperature_control
ac on but too much,temperature_control
can you make the room cooler please,temperature_control
turn down the temperature,temperature_control
i'm freezing can you warm it up,temperature_control
ac is too cold turn it off,temperature_control
room is too cold right now,temperature_control
can the ac be turned on,temperature_control
please increase the temperature,temperature_control
decrease the ac level,temperature_control
the room temperature is uncomfortable,temperature_control
can you adjust the ac settings,temperature_control
it's cold in here please warm up,temperature_control
make the room warmer,temperature_control
could you lower the temperature please,temperature_control
turn on the ac full blast,temperature_control
room is freezing help me,temperature_control
ac needs to be stronger,temperature_control
temperature too high bring it down,temperature_control
can you fix the temperature,temperature_control
the room is too chilly,temperature_control
please turn the ac down a bit,temperature_control
can ac be more powerful,temperature_control
temperature is not right adjust it,temperature_control
turn temperature up please,temperature_control
ac is broken need help,temperature_control
make it less hot,temperature_control
room temperature adjust needed,temperature_control
can you turn ac off now,temperature_control
its freezing in the room,temperature_control
please make room warmer,temperature_control
ac not working properly,temperature_control
temperature control karanna please,temperature_control
make the ac stronger,temperature_control
turn ac off its too cold,temperature_control
temperature needs adjustment please,temperature_control
room too hot switch ac on,temperature_control
turn ac on full,temperature_control
can temperature be lowered,temperature_control
ac power increase please,temperature_control
im cold please warm up room,temperature_control
turn down ac please,temperature_control
temperature is perfect actually,temperature_control
can you warm the room up,temperature_control
ac is working fine actually,temperature_control
room feels cold adjust temperature,temperature_control
i need the temperature lower,temperature_control
room too cold make it warmer,temperature_control
ac not working properly please fix,temperature_control
temperature too high in here,temperature_control
could you adjust the thermostat,temperature_control
make room cooler please,temperature_control
the ac is broken come fix,temperature_control
i would like it warmer,temperature_control
can you lower the temperature,temperature_control
room is cold turn heat on,temperature_control
ac very loud and cold,temperature_control
temperature adjust please need help,temperature_control
can ac work better,temperature_control
it's freezing in my room,temperature_control
please make it less hot,temperature_control
can you fix the ac unit,temperature_control
ac on but room still hot,temperature_control
could you please warm this up,temperature_control
room too hot need cool air,temperature_control
temperature control not working fix it,temperature_control
make the room more comfortable please,temperature_control
ac seems broken fix asap,temperature_control
please turn down the ac,temperature_control
the room feels too cold,temperature_control
i'm too hot please help,temperature_control
can someone adjust air conditioning,temperature_control
make it warmer in here,temperature_control
room ac very weak please fix,temperature_control
please increase room temperature,temperature_control
ac temperature too low adjust,temperature_control
the ac is not cooling enough,temperature_control
i'm freezing please warm room,temperature_control
can you help with temperature,temperature_control
ac on full but still hot,temperature_control
please decrease the temperature,temperature_control
room temperature not right fix it,temperature_control
i need the temperature cooler,temperature_control
ac is not working fix it,temperature_control
temperature too cold in here,temperature_control
can ac be adjusted higher,temperature_control
room feeling hot need cooling,temperature_control
please make it less cold,temperature_control
ac seems broken can you check,temperature_control
i want it warmer in here,temperature_control
turn temperature down for me,temperature_control
can you increase room temperature,temperature_control
it's cold please warm up room,temperature_control
ac not cooling properly help,temperature_control
turn ac off it's too cold,temperature_control
make room temperature comfortable please,temperature_control
can i get warmer please,temperature_control
room too cold turn ac down,temperature_control
ac on full blast turn down,temperature_control
need ac adjusted immediately,temperature_control
room is chilly need heat,temperature_control
ac making it too cold,temperature_control
could you warm the room up,temperature_control
temperature is not comfortable,temperature_control
please adjust ac to comfortable,temperature_control
ac seems very strong turn down,temperature_control
make it hot please,temperature_control
room cold please increase temperature,temperature_control
can ac be turned up,temperature_control
temperature too hot please reduce,temperature_control
ac off please room too cold,temperature_control
turn on heating please,temperature_control
room temperature very uncomfortable,temperature_control
ac needs adjustment immediately,temperature_control
could you cool it down,temperature_control
ac is working too much,temperature_control
temperature feels wrong please fix,temperature_control
can you make it warmer,temperature_control
ac problem need assistance,temperature_control
there's too much noise coming from the room next to me,noise_complaint
the neighbors are being really loud right now,noise_complaint
can you ask them to turn it down,noise_complaint
i'm trying to sleep and it's too loud,noise_complaint
the people upstairs are making a lot of noise,noise_complaint
could you please do something about the noise,noise_complaint
would you be able to help with the noise issue,noise_complaint
there's noise coming from neighboring rooms,noise_complaint
the noise is unbearable,noise_complaint
can someone tell them to be quiet,noise_complaint
is there anything you can do about this noise,noise_complaint
the guests next door are too loud,noise_complaint
i need them to quiet down immediately,noise_complaint
noise complaint from next door,noise_complaint
the noise level is unacceptable,noise_complaint
can you send someone to address the noise,noise_complaint
would you tell the neighbors to be quieter,noise_complaint
the people next to me are loud,noise_complaint
noisy neighbors keeping me awake,noise_complaint
i can't sleep because of the noise,noise_complaint
there's a noise disturbance happening,noise_complaint
can you call the room next to mine,noise_complaint
someone needs to tell them to stop,noise_complaint
the noise is really disturbing me,noise_complaint
is someone going to do something about the noise,noise_complaint
neighbors making way too much noise,noise_complaint
can the front desk intervene with the noise,noise_complaint
the noise from the adjacent room is loud,noise_complaint
guests in the next room are being disruptive,noise_complaint
this noise is driving me crazy,noise_complaint
could you help me with a noise problem,noise_complaint
the room next door is super loud,noise_complaint
people here are making too much noise,noise_complaint
noise level is too high in this room,noise_complaint
i'd like to file a complaint about noise,noise_complaint
the noise from upstairs is excessive,noise_complaint
can you ask those guests to be quieter,noise_complaint
there's constant noise from my neighbors,noise_complaint
the noise won't stop,noise_complaint
someone's being loud next to my room,noise_complaint
the guests around me are too loud,noise_complaint
this place is too noisy to sleep,noise_complaint
can you tell them to keep it down,noise_complaint
the noise situation needs to be handled,noise_complaint
there's too much commotion from nearby rooms,noise_complaint
the noise is disrupting my stay,noise_complaint
could you send someone up for the noise,noise_complaint
neighbors need to be quieter right now,noise_complaint
there's too much noise coming from the room next door,noise_complaint
can you ask the people upstairs to be quieter,noise_complaint
i'm trying to sleep but it's way too loud,noise_complaint
the noise is unbearable can you help,noise_complaint
could you please tell them to keep it down,noise_complaint
there's loud music coming from somewhere on this floor,noise_complaint
the people next to me won't stop making noise,noise_complaint
is someone going to do something about this noise,noise_complaint
can you send someone to tell them to be quiet,noise_complaint
the noise level is absolutely ridiculous right now,noise_complaint
i need the noise to stop immediately,noise_complaint
could you ask your guests to be more considerate,noise_complaint
the party in the next room needs to end,noise_complaint
there's banging on the walls and it won't stop,noise_complaint
can you please intervene with the noisy guests,noise_complaint
the neighbors are being way too loud,noise_complaint
someone needs to tell room next to me to shut up,noise_complaint
there's constant noise and i can't rest,noise_complaint
could the front desk please handle the noise complaint,noise_complaint
the guests downstairs are making an incredible amount of noise,noise_complaint
i'm being disturbed by noise from adjacent rooms,noise_complaint
can you turn down the noise or move me,noise_complaint
the noise is preventing me from sleeping,noise_complaint
would you send someone up to address the noise,noise_complaint
there's loud talking and music coming through the walls,noise_complaint
the noise from neighboring rooms is out of control,noise_complaint
can you do something about these loud guests,noise_complaint
i'm complaining about excessive noise on my floor,noise_complaint
the noise started an hour ago and hasn't stopped,noise_complaint
someone's being incredibly loud and i need help,noise_complaint
there's way too much noise for this time of night,noise_complaint
could you please ask them to keep the noise down,noise_complaint
the volume from next door is way too high,noise_complaint
i can't deal with this noise anymore,noise_complaint
can management please handle the noise issue,noise_complaint
the guests are being disruptive with their noise,noise_complaint
there's loud noise coming from above my room,noise_complaint
someone needs to tell those people to be quiet,noise_complaint
the noise is intolerable and i need it stopped,noise_complaint
i'd like to file a complaint about the noise level,noise_complaint
could someone please address the noise situation,noise_complaint
the noise from neighbors is making this stay unbearable,noise_complaint
can you get those guests to quiet down,noise_complaint
there's ongoing noise that's very disturbing,noise_complaint
the noise complaint is for the room above me,noise_complaint
there's way too much noise coming from the room next door,noise_complaint
can you please ask the people upstairs to be quiet,noise_complaint
i'm trying to sleep and it's too noisy,noise_complaint
neighbors won't stop making noise,noise_complaint
there's loud music coming from somewhere,noise_complaint
can someone go tell them to keep it down,noise_complaint
people next to me are way too loud,noise_complaint
the guests upstairs keep stomping around,noise_complaint
i need you to address the noise issue,noise_complaint
could you send someone to handle the noise complaint,noise_complaint
this noise is unacceptable,noise_complaint
i can't hear myself think,noise_complaint
the people in the next room are partying,noise_complaint
can you tell them to turn it down,noise_complaint
noise from neighboring room is disturbing me,noise_complaint
there's constant noise and i can't sleep,noise_complaint
the loud guests need to be quieter,noise_complaint
can someone address this noise situation,noise_complaint
the noise is really bothering me right now,noise_complaint
neighbors are making an excessive amount of noise,noise_complaint
please do something about the noise next door,noise_complaint
the volume from the adjacent room is too high,noise_complaint
can you contact the loud guests for me,noise_complaint
the noise level is way too high,noise_complaint
i'm being disturbed by noise from other guests,noise_complaint
this is my third noise complaint tonight,noise_complaint
the people next door are extremely loud,noise_complaint
can you make them stop the noise,noise_complaint
there's a party happening in the room beside me,noise_complaint
i need this noise to end immediately,noise_complaint
the guests are being inconsiderate with their noise,noise_complaint
can you call the noisy room,noise_complaint
would you please handle the noise complaint,noise_complaint
there's too much commotion in the hallway,noise_complaint
the noise has been going on for hours,noise_complaint
neighbors are making excessive noise at this hour,noise_complaint
i really need quiet please there's too much noise,noise_complaint
can someone tell those guests to be considerate,noise_complaint
the noise from neighbors is preventing me from sleeping,noise_complaint
there's loud talking and music disturbing me,noise_complaint
this noise situation needs to be resolved right now,noise_complaint
the people upstairs are being really loud,noise_complaint
neighbors are being loud and i need to sleep,noise_complaint
the noise is unbearable right now,noise_complaint
could you please tell the room above to be quieter,noise_complaint
i'm trying to sleep and there's way too much noise,noise_complaint
send someone to deal with the noise issue,noise_complaint
the guests next door won't stop making noise,noise_complaint
this is too loud i can't sleep,noise_complaint
can someone go tell them to be quiet,noise_complaint
i'm getting noise complaints from my room,noise_complaint
people in the next room are partying too loud,noise_complaint
can the noise stop please,noise_complaint
someone needs to address the loud guests,noise_complaint
the room next door is incredibly noisy,noise_complaint
i'd like to file a formal noise complaint,noise_complaint
could you please ask the neighbors to quiet down,noise_complaint
there's excessive noise and it's disturbing me,noise_complaint
the adjacent room is way too loud,noise_complaint
can you handle the noise situation,noise_complaint
guests nearby are being disruptive,noise_complaint
i can't rest because of all the noise,noise_complaint
someone is making a ton of noise,noise_complaint
the noise from neighboring rooms is too much,noise_complaint
would you be able to ask them to quiet down,noise_complaint
loud guests are ruining my stay,noise_complaint
there's constant noise i need it to stop,noise_complaint
can the noise be addressed immediately,noise_complaint
the room beside mine is too loud,noise_complaint
the noise complaint needs attention now,noise_complaint
this room is way too noisy,noise_complaint
guests are being excessively loud,noise_complaint
could we do something about the noise,noise_complaint
the noise level here is unacceptable,noise_complaint
i'd really appreciate if someone handled this noise,noise_complaint
the neighbor situation is out of control,noise_complaint
there's a loud party happening nearby,noise_complaint
someone in an adjacent room is being loud,noise_complaint
i need the noise issue resolved,noise_complaint
the volume from the next room is too high,noise_complaint
would you send security to the noisy guests,noise_complaint
the ambient noise here is unbearable,noise_complaint
can you please ask them to keep it down,noise_complaint
i'm trying to sleep and it's way too loud,noise_complaint
the people upstairs are making so much noise,noise_complaint
could you do something about the noise,noise_complaint
noise complaint from room next to me,noise_complaint
there's a party happening in the neighboring room,noise_complaint
the noise is unbearable i need to sleep,noise_complaint
people next door won't stop being loud,noise_complaint
is someone going to do anything about this noise,noise_complaint
the guests above me are incredibly loud,noise_complaint
could you send someone to address the noise,noise_complaint
the noise level is unacceptable right now,noise_complaint
neighbors being too loud please help,noise_complaint
can you ask the adjacent room to quiet down,noise_complaint
there's constant noise i can't handle it anymore,noise_complaint
would you please intervene with the noise issue,noise_complaint
the room beside mine is way too loud,noise_complaint
noise coming from neighboring rooms is too much,noise_complaint
guests are partying and it's really loud,noise_complaint
can the noise be dealt with immediately,noise_complaint
someone next to me is making excessive noise,noise_complaint
the loudness is preventing me from sleeping,noise_complaint
please do something about the neighbors' noise,noise_complaint
there's shouting and noise from the next room,noise_complaint
the noise from neighboring guests is disturbing me,noise_complaint
could you quiet down the people in the adjacent room,noise_complaint
i need you to handle this noise problem,noise_complaint
the noise upstairs is disturbing my stay,noise_complaint
guests beside me won't keep it down,noise_complaint
there's way too much commotion right now,noise_complaint
the noise level here is totally unacceptable,noise_complaint
someone needs to tell them to be quiet,noise_complaint
this noise is really bothering me,noise_complaint
the people next to me are too loud,noise_complaint
can you do something about the loud guests,noise_complaint
i'm complaining about the excessive noise,noise_complaint
the noise is really bad right now,noise_complaint
would you please address the noise complaint,noise_complaint
neighbors making too much noise need to stop,noise_complaint
there's too much racket coming from next door,noise_complaint
can you please handle the noise situation,noise_complaint
the noise from the other room is intolerable,noise_complaint
help i think im having a heart attack,emergency
someone tried to get in my room,emergency
door wont unlock,emergency
i feel like im going to pass out,emergency
emergency i need medical help now,emergency
locked out of my room please help,emergency
theres someone outside my door,emergency
i cant breathe properly,emergency
can you send help to my room immediately,emergency
door is jammed wont open,emergency
im having a panic attack,emergency
my room wont open,emergency
strong chest pains happening right now,emergency
i think theres an intruder,emergency
can someone come quick im scared,emergency
need immediate medical assistance,emergency
fire in my room,emergency
someone pounding on my door,emergency
help me im hurt,emergency
door lock is broken,emergency
very dizzy and confused right now,emergency
send security to my room now,emergency
i feel faint what do i do,emergency
locked myself out need access,emergency
emergency medical situation in room,emergency
theres a strange person in hallway,emergency
my key card doesnt work,emergency
room wont unlock im stuck,emergency
i dont feel safe here,emergency
breathing difficulty need help fast,emergency
please send someone right away,emergency
cant get my door open,emergency
i have severe allergic reaction,emergency
help theres water flooding my room,emergency
someone at my door threatening me,emergency
i think i broke my leg,emergency
need security im terrified,emergency
emergency lockout situation,emergency
my door is stuck shut,emergency
rapid heartbeat wont slow down,emergency
please help me im really scared,emergency
poisoning i think i ate something bad,emergency
gas smell in my room,emergency
im having severe pain everywhere,emergency
cant reach the elevator im stuck,emergency
someone knocked me over in hall,emergency
someone trying to get in my room,emergency
door wont unlock with my key card,emergency
i fell and i think i broke my leg,emergency
theres a fire smell coming from somewhere,emergency
can you send someone to my room now,emergency
my door is jammed shut,emergency
there's a strange man in the hallway,emergency
i need medical help right now,emergency
locked out of my room emergency,emergency
theres smoke coming under my door,emergency
i lost my key card help,emergency
can someone come up immediately,emergency
i think theres an intruder on my floor,emergency
my room door is broken,emergency
i feel dizzy and confused,emergency
help me im scared,emergency
theres water flooding into my room,emergency
i cant breathe properly help,emergency
i think i might be having a stroke,emergency
my key doesnt work the door wont open,emergency
please send help to room immediately,emergency
theres a gas smell on my floor,emergency
i fell in the bathroom,emergency
someone is banging on my door,emergency
i need emergency assistance now,emergency
chest pain happening right now,emergency
i think theres a break in,emergency
my door lock is broken,emergency
i feel very ill please help,emergency
theres an electrical fire smell,emergency
send someone up urgent,emergency
i feel faint help me,emergency
my room is on fire,emergency
key card not working locked out,emergency
can you get me out of my room,emergency
theres a chemical smell in here,emergency
i need to get out of my room now,emergency
someone broke into my room,emergency
i feel sick and dizzy,emergency
please send help now emergency,emergency
theres water pouring from ceiling,emergency
please help i think i'm having a heart attack,emergency
someone help me now,emergency
i'm trapped in my room,emergency
door won't open help,emergency
emergency please send help immediately,emergency
my door is locked from outside,emergency
i think i need an ambulance,emergency
help me i'm scared,emergency
there's someone outside my room,emergency
i can't breathe properly,emergency
the door jammed and i'm stuck,emergency
send help to my room right now,emergency
i'm having a panic attack,emergency
my key card isn't working,emergency
i feel like i'm going to pass out,emergency
something's very wrong please help,emergency
can't get out of bathroom,emergency
door lock broken,emergency
i'm locked out of my room,emergency
medical emergency help,emergency
feel faint need assistance,emergency
door stuck won't close,emergency
my room door won't unlock,emergency
urgent help needed,emergency
i'm in danger,emergency
there's a problem i need immediate help,emergency
key broken in lock,emergency
i feel unwell and alone,emergency
seriously injured need ambulance,emergency
the lock's broken i'm trapped,emergency
help there's something wrong,emergency
my card key won't work,emergency
i'm having trouble breathing,emergency
someone tried to enter my room,emergency
i feel very ill right now,emergency
emergency in my room,emergency
can't leave my room,emergency
i think i'm having an allergic reaction,emergency
need medical help immediately,emergency
access card not working,emergency
i'm seriously unwell,emergency
door won't close and lock properly,emergency
help i'm stuck in here,emergency
something's wrong with my health,emergency
the door is jammed shut,emergency
please respond this is urgent,emergency
someone help me right now,emergency
locked out of my room please,emergency
i cannot get into my room,emergency
door wont open help me,emergency
room door broken cant get in,emergency
im feeling really dizzy and sick,emergency
think i might be having a stroke,emergency
please send help to my room,emergency
got robbed in the hallway help,emergency
someone is trying to break in,emergency
i feel like i cant breathe,emergency
emergency i need paramedics now,emergency
accidentally locked myself out,emergency
my keycard stopped working,emergency
theres a fire smell in my room,emergency
can you unlock my door right now,emergency
feel faint help needed,emergency
got into wrong room someone help,emergency
lost my key card need in,emergency
please help me im hurt,emergency
something wrong with my heart,emergency
dizzy and need assistance fast,emergency
door lock is jammed,emergency
can someone help me unlock my door,emergency
need emergency medical attention,emergency
very high fever need doctor,emergency
severe chest pain help,emergency
lost key to room please,emergency
cant breathe properly help me now,emergency
think somethings broken in my room,emergency
need to get in my room urgently,emergency
someone help theres an emergency,emergency
locked out please send help fast,emergency
feeling unwell and dizzy,emergency
emergency lockout need immediate help,emergency
blood everywhere need ambulance,emergency
please help im scared,emergency
my room wont unlock,emergency
severe allergic reaction help,emergency
feeling faint and confused,emergency
im trapped in my room,emergency
help i fell down,emergency
need rescue from balcony,emergency
seizure coming on need help now,emergency
im locked outside my room,emergency
theres an intruder in here,emergency
call ambulance now,emergency
my room door is jammed,emergency
emergency need medical help,emergency
cant get into my room anywhere,emergency
theres a fire,emergency
i smell gas in my room,emergency
i have severe pain need doctor,emergency
my key card stopped working,emergency
locked out of room cant get in,emergency
help me my door is broken,emergency
theres water flooding my room,emergency
can you unlock my door urgently,emergency
door handle is broken wont open,emergency
i feel very dizzy and unwell,emergency
theres smoke coming from somewhere,emergency
i need immediate assistance,emergency
someone knocked on my door threatening me,emergency
my room key isnt working,emergency
could you please send help immediately,emergency
please unlock my room right away,emergency
theres a strange person outside my room,emergency
i feel faint and need help,emergency
medical emergency in my room,emergency
my air conditioning is making me ill,emergency
the lock is stuck,emergency
i need security right now,emergency
im injured need assistance,emergency
theres a power outage and im stuck,emergency
help i cant exit my room,emergency
i feel unsafe please help,emergency
someone is at my door,emergency
i think theres a gas leak,emergency
get me security immediately,emergency
my door wont close properly,emergency
please send emergency services,emergency
can i get some snacks sent to my room,minibar
i'd like to order from the minibar please,minibar
send up some drinks to room 412,minibar
do you have any chips or candy available,minibar
could you bring me some water and juice,minibar
i need some refreshments from the minibar,minibar
what snacks do you have in stock,minibar
can you stock my minibar with beer and soda,minibar
i'd like to order some nuts and pretzels,minibar
bring me a bottle of wine when you get a chance,minibar
do you deliver minibar items to the room,minibar
i want some chocolate and candy from downstairs,minibar
could i get some sparkling water please,minibar
send up whatever snacks you have available,minibar
i'm looking for some drinks and snacks,minibar
can you refill the minibar in my room,minibar
what drinks are available from the minibar,minibar
i'd appreciate some juice and bottled water,minibar
bring some sodas and snack items up,minibar
do you have energy drinks or sports drinks,minibar
could you send some alcohol to my room,minibar
i need some late night snacks please,minibar
what's available on the minibar menu,minibar
can i order beer and mixed nuts,minibar
send up your best selection of drinks,minibar
i'd like some chocolate and fruit if possible,minibar
do you have mini bottles of liquor,minibar
bring me whatever minibar items you recommend,minibar
could i get some candy and crackers,minibar
i want to order some beverages for my room,minibar
send snacks that won't go bad quickly,minibar
what minibar options do you have tonight,minibar
can you bring some wine and cheese,minibar
i'd appreciate some salty snacks and soda,minibar
do you stock healthy snack options,minibar
bring up some drinks for my guests,minibar
could you send some premium snacks please,minibar
i need refreshments in my room asap,minibar
what's the quickest snack you can send,minibar
can i get some soft drinks delivered,minibar
send me your minibar price list first,minibar
i'd like alcohol and bar snacks please,minibar
do you have any vegan snack options,minibar
bring me some water bottles and candy,minibar
could i order some premium beverages,minibar
i want snacks that travel well,minibar
send up small bottles of liquor please,minibar
what minibar items are complimentary,minibar
what drinks do you have available in minibar,minibar
send me some water and juice bottles,minibar
can you bring me some chips and nuts,minibar
i'm hungry can you send up some snacks,minibar
what's in the minibar right now,minibar
do you have any beer in the minibar,minibar
i'd like a soda and some candy,minibar
could you please bring some drinks to my room,minibar
minibar items please,minibar
send up some chocolate and bottled water,minibar
what beverages are available for room service,minibar
can i get pretzels and a coke,minibar
i need some snacks from the minibar,minibar
do you have sprite or fanta available,minibar
bring me some peanuts and a water bottle,minibar
i'd like to order some minibar snacks,minibar
what alcohol options do you have minibar,minibar
send some mixed nuts to room 312,minibar
could you bring some gummy bears up,minibar
do you have any energy drinks,minibar
i want some cheese and crackers,minibar
can you send up minibar items to my room,minibar
what sodas do you stock,minibar
bring me a beer and some popcorn,minibar
i'd like some fruit juice please,minibar
do you have any chocolate bars,minibar
send some sparkling water and trail mix,minibar
can i get some candy and a soda,minibar
what's available in terms of snacks,minibar
bring up some cookies and milk,minibar
i need a drink from the minibar,minibar
do you have wine available,minibar
send me some almonds and water,minibar
could you please bring some beverages,minibar
what minibar options do you recommend,minibar
can you send some pretzels up,minibar
i'd like some ice cream if available,minibar
bring me some bottled water please,minibar
what drinks can you send to my room,minibar
do you have any nachos or chips,minibar
send up whatever snack options you have,minibar
i need some refreshments from minibar,minibar
can i order some peanuts and a cola,minibar
what's the minibar selection like,minibar
bring some mixed drinks to my room,minibar
do you have any diet sodas,minibar
i'm thirsty can you bring me something to drink,minibar
what drinks do you have in the minibar,minibar
could you please stock my minibar with water,minibar
send me some chips and nuts to the room,minibar
do you have any beer available,minibar
i'd like to order some snacks,minibar
can you bring me a coke and some candy,minibar
what's available in the minibar right now,minibar
could i get some juice delivered to my room,minibar
bring me some pretzels and a bottle of wine,minibar
do you have any sodas i can order,minibar
i need some refreshments in my room,minibar
can i get some chocolate or candy,minibar
what snacks are in the minibar,minibar
could you send up some bottled water please,minibar
i'd like some alcoholic drinks from the minibar,minibar
can you bring some energy drinks,minibar
do you stock any healthy snacks,minibar
send some peanuts and a beer up here,minibar
can i order minibar items to my room,minibar
what do you have for drinks,minibar
i'm hungry can you send some snacks,minibar
could you please bring me some mineral water,minibar
do you have any mixers for cocktails,minibar
can you stock my room with snacks,minibar
i'd like to order some wine,minibar
bring me some fruit or healthy options,minibar
can i get some late night snacks,minibar
do you have any whiskey or spirits,minibar
could you send some soda and juice,minibar
i want some chocolate and cookies,minibar
can you bring me some ice cream,minibar
what drinks and snacks do you offer,minibar
i need some refreshing beverages right away,minibar
could i order some cheese and crackers,minibar
send me whatever snacks you recommend,minibar
do you have any gluten free options in minibar,minibar
can you bring some sparkling water,minibar
i'd like some candy and chocolates sent up,minibar
what's your minibar menu,minibar
could you stock some beer in my room,minibar
bring me a selection of drinks and snacks,minibar
do you have any soft drinks available,minibar
do you have any drinks available right now,minibar
could you please send up some minibar items,minibar
what snacks do you have in the minibar,minibar
i'd like to order some chips and a soda,minibar
can you bring me water and some candy,minibar
do you stock any energy drinks in the minibar,minibar
send me a beer and some nuts please,minibar
what's available from the minibar at this hour,minibar
i need some snacks brought to my room asap,minibar
could i get some chocolate and a cola,minibar
bring me whatever you recommend from the minibar,minibar
do you have any healthy snack options,minibar
i'd like to order drinks for my room,minibar
can you send up some alcohol options,minibar
what beverages can you get me right now,minibar
minibar please send up your best selection,minibar
i'm hungry can i get some snack items,minibar
could you bring me sparkling water and cookies,minibar
do you have any fruit or healthy snacks,minibar
send some wine and cheese up here,minibar
i need a drink and some pretzels,minibar
can you deliver minibar items to room 405,minibar
what do you have that's quick to bring up,minibar
i'd appreciate some juice and pastries please,minibar
bring me a minibar selection for two people,minibar
do you offer any premium snack options,minibar
could we get some drinks and desserts,minibar
send up your minibar menu if you have one,minibar
i'm looking for something sweet and a beverage,minibar
can you bring beer and mixed nuts,minibar
what's the quickest snack you can send me,minibar
i'd like some sparkling water and chocolate,minibar
could you get me some late night snacks,minibar
bring minibar items charge it to the room,minibar
do you have any gluten free snack options,minibar
send me whatever's popular from the minibar,minibar
i need some refreshments right away please,minibar
what minibar options do you recommend for me,minibar
can i get some vodka and juice,minibar
could you bring some candy and a soda up,minibar
send some wine to my room immediately,minibar
i'd like to see what snacks you offer,minibar
do you have any drinks available in the minibar,minibar
i'd like to order some items from the minibar please,minibar
could you bring me some water and snacks,minibar
send up some chips and a soda,minibar
i need some drinks for my room,minibar
can you stock the minibar with more items,minibar
do you have any alcoholic beverages available,minibar
bring me some candy and bottled water,minibar
i'd like to order some refreshments,minibar
what drinks do you have in stock,minibar
could i get some juice and nuts,minibar
send some snacks to room 412 please,minibar
do you have diet soda in the minibar,minibar
i need water and some light snacks,minibar
could you send up some beer,minibar
i'd like some pretzels and a drink,minibar
can you bring some healthy snack options,minibar
do you have any wine or champagne,minibar
send me some sodas and chips,minibar
i need some refreshments for guests in my room,minibar
what snack options do you have,minibar
could you please stock my minibar,minibar
i want some candy bars and water,minibar
can i order drinks to my room,minibar
do you have any non-alcoholic options,minibar
bring some variety of snacks please,minibar
i'd like some fruit and yogurt if available,minibar
send some nuts and a cold drink,minibar
can you get me some chocolate and sparkling water,minibar
i need some late night snacks,minibar
could you send some beer and pretzels,minibar
what beverages are currently available,minibar
can i get some trail mix or granola,minibar
send up whatever snacks you recommend,minibar
do you have any juice boxes or smoothies,minibar
i'd like to add items to my minibar,minibar
what alcohol options do you carry,minibar
can you bring some water bottles,minibar
can you send someone to pick up my laundry please,laundry
i need my clothes washed and ironed,laundry
do you have laundry service available,laundry
can someone come get my dirty clothes,laundry
i'd like to use the ironing service,laundry
my shirt needs to be pressed,laundry
can you iron these pants for me,laundry
when can you pick up my laundry,laundry
do you offer same day laundry service,laundry
i have some clothes that need cleaning,laundry
could you please send laundry service to my room,laundry
can i get my suit cleaned and pressed,laundry
how long does laundry take,laundry
i need my clothes back by tomorrow morning,laundry
is there an iron in the room,laundry
can you bring an iron to my room,laundry
these clothes are wrinkled can you help,laundry
what's the laundry turnaround time,laundry
i'd like to drop off some items for cleaning,laundry
can someone press my dress shirt,laundry
do you have a laundry bag i can use,laundry
i need dry cleaning service,laundry
can you wash and fold my clothes,laundry
how much does laundry service cost,laundry
i have stains on my jacket,laundry
can you remove this stain,laundry
my clothes need urgent cleaning,laundry
is laundry service included in my stay,laundry
i'd appreciate if you could iron my blouse,laundry
can i get laundry done express,laundry
do you have same day dry cleaning,laundry
i need my suit ready for tomorrow,laundry
can someone press these trousers,laundry
what time does laundry service close,laundry
i want to send clothes for washing,laundry
can you bring an ironing board,laundry
how do i arrange laundry pickup,laundry
these pants need creasing,laundry
do you offer premium laundry service,laundry
i have delicate items to clean,laundry
can you starch my shirts,laundry
when will my laundry be ready,laundry
is there a pressing service available,laundry
can you pick up my clothes from the room,laundry
i need my shirt ironed for tomorrow morning,laundry
could you please send someone to collect laundry,laundry
my pants need pressing before dinner tonight,laundry
do you have same day laundry service available,laundry
can laundry be ready by checkout time,laundry
i'd like to get some clothes cleaned,laundry
send someone up to get my dirty clothes,laundry
how long does laundry take in this hotel,laundry
can you iron this dress for me,laundry
need my jacket cleaned urgently please,laundry
could you do a quick press on these,laundry
when can i get my laundry back,laundry
do you offer express laundry service here,laundry
i have some delicates that need washing,laundry
can someone come pick up laundry now,laundry
my shirt is wrinkled can you fix it,laundry
how much does it cost for laundry,laundry
i need these pants cleaned by tomorrow,laundry
could you please press my suit jacket,laundry
send up an iron and ironing board,laundry
what time does laundry service close today,laundry
can i get my clothes back tonight,laundry
i'd like to iron some things myself,laundry
do you have a laundry service at all,laundry
my dress needs to be dry cleaned,laundry
can laundry be delivered to my room,laundry
i need my tie pressed for meeting,laundry
can you get these clothes clean quickly,laundry
do you have rush laundry available,laundry
i'd like someone to collect my laundry,laundry
my clothes need urgent attention please,laundry
can you send an iron up here,laundry
is there laundry service on weekends,laundry
how do i send clothes to laundry,laundry
i need my blouse ironed by morning,laundry
can i drop off clothes somewhere,laundry
what's the turnaround time for laundry,laundry
do you offer overnight laundry service,laundry
i have some items that need cleaning,laundry
can laundry be ready in a few hours,laundry
need help with pressing these garments,laundry
my jacket got stained can you clean it,laundry
what's included in your laundry service,laundry
can i get my clothes washed and pressed today,laundry
i need laundry service for my shirts,laundry
could you please iron these pants for me,laundry
do you have same day laundry available,laundry
send someone to pick up my dirty clothes,laundry
can laundry be done by tomorrow morning,laundry
i need these items cleaned urgently,laundry
could i get my jacket dry cleaned,laundry
how long does laundry service take,laundry
need my stuff pressed before dinner,laundry
send laundry service to my room now,laundry
do you offer express laundry service,laundry
can someone come get my laundry,laundry
need these clothes ironed asap,laundry
could you dry clean my suit jacket,laundry
what time can you pick up laundry,laundry
i need my dress cleaned and pressed,laundry
can laundry be ready by checkout,laundry
do you do same day service,laundry
need ironing service for my shirts,laundry
can you press these items quickly,laundry
how much is the laundry service,laundry
can i drop off laundry somewhere,laundry
need my pants pressed for tomorrow,laundry
send someone to iron my clothes,laundry
do you have a pressing service,laundry
can my stuff be cleaned by tonight,laundry
i need laundry picked up from my room,laundry
could you wash these clothes for me,laundry
need dry cleaning for my blazer,laundry
can you fold my laundry neatly,laundry
send laundry service please,laundry
how late do you do laundry,laundry
i have garments that need ironing,laundry
can these items be rushed through,laundry
need my jeans washed and dried,laundry
do you offer laundry delivery service,laundry
can someone press my shirt tonight,laundry
i need clothing cleaned immediately,laundry
what's your laundry turnaround time,laundry
need help getting my clothes cleaned,laundry
can you steam press these items,laundry
send someone for my dirty laundry,laundry
can you send someone to pick up my laundry,laundry
i need my shirts ironed for tomorrow morning,laundry
could you please do my dry cleaning,laundry
send laundry service to my room,laundry
i have some clothes that need washing,laundry
can someone iron these pants for me,laundry
do you have same day laundry service,laundry
i need my suit cleaned and pressed,laundry
can you wash my clothes tonight,laundry
could i get laundry done by tomorrow,laundry
these clothes need to be laundered,laundry
can you pick up dirty laundry from my room,laundry
i'd like to use the laundry service,laundry
do my clothes before checkout tomorrow please,laundry
can someone come iron my shirt,laundry
i need laundry done urgently,laundry
where is the laundry room in this hotel,laundry
can you wash and dry my jeans,laundry
i have clothes that need pressing,laundry
could you please iron my dress,laundry
send someone for the laundry basket,laundry
need my pants ironed right away,laundry
can i get express laundry service,laundry
do you offer same day dry cleaning,laundry
i'd like my clothes ironed please,laundry
can someone bring an iron up here,laundry
could you launder these items for me,laundry
i need my jacket cleaned before tonight,laundry
can you get these wrinkles out,laundry
send laundry pickup to my room please,laundry
when can you have my clothes ready,laundry
do you have ironing service available,laundry
i need my dress pressed for dinner,laundry
can you clean these clothes for me,laundry
iron my clothes as soon as possible,laundry
could someone come pick up laundry,laundry
i have some items for dry cleaning,laundry
can you do rush laundry service,laundry
need these clothes washed and pressed,laundry
where do i drop off laundry,laundry
can someone iron my tie and shirt,laundry
i'd like to send clothes to laundry,laundry
can you pick up my laundry from the room,laundry
i need my clothes washed and ironed please,laundry
could you send someone to iron my shirt,laundry
my dress needs to be cleaned urgently,laundry
can someone come iron these pants for me,laundry
send up an iron and ironing board please,laundry
need my clothes laundered by tomorrow morning,laundry
i have some items that need ironing,laundry
could you please pick up my dirty laundry,laundry
iron my blazer before my meeting,laundry
when can you have my laundry ready,laundry
need someone to press my suit jacket,laundry
can i get laundry service in my room,laundry
my clothes need washing is that possible,laundry
bring an iron up to room 412,laundry
how do i request laundry service,laundry
i need my jeans washed and returned,laundry
can you do express laundry service,laundry
iron my shirt for tomorrow please,laundry
do you have irons available in rooms,laundry
need laundry picked up from my suite,laundry
can someone press these clothes for me,laundry
my laundry's in a bag by the door,laundry
how long does laundry service usually take,laundry
i'd like to send clothes for cleaning,laundry
can you iron this jacket right away,laundry
need my dress cleaned before tonight,laundry
send housekeeping to iron my clothes,laundry
do you offer dry cleaning services,laundry
i need these pants hemmed and pressed,laundry
can laundry be done in two hours,laundry
my clothes are ready for pickup,laundry
need someone to fold my laundry please,laundry
is there ironing service after 9pm,laundry
can you get these stains out,laundry
i have formal wear that needs pressing,laundry
laundry service available on weekends,laundry
need my outfit ready for tomorrow afternoon,laundry
can i drop off clothes for washing,laundry
do you have express overnight laundry,laundry
what's the wifi password for this hotel,wifi
can you tell me the internet password please,wifi
how do i connect to the wifi here,wifi
what's the network name and password,wifi
i can't connect to the internet,wifi
the wifi isn't working in my room,wifi
can you help me get online,wifi
what's the ssid for the hotel wifi,wifi
i need the wifi credentials,wifi
is there password protected wifi available,wifi
how do i access the hotel network,wifi
wifi password please,wifi
the internet connection is really slow,wifi
can i get the wifi password,wifi
what network should i be connecting to,wifi
is wifi free for guests,wifi
do you have guest wifi,wifi
the wifi keeps disconnecting,wifi
i'm having trouble with the internet,wifi
can you reset the wifi connection,wifi
what's the wireless network called,wifi
i'd like to connect to wifi,wifi
the password for the wifi isn't working,wifi
how do i log into the hotel wifi,wifi
can you provide the internet password,wifi
wifi not working can you help,wifi
what do i need to connect online,wifi
is there a guest network available,wifi
the wifi signal is very weak,wifi
can you send me the wifi details,wifi
i need internet access in my room,wifi
what's the name of your wifi network,wifi
how do i get connected to wifi here,wifi
wifi setup help needed,wifi
the internet went out,wifi
can you fix my internet connection,wifi
do guests get free wifi,wifi
what password do i use for the network,wifi
i'm unable to connect to wifi,wifi
the connection keeps dropping,wifi
can you give me the password,wifi
how's the internet connection in this hotel,wifi
the wifi is down in my room,wifi
i'd like the guest wifi password please,wifi
what's the network password,wifi
help me connect to your internet,wifi
how do i connect to the internet,wifi
can you give me the wifi code,wifi
whats the network name here,wifi
i need help connecting to wifi,wifi
the internet isn't working in my room,wifi
is there wifi available,wifi
what's the password for the network,wifi
can i get the wifi details,wifi
how do i get online,wifi
wifi isn't connecting properly,wifi
do you have internet access,wifi
what network should i connect to,wifi
i can't get wifi to work,wifi
can you help me with the wifi,wifi
what's the ssid for wifi here,wifi
is the internet down,wifi
how do i access the hotel wifi,wifi
wifi keeps dropping can you help,wifi
what's the wifi name and password,wifi
internet connection is really slow,wifi
can you tell me the wifi password,wifi
i'm having trouble with my connection,wifi
how do i join the wifi network,wifi
the wifi password isn't working,wifi
what's the guest wifi network called,wifi
can i get faster internet,wifi
do you offer complimentary wifi,wifi
wifi connection keeps failing,wifi
how's the wifi speed here,wifi
can you reset the wifi for me,wifi
the internet connection dropped,wifi
what network am i supposed to use,wifi
how do i log into the wifi,wifi
is there a better network i can use,wifi
internet's not working help,wifi
what's wrong with the wifi,wifi
can you provide the wifi login,wifi
do you have a guest network,wifi
how to connect wifi,wifi
wifi is super slow right now,wifi
is the internet connection stable,wifi
what's the network password here,wifi
can you help troubleshoot my wifi,wifi
do i need a password for wifi,wifi
i can't get on the wifi network,wifi
do you have guest wifi available,wifi
can i get the wifi password please,wifi
wifi keeps disconnecting,wifi
can you help me with the wifi setup,wifi
what's the password for the guest network,wifi
is there free wifi in the rooms,wifi
i need the wifi details,wifi
can you text me the wifi password,wifi
the wifi isn't showing up on my devices,wifi
how do i connect my laptop to wifi,wifi
what's the ssid for the hotel network,wifi
can i get better internet connection,wifi
the network keeps dropping,wifi
do you offer high speed internet,wifi
how fast is your wifi,wifi
can you reset the wifi in my room,wifi
what's the guest network called,wifi
i'm having trouble connecting to wifi,wifi
send me the wifi information,wifi
the internet is too slow,wifi
can you provide the network password,wifi
wifi doesn't work,wifi
how do i access the internet,wifi
what's the hotel's internet network name,wifi
is wifi included with my stay,wifi
can i use my own router,wifi
the connection dropped again,wifi
do you have stronger wifi available,wifi
what should i do if wifi isn't working,wifi
need help connecting to the network,wifi
the password isn't working,wifi
how many devices can connect to wifi,wifi
is there ethernet in the rooms,wifi
can you help troubleshoot my connection,wifi
what's the internet password for this room,wifi
how do i connect to the hotel network,wifi
wifi isn't working in my room can you help,wifi
can you tell me the wifi code,wifi
is there internet access available,wifi
i need the password for the wireless network,wifi
how do i get online here,wifi
can you give me the wifi details,wifi
my internet connection keeps dropping,wifi
the wifi is really slow can you fix it,wifi
could you please provide the wifi password,wifi
can i get internet in my room,wifi
could you send me the wifi information,wifi
i need to connect to wifi urgently,wifi
what's the password to get online,wifi
the internet isn't working properly,wifi
can you help me with the wifi connection,wifi
do i need a code for the wifi,wifi
my phone won't connect to wifi,wifi
is there a stronger wifi signal anywhere,wifi
what's your network called,wifi
could you reset the wifi for me,wifi
the wifi keeps disconnecting me,wifi
how do i join the hotel wifi,wifi
can you give me the internet password,wifi
what's wrong with the internet,wifi
i'm trying to connect but it's not working,wifi
do you have high speed internet,wifi
could you please help me get online,wifi
the network isn't showing up on my device,wifi
can the wifi password be changed,wifi
what do i need to do to get wifi,wifi
is the internet password the same everywhere,wifi
wifi is very weak in this room,wifi
how do i troubleshoot my connection,wifi
can you resend the wifi details to my room,wifi
what's the guest network password,wifi
do i need to register for wifi,wifi
the connection keeps timing out,wifi
can you improve the signal in here,wifi
how do i contact tech support for internet,wifi
wifi isn't working in my room,wifi
the internet is really slow right now,wifi
what's the network name for wifi here,wifi
i need the password to connect online,wifi
is there wifi available in the lobby,wifi
how do i get on the wifi network,wifi
wifi keeps disconnecting every few minutes,wifi
can you send me the wifi password,wifi
could you help me connect to wifi,wifi
internet not working please help,wifi
the wifi password isn't working for me,wifi
how do i access the hotel internet,wifi
is the wifi free for guests,wifi
my phone won't connect to your wifi,wifi
how do i login to the wifi,wifi
internet connection issues in my room,wifi
the wifi signal is really weak,wifi
do you need a password for wifi here,wifi
wifi down in my room right now,wifi
can you help me with internet access,wifi
the wifi stopped working suddenly,wifi
what's your wifi network name,wifi
could i get the internet password please,wifi
is there a separate guest wifi,wifi
wifi not connecting to my device,wifi
can you provide the wifi credentials,wifi
how's the internet speed here usually,wifi
wifi keeps dropping connection,wifi
what do i need to do to get online,wifi
the password for wifi please,wifi
can you troubleshoot my internet connection,wifi
is the internet included with my room,wifi
wifi problems need assistance,wifi
what's the guest wifi password,wifi
i need extra blankets,misc_request
can you bring me towels,misc_request
do you have a crib available,misc_request
could i get some pillows,misc_request
my air conditioning isn't working,misc_request
fix the bathroom light please,misc_request
send up some hangers,misc_request
i'd like a wake up call,misc_request
can i get extra sheets,misc_request
bring me a fan,misc_request
do you have a humidifier,misc_request
i need the wifi password,misc_request
can you send maintenance,misc_request
the toilet is running,misc_request
get me some ice buckets,misc_request
can i have a microwave,misc_request
do you have a safe in the room,misc_request
my shower isn't hot,misc_request
send some drinking glasses,misc_request
can the bed be made again,misc_request
i need a different pillow,misc_request
bring extra towels please,misc_request
the door lock is broken,misc_request
do you have ear plugs,misc_request
can i get some snacks,misc_request
my mini fridge isn't cold,misc_request
send up the laundry bag,misc_request
fix my bathroom sink,misc_request
can you turn off the do not disturb,misc_request
i need a step stool,misc_request
can i get an extra chair,misc_request
send me some coffee,misc_request
my room is too cold,misc_request
do you have a clothes rack,misc_request
can someone fix the heater,misc_request
bring me some coat hangers,misc_request
i need more pillows asap,misc_request
can i get the room cleaned,misc_request
send up some bottled water,misc_request
my ac is making noise,misc_request
do you have a hair dryer,misc_request
fix the thermostat please,misc_request
can i get some bath salts,misc_request
send maintenance to my room,misc_request
can you send up some pillows,misc_request
need extra blankets please,misc_request
can i get a fan,misc_request
send me some hangers,misc_request
broken air conditioner,misc_request
fix the tv please,misc_request
need toilet paper,misc_request
can you bring me a hairdryer,misc_request
need extra sheets,misc_request
can i get some water,misc_request
bring me a coffee maker,misc_request
is there a microwave available,misc_request
need help with the wifi,misc_request
can you send up ice bucket,misc_request
broken shower head,misc_request
need a desk lamp,misc_request
can i get a bathrobe,misc_request
send up some towels asap,misc_request
need the ac fixed,misc_request
can you bring a crib,misc_request
broken door lock,misc_request
need more toilet paper,misc_request
can i get a humidifier,misc_request
send hangers to my room,misc_request
is the mini fridge working,misc_request
need help turning on the tv,misc_request
can you fix the curtains,misc_request
bring me some water please,misc_request
need a phone charger urgently,misc_request
can i get extra toiletries,misc_request
broken light in bathroom,misc_request
need the heating turned on,misc_request
can you send a kettle,misc_request
do you have a safe,misc_request
need help with checkout,misc_request
broken curtain rod,misc_request
can i get a wake up call,misc_request
need some slippers,misc_request
send up some tea please,misc_request
is there a safe deposit box,misc_request
need the temperature adjusted,misc_request
can you bring an extra chair,misc_request
broken shower curtain,misc_request
need help with the door,misc_request
can i get a better pillow,misc_request
send me the wifi password,misc_request
can i get some extra towels,misc_request
fix the air conditioning please,misc_request
send up some pillows,misc_request
i need a fan in here,misc_request
could you bring me a blanket,misc_request
the tv is not working,misc_request
do you have an umbrella,misc_request
can you send someone to fix the light,misc_request
i need more hangers for my clothes,misc_request
bring me some extra sheets,misc_request
the water is too hot,misc_request
do you have wifi password,misc_request
send some coffee to my room,misc_request
can you turn down the heating,misc_request
i need a safe for valuables,misc_request
do you have any local maps,misc_request
the shower is leaking,misc_request
send an extra pillow please,misc_request
can i get some ice buckets,misc_request
fix my room key please,misc_request
do you have a needle and thread,misc_request
bring some extra blankets up,misc_request
i need an extension cord,misc_request
can you send housekeeping to my room,misc_request
send up some bottles of water,misc_request
can i get a higher pillow,misc_request
do you have a desk chair,misc_request
the heat is not working,misc_request
can i get some extra soap,misc_request
do you have a microwave in any rooms,misc_request
the air con is too cold,misc_request
send someone to fix the bed,misc_request
do you have a bathrobe available,misc_request
i need a humidifier,misc_request
can you bring a hair straightener,misc_request
the fridge is making noise,misc_request
do you have any spare batteries,misc_request
send up some cleaning supplies,misc_request
the thermostat is stuck,misc_request
can you fix the blinds in here,misc_request
i need a corkscrew,misc_request
i need some extra towels please,misc_request
can you fix the air conditioning,misc_request
bring me some pillows,misc_request
do you have a hairdryer,misc_request
my sink is leaking,misc_request
can i get a cot,misc_request
coffee maker not working,misc_request
could you send up some hangers,misc_request
do you have a fan,misc_request
bathroom light is out,misc_request
can i get extra soap,misc_request
fridge making noise,misc_request
need pen and paper,misc_request
tv remote broken,misc_request
can you turn up the heat,misc_request
send some tissues please,misc_request
toilet running constantly,misc_request
can i get a desk lamp,misc_request
need more shampoo bottles,misc_request
heater not working,misc_request
can you fix the door lock,misc_request
bring extra pillows,misc_request
do i have a mini bar,misc_request
stuck window wont open,misc_request
need to charge my phone,misc_request
can you send laundry service,misc_request
light switch broken,misc_request
need a sewing kit,misc_request
shower head broken,misc_request
need to order room service,misc_request
can you send housekeeping,misc_request
wifi not connecting,misc_request
microwave not working,misc_request
need slippers,misc_request
can i get a working outlet,misc_request
blind is stuck,misc_request
need some ice buckets,misc_request
thermostat broken,misc_request
can you fix the shower,misc_request
mattress is uncomfortable,misc_request
can i switch rooms,misc_request
need to make a reservation,misc_request
plug is not working,misc_request
my ac is not working,misc_request
fix the shower please,misc_request
need extra hangers,misc_request
can i get some ice pls,misc_request
bring more towels to my room,misc_request
fix my toilet,misc_request
i need a crib,misc_request
can you send pillows,misc_request
my tv is broken,misc_request
can i get another blanket,misc_request
my shower is cold,misc_request
can you fix the light,misc_request
bring a fan please,misc_request
can i get coffee,misc_request
send more pillows,misc_request
can you bring a safe,misc_request
my fridge is broken,misc_request
bring tissues please,misc_request
need more hangers plz,misc_request
i need an extra bed,misc_request
bring me a pillow,misc_request
my sink is clogged,misc_request
send an extension cord,misc_request
my ac is too cold,misc_request
can you fix my remote,misc_request
i need a sewing kit,misc_request
bring a bath mat please,misc_request
my tv wont turn on,misc_request
can i get an adapter,misc_request
need iron please,misc_request
my wifi is not working,misc_request
can you bring a safe box,misc_request
i need extra hangers please,misc_request
send a kettle to my room,misc_request
my heater is broken,misc_request
hello there,greeting
hi how are you,greeting
hey can you help me,greeting
good morning,greeting
good afternoon,greeting
good evening,greeting
hey there,greeting
hello,greeting
yes hello,greeting
hi im checking in,greeting
hello i just arrived,greeting
hey im in room 302,greeting
hi can you assist me,greeting
morning,greeting
afternoon,greeting
evening,greeting
hello i need help,greeting
hey i need something,greeting
hi there can you help,greeting
hello is anyone there,greeting
hi do you have a moment,greeting
good day,greeting
hello welcome,greeting
hey welcome,greeting
hi nice to meet you,greeting
hello thanks for picking up,greeting
hi im glad you answered,greeting
hey thank you for answering,greeting
hello someone there,greeting
hi you there,greeting
hello can you hear me,greeting
hey can you hear me,greeting
hi im ready to talk,greeting
hello im ready,greeting
hi lets talk,greeting
hey im here,greeting
hello i have a question,greeting
hi quick question,greeting
hello i need to ask you something,greeting
hey can i ask something,greeting
hi do you have time,greeting
hello are you available,greeting
hey you available,greeting
hi can we chat,greeting
hello want to chat,greeting
hey lets chat,greeting
hi im calling for help,greeting
hi how are you doing,greeting
hey can you help me with something,greeting
hello i just arrived at the hotel,greeting
hi i need some assistance,greeting
hi im calling from room 302,greeting
hey can someone help me out,greeting
hi there just wanted to check in,greeting
hey i need to talk to someone,greeting
hello this is the front desk calling,greeting
hi im new to the hotel,greeting
hey whats up,greeting
hello can you assist me,greeting
hi i just checked in,greeting
good day to you,greeting
hey i need help with something,greeting
hello im staying in your hotel,greeting
hi can you hear me,greeting
hey good to talk to you,greeting
hello just reaching out,greeting
hi there how can i get help,greeting
good to hear a voice,greeting
hey im calling about my room,greeting
hello i have a few questions,greeting
hi wanted to reach someone,greeting
hey can you help me real quick,greeting
hello nice to connect with you,greeting
hi im in the lobby,greeting
good morning how can i help,greeting
hey there i need something,greeting
hello is this the front desk,greeting
hi just wanted to say hello,greeting
hey im calling to ask about,greeting
hello hope youre having a good day,greeting
hi im here and need assistance,greeting
good evening i need help with something,greeting
hey just called to check on something,greeting
hello been trying to reach someone,greeting
hi there got a quick question,greeting
what's up,greeting
hi i need some help,greeting
hi there how's it going,greeting
yeah hi,greeting
so i need assistance,greeting
hey just calling to check on something,greeting
hi do you have a minute,greeting
hey what's going on,greeting
hello yes i'm here,greeting
hi i'm calling about my room,greeting
hey there i got a question,greeting
so anyway hi,greeting
hello i'm back,greeting
hi again,greeting
yo what's happening,greeting
hey can i ask you something,greeting
hi listen i need help with something,greeting
hey i'm having an issue,greeting
hello yes hello,greeting
hi so um i need something,greeting
hey do you work there,greeting
hi i'm calling from room 304,greeting
hello can we talk,greeting
hey there buddy,greeting
hi i wanted to reach out,greeting
so hi there,greeting
hello i'm ready to talk now,greeting
hey come in,greeting
hi excuse me,greeting
hello operator,greeting
hey is this the front desk,greeting
hi i've got a problem,greeting
hello i'm calling to ask something,greeting
hi there i need a favor,greeting
hi good morning,greeting
hey how's it going,greeting
hello i'm calling about something,greeting
hi welcome to the hotel,greeting
good to hear from you,greeting
hey just checking in,greeting
hello do you have a moment,greeting
hi there friend,greeting
hey what's up,greeting
hello i'm a guest in room,greeting
hey just wanted to say hi,greeting
good morning how are you,greeting
hi lovely to hear your voice,greeting
hey i'm here at the hotel,greeting
hello again,greeting
good to talk to someone,greeting
hi it's been a minute,greeting
hello hope you're having a good day,greeting
good afternoon my friend,greeting
hey someone there,greeting
hello just wanted to touch base,greeting
hi how's everything going,greeting
hey can you assist me with something,greeting
good evening friend,greeting
hello long time no talk,greeting
hi i'm reaching out,greeting
hey there how are things,greeting
good morning how can you help,greeting
hey wanted to connect with you,greeting
hi thanks for being available,greeting
hello anyone home,greeting
hey it's me again,greeting
good day how are things,greeting
hello just saying hello,greeting
hi wanted to check in with you,greeting
hey hope your day's going well,greeting
hey can you help me out,greeting
hi is anyone there,greeting
hello i need some assistance,greeting
hi welcome me to the hotel,greeting
can you hear me,greeting
hello yes hi,greeting
hey i just arrived,greeting
hello i'm checking in,greeting
hi i just got to my room,greeting
hey can someone help,greeting
hi i'm new here,greeting
hello just wanted to say hi,greeting
hi i'm in room 302,greeting
hello i need help with something,greeting
hi thanks for picking up,greeting
hello is anyone listening,greeting
hi i'm ready to order,greeting
hey im here now,greeting
hi do you work here,greeting
hello how can we chat,greeting
hi i'm lost in the hotel,greeting
hello nice to meet you,greeting
hi can you assist,greeting
hey just calling to say hi,greeting
hello what can you do for me,greeting
hi i'm ready,greeting
hello i have questions,greeting
hi how do i work this thing,greeting
hey can you hear me okay,greeting
