text,intent
can i get an extra blanket,blanket_request
the room is cold send a duvet please,blanket_request
i need another blanket for tonight,blanket_request
could you bring a warm blanket to my room,blanket_request
we need two more blankets please,blanket_request
im freezing can you send blankets,blanket_request
extra blankets to room three twenty please,blanket_request
the temperature is too cold we need more blankets,blanket_request
can you bring me a thick blanket,blanket_request
id like another duvet for my bed,blanket_request
send two blankets to my room right away,blanket_request
i need blankets im really cold tonight,blanket_request
could we get some warmer blankets please,blanket_request
the air conditioning is making it too cold send blankets,blanket_request
my room is freezing i need extra blankets,blanket_request
can you please bring additional blankets to my room,blanket_request
we need warmer bedding its quite chilly in here,blanket_request
send me a couple of extra blankets,blanket_request
im cold can i have another blanket,blanket_request
could you bring warmer blankets to room five oh one,blanket_request
i would like two more blankets for the bed,blanket_request
the blankets arent warm enough can you send thicker ones,blanket_request
bring some extra duvets to my room please,blanket_request
can i get warmer blankets we are cold,blanket_request
id like to request additional blankets for my room,blanket_request
send blankets to room two eighteen immediately,blanket_request
its cold in here i need more blankets,blanket_request
could you please bring me extra blankets,blanket_request
we need thicker blankets the ones here are too thin,blanket_request
can someone bring extra blankets soon,blanket_request
the room temperature is low bring extra blankets,blanket_request
id appreciate some additional blankets for tonight,blanket_request
can you send warmer duvets to my room,blanket_request
im shivering can you bring blankets,blanket_request
could you bring two extra blankets please,blanket_request
the bed needs more blankets its too cold,blanket_request
send extra bedding to my room right now,blanket_request
can i have another blanket the room is chilly,blanket_request
would you send some warmer blankets to my room,blanket_request
im cold please bring extra blankets,blanket_request
could you bring thicker blankets to my room,blanket_request
the blankets provided are not warm enough,blanket_request
send me some blankets im freezing,blanket_request
can you bring extra blankets to room four oh nine,blanket_request
i need more blankets for warmth tonight,blanket_request
could we get additional duvets brought to our room,blanket_request
the room is too cold for the thin blankets,blanket_request
bring warmer blankets to my room please,blanket_request
send blankets to my room immediately im very cold,blanket_request
can i request some extra blankets,blanket_request
would you bring me thicker blankets,blanket_request
i would like extra blankets delivered to my room,blanket_request
the blankets here are insufficient can you send more,blanket_request
im too cold please bring extra blankets soon,blanket_request
can you send me warmer bedding blankets,blanket_request
im freezing can someone bring me a blanket,blanket_request
send extra blankets to room two twelve,blanket_request
its too cold in here i need blankets,blanket_request
can you bring me a duvet,blanket_request
i would like two additional blankets please,blanket_request
the room feels really cold we need more blankets,blanket_request
could you please send up some extra blankets,blanket_request
we are cold can we get another blanket,blanket_request
bring me a warm blanket as soon as possible,blanket_request
id like to request some extra blankets for my room,blanket_request
im very cold please send blankets immediately,blanket_request
can you send a couple of blankets up,blanket_request
the temperature is low can you bring blankets,blanket_request
i need warmer blankets for tonight please,blanket_request
could you deliver some extra blankets to my room,blanket_request
we dont have enough blankets its freezing,blanket_request
send up two blankets right away,blanket_request
can i get a heavier blanket,blanket_request
the duvet is too thin can you bring another one,blanket_request
im shivering can someone bring me blankets,blanket_request
could we have some warmer blankets please,blanket_request
bring extra blankets to room three oh five,blanket_request
i need more blankets the room is too cold,blanket_request
can you send blankets to my room right now,blanket_request
wed like some additional blankets for warmth,blanket_request
the blankets here arent warm enough,blanket_request
send me some thick blankets please,blanket_request
can i request extra blankets for tonight,blanket_request
its really chilly in my room i need a blanket,blanket_request
could you bring me two more blankets,blanket_request
i would appreciate some warmer blankets in my room,blanket_request
the room temperature is cold send blankets,blanket_request
can you provide more blankets for our room,blanket_request
we need heavier blankets its too cold to sleep,blanket_request
bring some blankets to the room immediately,blanket_request
id like to request additional blankets please,blanket_request
the duvet isnt warm enough can you bring another,blanket_request
can someone send me a blanket right away,blanket_request
im cold can you get me some blankets,blanket_request
could you deliver extra blankets up here,blanket_request
the blanket provided is not warm enough,blanket_request
send more blankets to my room please,blanket_request
i need thicker blankets for tonight,blanket_request
can you bring warmer bedding or extra blankets,blanket_request
id like some additional blankets for the bed,blanket_request
the room lacks proper blankets can you help,blanket_request
we need more blankets its freezing in here,blanket_request
could you please bring some heavy blankets,blanket_request
send up a couple of extra blankets,blanket_request
im too cold please bring me blankets,blanket_request
can i get some thicker blankets for warmth,blanket_request
the provided blankets arent adequate can you bring more,blanket_request
extra blanket please,blanket_request
the room temperature is too cold i need a blanket,blanket_request
i would like another blanket for my bed,blanket_request
send some warm blankets to room four twenty,blanket_request
blankets please my room is freezing,blanket_request
could i get a few extra blankets,blanket_request
we are cold can you help,blanket_request
bring a duvet to my room right away,blanket_request
the ac is making it too cold i need blankets,blanket_request
can you send up another blanket,blanket_request
im really cold can i get a blanket,blanket_request
extra duvets for my room please,blanket_request
would you be able to bring me a warm blanket,blanket_request
the room is chilly send a blanket,blanket_request
i need blankets its very cold in here,blanket_request
could you please bring some extra blankets,blanket_request
send me two more blankets right now,blanket_request
can i request some additional blankets,blanket_request
blankets my room is freezing cold,blanket_request
we need warmer blankets in this room,blanket_request
bring extra blankets immediately please,blanket_request
the temperature is too low i need a blanket,blanket_request
can you get me another duvet,blanket_request
im cold please send a blanket,blanket_request
extra bedding and blankets please,blanket_request
could you send up some warm blankets,blanket_request
the room feels really cold send blankets,blanket_request
i would like two extra blankets,blanket_request
blanket request for my room,blanket_request
can we get more blankets delivered,blanket_request
send a duvet up to my room,blanket_request
the heating is not enough i need blankets,blanket_request
id like another blanket in my bed,blanket_request
more blankets please its too cold,blanket_request
can you bring warmer blankets,blanket_request
i need at least two more blankets,blanket_request
the room is too cold without blankets,blanket_request
could you provide some extra blankets,blanket_request
send blankets to my room immediately,blanket_request
im shivering can you send a blanket,blanket_request
blankets needed for tonight please,blanket_request
would you send me another duvet,blanket_request
the cold is unbearable send blankets,blanket_request
extra blankets and pillows for my room,blanket_request
can i get warmer blankets delivered,blanket_request
more bedding please the room is cold,blanket_request
i need additional blankets right away,blanket_request
send some extra blankets to my room,blanket_request
the room temperature is too low for comfort,blanket_request
can you bring me another warm duvet,blanket_request
its freezing in here can you bring blankets,blanket_request
i would like some extra blankets delivered to my room,blanket_request
can you send up a couple of blankets,blanket_request
the room temperature is too cold i need blankets,blanket_request
could you please bring me a warm duvet,blanket_request
we are very cold can you bring more blankets,blanket_request
id like an additional blanket for my bed,blanket_request
send some blankets to my room right away,blanket_request
its really cold in my room please bring blankets,blanket_request
can i have another blanket to stay warm,blanket_request
could you deliver some extra blankets tonight,blanket_request
i need blankets the room is way too cold,blanket_request
can you bring me a heavier blanket please,blanket_request
the heating isnt working i need more blankets,blanket_request
could you send up two or three blankets,blanket_request
im freezing can you bring me a blanket right now,blanket_request
we only have one blanket and need more,blanket_request
can you bring some blankets to the room,blanket_request
id appreciate some extra blankets for tonight,blanket_request
the room feels very cold do you have more blankets,blanket_request
can you send a warm duvet to my room,blanket_request
i need more blankets this room is too chilly,blanket_request
could you please bring extra blankets as soon as possible,blanket_request
send blankets to my room immediately please,blanket_request
can we get some additional blankets delivered,blanket_request
the ac seems too strong can you bring blankets,blanket_request
can you bring me another blanket i am cold,blanket_request
the temperature in my room is freezing,blanket_request
could you send up some blankets right away,blanket_request
i would appreciate some extra blankets tonight,blanket_request
can i get a few more blankets delivered,blanket_request
the room is too cold and i need blankets,blanket_request
send me some blankets i am freezing,blanket_request
can you bring another blanket and a warmer duvet,blanket_request
i need some blankets the heating is not working,blanket_request
could you send some extra blankets to room number,blanket_request
can you deliver blankets to my room as soon as possible,blanket_request
the room is chilly and i need more blankets,blanket_request
id like some blankets brought to my room,blanket_request
can you bring me a second blanket please,blanket_request
we are cold and need extra blankets right now,blanket_request
the heating in my room is broken send blankets,blanket_request
i would like extra blankets for tonight please,blanket_request
can you send blankets up to my room,blanket_request
the room temperature is freezing send help with blankets,blanket_request
could you bring some warm blankets to my room,blanket_request
i need an extra blanket i am very cold,blanket_request
can you deliver more blankets to my room,blanket_request
the room feels like a freezer bring blankets please,blanket_request
can i get some blankets to stay warm tonight,blanket_request
send up some blankets to my room as soon as possible,blanket_request
could you please send extra blankets right away,blanket_request
can i get an extra blanket please,blanket_request
im really cold in here,blanket_request
send a duvet to my room,blanket_request
we need more blankets its freezing,blanket_request
could you bring me a warm blanket,blanket_request
the room is too cold for blankets,blanket_request
can you bring two extra blankets,blanket_request
we need warmer bedding please,blanket_request
im freezing can you help,blanket_request
send some blankets to room four twelve,blanket_request
could we get an additional duvet,blanket_request
the blanket here is too thin,blanket_request
can i have a thicker blanket,blanket_request
we need more covers we are cold,blanket_request
bring some extra blankets when you can,blanket_request
im cold can you send a duvet,blanket_request
could you please bring extra blankets to my room,blanket_request
the temperature is cold we need blankets,blanket_request
i need a warmer blanket than this one,blanket_request
could you bring us more bedding,blanket_request
send an extra duvet please,blanket_request
the room feels cold bring blankets,blanket_request
we dont have enough blankets in here,blanket_request
can i get more covers for the bed,blanket_request
im freezing and need an extra blanket,blanket_request
could you deliver some warm blankets,blanket_request
we need thicker blankets for tonight,blanket_request
can you bring more duvets please,blanket_request
its cold can you send blankets,blanket_request
i need warmer bedding in my room,blanket_request
could you bring an extra blanket up here,blanket_request
the blankets arent warm enough send more,blanket_request
we are cold please send blankets,blanket_request
can we get additional blankets delivered,blanket_request
bring me another blanket its freezing,blanket_request
could you send up more covers,blanket_request
we need more blankets we are chilly,blanket_request
can you bring warmer blankets to the room,blanket_request
its really cold in here need blankets,blanket_request
send an extra duvet up please,blanket_request
could you bring some blankets for my bed,blanket_request
the room is cold need extra blankets,blanket_request
we need blankets its too chilly,blanket_request
can i have another blanket for the bed,blanket_request
could you please bring extra blankets,blanket_request
im too cold need more blankets,blanket_request
send warmer blankets to my room,blanket_request
can you bring me more duvets,blanket_request
we need additional blankets for warmth,blanket_request
the blankets we have arent enough,blanket_request
could you send blankets right away,blanket_request
its cold in the room send blankets,blanket_request
can we get more blankets brought up,blanket_request
i need an extra blanket tonight,blanket_request
its freezing in here can you send blankets,blanket_request
do you have any extra blankets available,blanket_request
i would like a thicker blanket for my bed,blanket_request
can someone bring me a duvet cover,blanket_request
the blanket is too thin im cold,blanket_request
send extra blankets to room three twenty two,blanket_request
could i have two more blankets please,blanket_request
we are very cold up here,blanket_request
do you have warmer bedding available,blanket_request
im freezing can you help me out,blanket_request
bring me the thickest blanket you have,blanket_request
can we get additional blankets sent up,blanket_request
id like another blanket as soon as possible,blanket_request
could you deliver some extra duvets tonight,blanket_request
i need more blankets its way too cold,blanket_request
send up a couple of blankets please,blanket_request
can you bring warmer blankets to my room,blanket_request
we would appreciate some extra blankets,blanket_request
its quite chilly in the room,blanket_request
do you have any heated blankets,blanket_request
could you send more bedding up here,blanket_request
i am really cold please bring blankets,blanket_request
can i request an additional blanket,blanket_request
could you please bring us warmer blankets,blanket_request
im going to need extra blankets in my room,blanket_request
send some blankets up to the third floor,blanket_request
can you bring a second blanket,blanket_request
i would appreciate another blanket tonight,blanket_request
the blanket is not sufficient,blanket_request
we require additional blankets immediately,blanket_request
could someone bring blankets to my room right away,blanket_request
im sorry but i need more blankets,blanket_request
can you send up warmer bedding,blanket_request
the provided blanket is inadequate for sleeping,blanket_request
we would like to request extra blankets,blanket_request
im too cold can you help,blanket_request
bring me a blanket i cannot sleep,blanket_request
could i get a blanket delivered soon,blanket_request
the temperature seems low send blankets,blanket_request
i need blankets im cold in here,blanket_request
can you spare any extra blankets for my room,blanket_request
would it be possible to get another blanket,blanket_request
i am unable to stay warm with one blanket,blanket_request
could you bring blankets up immediately,blanket_request
the cold is unbearable i need blankets,blanket_request
can someone deliver extra blankets tonight,blanket_request
i would like warmer blankets for my stay,blanket_request
my family needs more blankets we are freezing,blanket_request
could you provide additional blankets,blanket_request
the blanket you gave me is not warm enough,blanket_request
send some blankets to room four twenty,blanket_request
i am cold i need more blankets,blanket_request
the temperature is too low we need blankets,blanket_request
blanket please the room is too chilly,blanket_request
can house keeping bring extra blankets right away,blanket_request
could you send up another duvet,blanket_request
im cold can someone bring a blanket,blanket_request
extra blankets please we are freezing,blanket_request
bring me two more blankets to my room,blanket_request
the duvet is too thin send another one,blanket_request
can you bring a blanket to my room,blanket_request
can i get one more blanket,blanket_request
please send extra blankets to room six oh five,blanket_request
the room temperature is cold need blankets,blanket_request
bring blankets immediately,blanket_request
i need a heavier blanket please,blanket_request
could you bring some extra duvets,blanket_request
we are cold need more blankets,blanket_request
an extra blanket would be great,blanket_request
can house keeping bring more blankets,blanket_request
send up another blanket please,blanket_request
the blanket provided is too thin,blanket_request
i would like warmer blankets in my room,blanket_request
blankets please its freezing,blanket_request
can you bring me two blankets,blanket_request
need extra blankets for my room,blanket_request
this room is too cold bring blankets,blanket_request
id appreciate some extra blankets,blanket_request
could you send more duvets up,blanket_request
we need thicker blankets right now,blanket_request
extra blankets to my room please,blanket_request
the room is very cold need blankets,blanket_request
can someone bring extra blankets,blanket_request
send an extra blanket to my room,blanket_request
we would like two additional blankets,blanket_request
its cold in here bring blankets,blanket_request
can i have another blanket,blanket_request
blankets needed right away please,blanket_request
the temperature is low send blankets,blanket_request
i need warmer bedding and extra blankets,blanket_request
could you please bring more blankets,blanket_request
bring me a blanket to my room,blanket_request
extra blankets please as soon as possible,blanket_request
can you send blankets to my room,blanket_request
can you send up some extra blankets,blanket_request
its freezing in here i need a blanket,blanket_request
my room is too cold please bring blankets,blanket_request
can i get a second blanket for my bed,blanket_request
could you deliver some warm blankets to my room,blanket_request
i need blankets its really cold,blanket_request
send me another blanket please,blanket_request
the temperature is too low can you bring a blanket,blanket_request
we need warmer blankets for the bed,blanket_request
can you bring me two blankets right away,blanket_request
im cold can i get another blanket,blanket_request
could you please send extra blankets to my room,blanket_request
need more blankets up here,blanket_request
its really chilly can i have another blanket,blanket_request
we need some extra blankets up to our room,blanket_request
can i get a thicker blanket please,blanket_request
could you send some blankets to room two one five,blanket_request
bring me another blanket im freezing,blanket_request
can you bring extra blankets tonight,blanket_request
the room needs more blankets its cold,blanket_request
could you deliver a duvet to my room,blanket_request
we need blankets asap,blanket_request
can you bring me some warm blankets,blanket_request
send extra blankets to my room please,blanket_request
its too cold in the room bring blankets,blanket_request
can i get another duvet for the bed,blanket_request
could you send up warmer blankets,blanket_request
i need more blankets for tonight,blanket_request
bring me a thick blanket please,blanket_request
can you deliver blankets to my room,blanket_request
its freezing i need extra blankets,blanket_request
could you bring some blankets up please,blanket_request
we need warmer bedding send blankets,blanket_request
i need a second duvet for my room,blanket_request
the room is cold bring me blankets,blanket_request
can you bring another blanket up,blanket_request
send me some warm blankets right now,blanket_request
can i get more blankets for my room,blanket_request
its cold in here i need blankets,blanket_request
could you send another blanket up to my room,blanket_request
we need blankets its freezing in here,blanket_request
bring extra blankets to my room now,blanket_request
can you deliver some blankets please,blanket_request
i need warmer blankets for tonight,blanket_request
could you send blankets up to my room,blanket_request
the bed needs more blankets im cold,blanket_request
can you bring me warmer blankets please,blanket_request
what time do i need to check out,checkout_billing
can you tell me my final bill,checkout_billing
id like to extend my stay,checkout_billing
whats the check out time here,checkout_billing
do you have a copy of my bill,checkout_billing
can i get a late check out,checkout_billing
i want to stay one more night,checkout_billing
what charges are on my account,checkout_billing
when is check out time,checkout_billing
can i see my itemized bill,checkout_billing
how much do i owe,checkout_billing
id like to request late check out,checkout_billing
can you extend my reservation by two nights,checkout_billing
what time should i vacate the room,checkout_billing
are there any extra charges on my bill,checkout_billing
can i check out later than the standard time,checkout_billing
how late can i stay,checkout_billing
what is included in my bill,checkout_billing
do you offer late check out,checkout_billing
i need to extend my stay,checkout_billing
can you give me an itemized breakdown of charges,checkout_billing
what is the late check out fee,checkout_billing
can i stay until noon,checkout_billing
is there a charge for late check out,checkout_billing
what are all the charges on my account,checkout_billing
when do i have to be out,checkout_billing
can i get a bill before i leave,checkout_billing
id like to add another night to my reservation,checkout_billing
whats the total amount i owe,checkout_billing
can you extend my room for one more night,checkout_billing
do you have any availability to extend my stay,checkout_billing
what time is the standard check out,checkout_billing
can i check out at two pm,checkout_billing
is late check out available,checkout_billing
what is charged to my room,checkout_billing
can you send an itemized bill to my email,checkout_billing
how much am i being charged,checkout_billing
can i stay until tomorrow,checkout_billing
what time do guests need to check out,checkout_billing
are there any hidden charges on my bill,checkout_billing
can you review my bill with me,checkout_billing
id like to request an extension,checkout_billing
what is my account balance,checkout_billing
when must i vacate my room,checkout_billing
can i check out later than usual,checkout_billing
do you have the final bill ready,checkout_billing
what are the costs for late check out,checkout_billing
can i stay another night,checkout_billing
is there availability for one more night,checkout_billing
what time can i leave tomorrow,checkout_billing
can you itemize each charge for me,checkout_billing
what time should i pack and leave,checkout_billing
do you offer room extensions,checkout_billing
what is the charge for staying late,checkout_billing
can i get a detailed bill summary,checkout_billing
when does check out happen,checkout_billing
how much is my total bill,checkout_billing
what time do i need to leave,checkout_billing
can you charge that to my card,checkout_billing
what are the room charges,checkout_billing
can i request a room extension,checkout_billing
is there an extra charge for late checkout,checkout_billing
what do i owe for my stay,checkout_billing
what time do i need to check out tomorrow,checkout_billing
can you send me my bill to my room,checkout_billing
i need to extend my stay for two more nights,checkout_billing
whats the check out time,checkout_billing
can i stay one more night,checkout_billing
i would like to arrange a late check out,checkout_billing
do you have my final bill ready,checkout_billing
can i get an itemized breakdown of my charges,checkout_billing
what time is late check out available,checkout_billing
can i check out at noon instead,checkout_billing
theres a charge on my bill i dont understand,checkout_billing
can you explain these extra fees,checkout_billing
i want to add another night to my reservation,checkout_billing
what is your standard check out time,checkout_billing
can i have a late check out until two pm,checkout_billing
do you offer day use rooms after check out,checkout_billing
i need to pay my bill before i leave,checkout_billing
can i extend my stay by three nights,checkout_billing
whats on my account that i havent paid for,checkout_billing
can you remove this charge from my bill,checkout_billing
i would like to check out late tomorrow,checkout_billing
can i stay until six pm,checkout_billing
what time do guests normally check out,checkout_billing
can you itemize all the charges please,checkout_billing
i need a receipt for my stay,checkout_billing
do you have any hidden charges on my bill,checkout_billing
can i get a copy of my invoice,checkout_billing
i want to add two more nights,checkout_billing
what are all these extra charges for,checkout_billing
can you explain the mini bar charges,checkout_billing
i would like late check out if possible,checkout_billing
can i extend one more week,checkout_billing
what is the total amount i owe,checkout_billing
are there any charges i can dispute,checkout_billing
can you send my bill via email,checkout_billing
i need to check out early tomorrow,checkout_billing
can i leave my luggage here after check out,checkout_billing
what are the late fees if i stay longer,checkout_billing
can you hold my room for one more day,checkout_billing
i would like to keep my room another night,checkout_billing
do you have availability to extend my stay,checkout_billing
what time must i vacate my room,checkout_billing
can i get a detailed bill breakdown,checkout_billing
how much will it cost for one more night,checkout_billing
theres a mini bar charge i didnt authorize,checkout_billing
can you remove the mini bar from my bill,checkout_billing
i need more time can i stay until three,checkout_billing
what is the rate for extending my stay,checkout_billing
can i pay my bill now before check out,checkout_billing
do you take credit cards for payment,checkout_billing
i would like an extension for tonight,checkout_billing
can i have late check out until noon,checkout_billing
what extra charges are on here,checkout_billing
need to settle my account before leaving,checkout_billing
can you process my payment now,checkout_billing
i want to dispute one of these charges,checkout_billing
what is your policy on late check out,checkout_billing
can i get a printout of my bill,checkout_billing
i need to extend by a few more days,checkout_billing
do you charge extra for late check out,checkout_billing
when is checkout time,checkout_billing
im leaving tomorrow morning,checkout_billing
can i get my bill please,checkout_billing
i need to see the charges on my account,checkout_billing
whats the total cost of my stay,checkout_billing
can i have a late check out,checkout_billing
what time is the latest i can check out,checkout_billing
how much do i owe for my room,checkout_billing
i want to extend my reservation by two nights,checkout_billing
can you print my bill for me,checkout_billing
what are all the fees on my account,checkout_billing
is there a late checkout fee,checkout_billing
id like to add another night to my booking,checkout_billing
how long can i stay if i extend,checkout_billing
what time do guests usually check out,checkout_billing
can i get an itemized bill,checkout_billing
are there any pending charges,checkout_billing
i need to leave by ten am,checkout_billing
can you hold my luggage after check out,checkout_billing
whats included in the room rate,checkout_billing
are mini bar charges on my bill,checkout_billing
do you charge for late check out,checkout_billing
can i check out late tomorrow,checkout_billing
what if i want to stay longer,checkout_billing
how much is an extra night,checkout_billing
can i extend my stay for three more nights,checkout_billing
when do i have to vacate the room,checkout_billing
what time should i be out by,checkout_billing
can i get a detailed breakdown of charges,checkout_billing
are there resort fees,checkout_billing
what are the check out procedures,checkout_billing
can i do a late check out at two pm,checkout_billing
how much will it cost to extend,checkout_billing
what time is final checkout,checkout_billing
can i pay my bill now,checkout_billing
is there a charge for late departure,checkout_billing
can i leave my bags here after checkout,checkout_billing
what happens if i check out late,checkout_billing
can you send the bill to my room,checkout_billing
are there any outstanding charges,checkout_billing
can i extend for just one more night,checkout_billing
what time do i absolutely have to leave,checkout_billing
how much longer can i stay,checkout_billing
can i check out at three o clock,checkout_billing
what fees are included in my total,checkout_billing
do you charge for extra towels or mini bar,checkout_billing
can someone bring my bill to my room,checkout_billing
is there a discount if i extend my stay,checkout_billing
what are the cancellation fees if i leave early,checkout_billing
can i get an extension on my room,checkout_billing
how many more nights can i book,checkout_billing
what is the charge per additional night,checkout_billing
can i have until eleven am to check out,checkout_billing
i want to extend my stay for two more nights,checkout_billing
whats the checkout time here,checkout_billing
can i get a late check out until two pm,checkout_billing
id like to stay an extra night,checkout_billing
when do i have to leave by,checkout_billing
can you send my bill to my room,checkout_billing
what are the mini bar charges on my bill,checkout_billing
how much is the late checkout charge,checkout_billing
do you have a copy of my charges,checkout_billing
i need to extend my booking by one night,checkout_billing
can i stay one more night please,checkout_billing
whats included in my bill,checkout_billing
are there any additional charges,checkout_billing
can you itemize my bill for me,checkout_billing
what time should i vacate my room,checkout_billing
i would like to add another night to my stay,checkout_billing
how much was the room per night,checkout_billing
is there a charge for late checkout,checkout_billing
can i extend my stay,checkout_billing
i need more time before i leave,checkout_billing
can i get a breakdown of my bill,checkout_billing
what time do you need the room back,checkout_billing
are there any charges i dont understand,checkout_billing
can i stay until three pm tomorrow,checkout_billing
how late can i stay in my room,checkout_billing
what is the total amount due,checkout_billing
can you explain these charges to me,checkout_billing
id like to request a late check out,checkout_billing
is the wi fi charge on my bill,checkout_billing
can i have an extra night,checkout_billing
what time must i check out by,checkout_billing
can you provide an itemized receipt,checkout_billing
are there resort fees on my bill,checkout_billing
can i extend by one more day,checkout_billing
do i owe anything else,checkout_billing
can i get a final statement,checkout_billing
is there a charge for the mini bar items i used,checkout_billing
when do housekeeping need the room,checkout_billing
can i stay two more nights,checkout_billing
what time should i be out of the room,checkout_billing
can you add another night to my booking,checkout_billing
what is checkout time on my last day,checkout_billing
can i have a detailed bill,checkout_billing
i would like to extend my reservation,checkout_billing
what are the late checkout times available,checkout_billing
can you charge an extra night to my card,checkout_billing
is there anything else on my bill i should know about,checkout_billing
what time can i check out until,checkout_billing
can you tell me my total bill amount,checkout_billing
how much is the mini bar charge,checkout_billing
can i get an itemized receipt please,checkout_billing
im staying one more night is that possible,checkout_billing
are there any extra charges on my account,checkout_billing
can i extend my reservation by two nights,checkout_billing
can you email my bill to me,checkout_billing
do you have a late check out available,checkout_billing
how much did i spend on room service,checkout_billing
can i pay my bill now before checkout,checkout_billing
what are all the charges listed on my bill,checkout_billing
is there a fee for late check out,checkout_billing
can i get a printed copy of my receipt,checkout_billing
when do i have to leave tomorrow,checkout_billing
how much are the parking charges,checkout_billing
what is included in my final bill,checkout_billing
id like to stay for three more days,checkout_billing
can i check out later than noon,checkout_billing
do i owe anything else on my room,checkout_billing
can you itemize my bill for me please,checkout_billing
are there any pending charges on my account,checkout_billing
what was i charged for the phone calls,checkout_billing
is the breakfast included or is there a charge,checkout_billing
can i have an extension on my stay,checkout_billing
how much is the room service delivery fee,checkout_billing
can you tell me what i owe total,checkout_billing
is there a surcharge for checking out late,checkout_billing
what are these mystery charges on my bill,checkout_billing
can i extend just for one more night,checkout_billing
do you offer late checkout options,checkout_billing
what time can i check out by,checkout_billing
are there taxes added to my bill,checkout_billing
how much extra for one more night,checkout_billing
can i get my bill sent to my email,checkout_billing
what is the charge for the spa service,checkout_billing
when should i return my room key,checkout_billing
is the resort fee included in my total,checkout_billing
can i add another night to my booking,checkout_billing
what did the laundry service cost me,checkout_billing
do i need to settle my bill before i leave,checkout_billing
what time is checkout and is it flexible,checkout_billing
how much will it cost to stay longer,checkout_billing
can you break down my charges for me,checkout_billing
is there a charge for the house keeping service,checkout_billing
i need to settle my account before i leave,checkout_billing
can i get an itemized receipt,checkout_billing
do you have a late checkout available,checkout_billing
what charges are on my bill,checkout_billing
can i check out late tomorrow morning,checkout_billing
i would like to pay my bill now,checkout_billing
are there any additional charges i should know about,checkout_billing
i need to extend my reservation,checkout_billing
can i get a copy of my receipt,checkout_billing
what time must i leave by,checkout_billing
i would like to stay one more night,checkout_billing
can you tell me what i owe,checkout_billing
are there mini bar charges on my bill,checkout_billing
can i get an itemized breakdown of charges,checkout_billing
do i have any outstanding charges,checkout_billing
what time is late checkout available until,checkout_billing
can you process my bill now,checkout_billing
i want to extend my stay by three nights,checkout_billing
what are the late checkout fees,checkout_billing
can i extend my reservation by one week,checkout_billing
i need to know my total bill amount,checkout_billing
can you bill everything to my card,checkout_billing
are there resort fees on my account,checkout_billing
i would like to check out at noon,checkout_billing
can i stay until five pm tomorrow,checkout_billing
what are the charges for late checkout,checkout_billing
do you charge for late checkout,checkout_billing
i need the bill itemized by service,checkout_billing
what is on my final account,checkout_billing
can i get a detailed receipt please,checkout_billing
i would like to book an extra night,checkout_billing
what time is checkout in the morning,checkout_billing
are there any pending charges on my bill,checkout_billing
can you extend my booking by two days,checkout_billing
is there a charge for checking out late,checkout_billing
i need to review my bill before leaving,checkout_billing
can i pay my bill with a different card,checkout_billing
what time do i need to leave tomorrow,checkout_billing
are all my minibar charges included in the bill,checkout_billing
can you tell me the checkout deadline,checkout_billing
do you have any rooms available for tomorrow night,checkout_billing
whats my total bill,checkout_billing
i would like to check out early,checkout_billing
what time is checkout,checkout_billing
im checking out today,checkout_billing
i need an extra night,checkout_billing
whats the charge for the mini bar,checkout_billing
i want to extend my reservation,checkout_billing
what time do guests need to leave,checkout_billing
can you bill everything to my room,checkout_billing
i would like to settle my bill,checkout_billing
do you offer late checkout,checkout_billing
can someone bring my bill,checkout_billing
i need to know my final charges,checkout_billing
can i add another night to my stay,checkout_billing
when is the checkout deadline,checkout_billing
are there extra fees on my account,checkout_billing
i want to pay now before i leave,checkout_billing
can i get a receipt for my bill,checkout_billing
how much extra for late checkout,checkout_billing
i need to extend one more day,checkout_billing
what are all the charges,checkout_billing
im ready to check out,checkout_billing
do i owe anything,checkout_billing
whats the cost to stay longer,checkout_billing
can you hold my luggage after checkout,checkout_billing
i would like to review my bill,checkout_billing
can i pay with a different card,checkout_billing
are there any room charges i should know about,checkout_billing
can i see an itemized breakdown,checkout_billing
i need the bill right away,checkout_billing
when do i have to leave,checkout_billing
can i extend for two more nights,checkout_billing
what time is the latest i can stay,checkout_billing
i need to add charges to my bill,checkout_billing
can someone come collect payment,checkout_billing
whats the damage on my account,checkout_billing
do you need my room key,checkout_billing
can i prepay for another night,checkout_billing
what would it cost for late checkout,checkout_billing
i want to settle everything now,checkout_billing
can you bring the bill to my room right away,checkout_billing
i need to see my itemized bill,checkout_billing
whats on my bill,checkout_billing
can you explain these charges,checkout_billing
why am i being charged for this,checkout_billing
i would like to extend my stay,checkout_billing
is late checkout available,checkout_billing
can i check out later than normal,checkout_billing
can i get a copy of my bill emailed to me,checkout_billing
print my bill please,checkout_billing
can i review my charges before i leave,checkout_billing
can i keep my room until noon,checkout_billing
is noon checkout possible,checkout_billing
whats the late checkout fee,checkout_billing
how much does late checkout cost,checkout_billing
can i stay until two pm,checkout_billing
i need to pack can i have more time,checkout_billing
do you have any rooms available tomorrow,checkout_billing
can i book another night,checkout_billing
im not ready to leave yet,checkout_billing
what am i paying for,checkout_billing
are mini bar charges on here,checkout_billing
did i use the mini bar,checkout_billing
can you remove this charge,checkout_billing
i didnt order this item,checkout_billing
this charge seems wrong,checkout_billing
can we dispute this charge,checkout_billing
what are the resort fees for,checkout_billing
are taxes included in this total,checkout_billing
when do i need to settle my bill,checkout_billing
can i pay now or later,checkout_billing
do you take credit cards,checkout_billing
whens my final payment due,checkout_billing
i need my receipt,checkout_billing
can i have a final folio,checkout_billing
what time does front desk close,checkout_billing
do i need to check out with someone,checkout_billing
can i just leave my key,checkout_billing
where do i return my room key,checkout_billing
should i leave my key at the desk,checkout_billing
can i check out online,checkout_billing
is there an express checkout option,checkout_billing
how late can i stay tomorrow,checkout_billing
theres an error on my bill,checkout_billing
this doesnt look right,checkout_billing
can you recalculate this,checkout_billing
im confused about these charges,checkout_billing
can we go over the bill together,checkout_billing
what restaurants are nearby,concierge_general
can you recommend a good place to eat,concierge_general
what time does the swimming pool open,concierge_general
can you book a table for two tonight,concierge_general
is there a pharmacy close to the hotel,concierge_general
where can i find a good coffee shop,concierge_general
can you make a dinner reservation for me,concierge_general
whats the best italian restaurant in the area,concierge_general
do you have any recommendations for sightseeing,concierge_general
can i get tickets to a show tonight,concierge_general
where is the nearest grocery store,concierge_general
can you book me a spa appointment,concierge_general
what bars are open late around here,concierge_general
do you know any good seafood restaurants,concierge_general
can you recommend a dentist nearby,concierge_general
wheres the closest gym or fitness center,concierge_general
can you help me book a tour,concierge_general
what time does the hotel restaurant close,concierge_general
are there any museums i should visit,concierge_general
can you make a lunch reservation for tomorrow,concierge_general
where can i get a good massage,concierge_general
can you recommend a family friendly restaurant,concierge_general
whats the best way to get downtown,concierge_general
can you book me a taxi for tonight,concierge_general
are there any movie theaters nearby,concierge_general
can you help me find a clothing store,concierge_general
what are the top attractions in this city,concierge_general
can you recommend a quiet place to work,concierge_general
where can i find a good breakfast spot,concierge_general
can you book an early morning wake up call,concierge_general
are there any night clubs in walking distance,concierge_general
can you recommend a vegetarian restaurant,concierge_general
whats the weather going to be like tomorrow,concierge_general
can you help me book a cooking class,concierge_general
where is the nearest train station,concierge_general
can you recommend a rooftop bar,concierge_general
are there any parks nearby for walking,concierge_general
can you book me a car rental,concierge_general
what time does checkout happen tomorrow,concierge_general
can you recommend a good wine bar,concierge_general
where can i get my clothes pressed,concierge_general
can you help me find a bookstore,concierge_general
are there any theaters showing movies tonight,concierge_general
can you recommend a birthday dinner spot,concierge_general
wheres the best place for shopping around here,concierge_general
can you book me a haircut appointment,concierge_general
what are some good brunch spots nearby,concierge_general
can you help me plan a day trip,concierge_general
where is the nearest post office,concierge_general
can you recommend a nighttime activity,concierge_general
are there any rooftop restaurants in the area,concierge_general
can you help me book a photography tour,concierge_general
what would you recommend for a special occasion,concierge_general
where can i find a good pastry shop,concierge_general
can you recommend somewhere quiet for dinner,concierge_general
are there any live music venues nearby,concierge_general
can you help me find a souvenir shop,concierge_general
where can i find a good italian restaurant,concierge_general
what attractions are near the hotel,concierge_general
do you have any spa recommendations,concierge_general
can you book me a massage appointment,concierge_general
what time does the gym close,concierge_general
can you recommend a seafood restaurant,concierge_general
is there a movie theater nearby,concierge_general
can you book theater tickets for me,concierge_general
where can i get a haircut,concierge_general
what time does breakfast start,concierge_general
can you recommend a coffee shop,concierge_general
is there a laundry service available,concierge_general
can you book a car rental for me,concierge_general
where can i find a souvenir shop,concierge_general
what restaurants have vegetarian options,concierge_general
can you recommend a wine bar,concierge_general
is there a late night restaurant nearby,concierge_general
can you make a lunch reservation,concierge_general
what time does room service close,concierge_general
is there a dentist near the hotel,concierge_general
can you book a tour for me,concierge_general
where can i find a florist,concierge_general
what museums are in the area,concierge_general
can you recommend a nightclub,concierge_general
is there a business center available,concierge_general
can you book a golf course for me,concierge_general
where is the nearest atm,concierge_general
what time does the front desk close,concierge_general
can you recommend a steakhouse,concierge_general
is there a bookstore nearby,concierge_general
can you book a cooking class for me,concierge_general
where can i find a gym,concierge_general
what galleries are near here,concierge_general
can you recommend a sushi restaurant,concierge_general
is there a karaoke bar nearby,concierge_general
can you book a wine tasting,concierge_general
where is the nearest hospital,concierge_general
what time does checkout happen,concierge_general
can you recommend a quiet restaurant,concierge_general
is there a garden or park nearby,concierge_general
can you book a yacht charter for me,concierge_general
where can i find a tailor,concierge_general
what shows are playing tonight,concierge_general
can you recommend a budget friendly restaurant,concierge_general
is there a swimming instructor available,concierge_general
can you book a helicopter tour,concierge_general
where is the nearest gas station,concierge_general
what time does the concierge desk open,concierge_general
can you recommend somewhere for brunch,concierge_general
is there a pet friendly restaurant nearby,concierge_general
what attractions are within walking distance,concierge_general
are there any bars in the area,concierge_general
can you book tickets for a show,concierge_general
what museums are near the hotel,concierge_general
can you make a restaurant reservation for four people,concierge_general
where can i find a good seafood restaurant,concierge_general
can you book me a taxi,concierge_general
what entertainment options are available,concierge_general
can you recommend a good sushi place,concierge_general
where can i find a laundry service,concierge_general
what time is breakfast served,concierge_general
are there any gardens nearby,concierge_general
can you recommend a bakery,concierge_general
where is the nearest bank,concierge_general
what time does the bar open,concierge_general
can you book me a hotel tour,concierge_general
what shopping areas are near here,concierge_general
where can i find a dentist,concierge_general
what time does the restaurant open,concierge_general
can you book dinner at eight pm,concierge_general
can you recommend fine dining options,concierge_general
what time does house keeping finish,concierge_general
where can i find a good wine bar,concierge_general
what activities are available for families,concierge_general
can you book me a cooking class,concierge_general
where is the nearest library,concierge_general
what time does the concierge desk close,concierge_general
can you make a spa reservation,concierge_general
where can i find local street food,concierge_general
can you recommend a rooftop restaurant,concierge_general
what time is lunch service available,concierge_general
can you book me tickets for a concert,concierge_general
where can i get travel recommendations,concierge_general
where can i find a good bar,concierge_general
is there a gym in the building,concierge_general
what time does the restaurant close,concierge_general
are there any museums nearby,concierge_general
can you order room service for me,concierge_general
where can i get coffee right now,concierge_general
can you recommend a quiet place to relax,concierge_general
can you book a taxi for me,concierge_general
is there a dentist nearby,concierge_general
can you recommend an italian restaurant,concierge_general
what activities are available at the hotel,concierge_general
can you book a massage for tomorrow,concierge_general
where can i find a barber shop,concierge_general
what time does the gym open,concierge_general
can you book a table at a nice restaurant,concierge_general
where is the nearest bank or atm,concierge_general
can you recommend something for lunch,concierge_general
what entertainment is available tonight,concierge_general
can you book me a hotel shuttle,concierge_general
where can i find the business center,concierge_general
can you recommend a local brewery,concierge_general
what time is the evening turndown service,concierge_general
can you help me find a babysitter,concierge_general
can you recommend a romantic restaurant,concierge_general
what tours are available in the area,concierge_general
can you book a wake up call for me,concierge_general
where can i find a t v guide,concierge_general
where is the nearest shopping mall,concierge_general
can you recommend a fast food place nearby,concierge_general
what time does the a c turn on,concierge_general
can you book me in for a haircut,concierge_general
where can i find room service menus,concierge_general
can you recommend the best local cuisine,concierge_general
what time does house keeping come,concierge_general
can you help book a restaurant reservation,concierge_general
can you recommend a dessert place,concierge_general
what events are happening at the hotel,concierge_general
do you have any restaurant recommendations for tonight,concierge_general
what time does room service stop,concierge_general
where can i get a massage,concierge_general
is there a gym in the hotel,concierge_general
where can i find a nightclub nearby,concierge_general
can you book tickets to a show,concierge_general
what museums are in this area,concierge_general
can you make a reservation at a nice restaurant,concierge_general
where can i find a coffee shop,concierge_general
is there a business center in the hotel,concierge_general
can you book a table for four people,concierge_general
where is the nearest supermarket,concierge_general
what time does check in end,concierge_general
can you arrange a car rental for me,concierge_general
where can i find a good hotel restaurant,concierge_general
what is there to do in this city,concierge_general
can you book a tour for tomorrow,concierge_general
where is the nearest laundry service,concierge_general
where can i get dry cleaning done,concierge_general
can you book a table at a fancy restaurant,concierge_general
what activities are there for kids,concierge_general
can you recommend a breakfast spot,concierge_general
what is the best restaurant in the area,concierge_general
where can i find a wine bar,concierge_general
can you recommend a casual dining place,concierge_general
what museums have late night hours,concierge_general
where is the nearest atm machine,concierge_general
can you book a sunset dinner cruise,concierge_general
what is the dress code for restaurants,concierge_general
can you recommend a beachfront restaurant,concierge_general
where can i get a manicure,concierge_general
what theaters are nearby,concierge_general
can you book a table outside if possible,concierge_general
where is the nearest fitness center,concierge_general
can you recommend somewhere romantic for dinner,concierge_general
what cultural attractions are close by,concierge_general
can you book me a guided city tour,concierge_general
i need restaurant recommendations for tonight,concierge_general
do you have spa services available,concierge_general
can you book a massage for tomorrow afternoon,concierge_general
where is the nearest coffee shop,concierge_general
can i get tickets to local attractions,concierge_general
recommend a seafood restaurant within walking distance,concierge_general
where can i find a gym nearby,concierge_general
book me a table at your best restaurant,concierge_general
what entertainment options are available in the area,concierge_general
can you suggest a romantic dinner spot,concierge_general
where is the nearest hospital or medical clinic,concierge_general
i need a babysitter for tonight can you help,concierge_general
what museums are worth visiting around here,concierge_general
can you arrange airport transportation for me,concierge_general
where can i find vegetarian restaurants nearby,concierge_general
what time is breakfast service available,concierge_general
do you offer laundry services,concierge_general
can you recommend a nice bar with live music,concierge_general
where is the nearest supermarket or convenience store,concierge_general
book a golf tee time for tomorrow please,concierge_general
what tours are available in the city,concierge_general
can you make dinner reservations for four people,concierge_general
where can i get my shoes repaired,concierge_general
what shopping areas would you recommend,concierge_general
can you arrange a wake up call for six am,concierge_general
where can i find the best coffee in town,concierge_general
book me a spa treatment for this evening,concierge_general
what events are happening in the city tonight,concierge_general
where is the nearest atm or bank,concierge_general
can you arrange childcare services,concierge_general
what is nearby that i can visit today,concierge_general
recommend a restaurant with a good wine selection,concierge_general
where can i get flowers delivered to my room,concierge_general
can you book a tour of the city for tomorrow,concierge_general
what time does the hotel gym open,concierge_general
is there a concierge desk available twenty four hours,concierge_general
where can i find authentic local cuisine,concierge_general
can you help me make dinner plans,concierge_general
what are the best nightclubs in walking distance,concierge_general
book me a car service to the airport,concierge_general
where is the nearest dentist or doctor,concierge_general
can you recommend something fun for kids,concierge_general
what restaurants have vegetarian options available,concierge_general
where can i get my laundry done quickly,concierge_general
can you arrange dinner delivery to my room,concierge_general
what cultural attractions are in the area,concierge_general
where can i buy souvenirs or gifts nearby,concierge_general
i need restaurant recommendations for dinner,concierge_general
can you make a reservation for me,concierge_general
do you have any suggestions for nightlife,concierge_general
are there any museums in the area,concierge_general
can you book tickets for me,concierge_general
is there a good italian restaurant nearby,concierge_general
where is the nearest movie theater,concierge_general
can you recommend something vegetarian,concierge_general
are there any parks nearby,concierge_general
what is there to do around here,concierge_general
where can i get my laundry done,concierge_general
can you make dinner reservations for four,concierge_general
what time does the spa open,concierge_general
where can i buy souvenirs,concierge_general
can you book me a tour,concierge_general
what restaurants deliver to rooms,concierge_general
where can i find a bank nearby,concierge_general
is there a good steakhouse in town,concierge_general
can you suggest something for lunch,concierge_general
what bars are nearby,concierge_general
can you book a theater show for me,concierge_general
what is open right now,concierge_general
can you book me a wake up call,concierge_general
where can i find a bookstore,concierge_general
is there a pool bar,concierge_general
can you recommend a casual restaurant,concierge_general
what time does checkout start,concierge_general
can you book a sunset tour,concierge_general
what cuisines are available nearby,concierge_general
can you recommend somewhere romantic,concierge_general
are there any good bars in the area,concierge_general
can you recommend a place for breakfast,concierge_general
where can i get a taxi from here,concierge_general
can you book tickets to a show for me,concierge_general
what museums are in walking distance,concierge_general
can you recommend a good seafood restaurant,concierge_general
are there any local events happening tonight,concierge_general
what is there to do in the evening,concierge_general
can you make a reservation at the steakhouse,concierge_general
do you know any good nightclubs nearby,concierge_general
where can i catch a bus from here,concierge_general
can you recommend a place for lunch,concierge_general
are there any good shopping areas nearby,concierge_general
can you recommend a good sushi restaurant,concierge_general
where can i find a good bakery,concierge_general
can you make a reservation for tomorrow night,concierge_general
are there any good hiking trails nearby,concierge_general
can you book a guided city tour for me,concierge_general
where is the nearest cinema,concierge_general
can you recommend a casual dining spot,concierge_general
what restaurants have the best views,concierge_general
can you book theater tickets for us,concierge_general
where can i find a good pizza place,concierge_general
what are the local specialties to try,concierge_general
where is the nearest dental office,concierge_general
can you book a wine tasting experience,concierge_general
what time do the shops close,concierge_general
are there any michelin star restaurants nearby,concierge_general
can you recommend a place for anniversary dinner,concierge_general
can you book a restaurant with outdoor seating,concierge_general
what is the best seafood place around here,concierge_general
where is the nearest wine shop,concierge_general
i need a taxi to the airport please,concierge_taxi
can you get me a cab right now,concierge_taxi
book a car for tomorrow morning at six,concierge_taxi
i need transport to the train station,concierge_taxi
call a taxi for me as soon as possible,concierge_taxi
can you arrange a ride to the city center,concierge_taxi
i need a car to go to the hospital,concierge_taxi
book me a cab for eight thirty am,concierge_taxi
can you call a taxi to pick me up,concierge_taxi
i need transport to the shopping district,concierge_taxi
arrange a car for this evening please,concierge_taxi
can you get a taxi for five pm,concierge_taxi
i need a ride to the beach,concierge_taxi
book a cab for checkout time tomorrow,concierge_taxi
can you arrange transport to the restaurant,concierge_taxi
i need a taxi to the airport in one hour,concierge_taxi
call me a car for the station,concierge_taxi
can you book a ride for nine am,concierge_taxi
i need transport to the museum downtown,concierge_taxi
arrange a taxi for late tonight please,concierge_taxi
can you get me a cab immediately,concierge_taxi
i need a car to the train station at six thirty,concierge_taxi
book transport to the airport for tomorrow,concierge_taxi
i need a ride to the conference center,concierge_taxi
can you call a taxi for two oclock,concierge_taxi
arrange a cab for the morning please,concierge_taxi
i need transport to the business district,concierge_taxi
can you get a car for seven am,concierge_taxi
i need a taxi right away,concierge_taxi
book me a ride to the city,concierge_taxi
can you arrange a cab for dinner time,concierge_taxi
i need a car to the airport tomorrow,concierge_taxi
call a taxi for checkout at eleven am,concierge_taxi
can you get transport to the nightclub,concierge_taxi
i need a ride to the botanical gardens,concierge_taxi
arrange a car for four thirty pm please,concierge_taxi
can you book a taxi for the airport,concierge_taxi
i need transport to the university campus,concierge_taxi
call me a cab for early morning pickup,concierge_taxi
can you arrange a ride for tonight,concierge_taxi
i need a taxi to the port,concierge_taxi
book a car for six am tomorrow,concierge_taxi
can you get me transport immediately,concierge_taxi
i need a ride to the thermal spa,concierge_taxi
arrange a taxi for the afternoon please,concierge_taxi
can you call a car for the station,concierge_taxi
i need a taxi for the airport run,concierge_taxi
book transport for seven thirty am,concierge_taxi
can you get a cab to the mall,concierge_taxi
i need a ride to the concert hall,concierge_taxi
arrange a car for the evening out,concierge_taxi
can you call a taxi for nine thirty,concierge_taxi
i need transport to the airport now,concierge_taxi
book a car for tomorrow morning at seven,concierge_taxi
call a taxi for me immediately,concierge_taxi
i need a cab to go shopping downtown,concierge_taxi
please book transport for six people,concierge_taxi
can you call a car for eight thirty am,concierge_taxi
i need a taxi to the hospital urgently,concierge_taxi
arrange a cab to the beach for this afternoon,concierge_taxi
can you get me a ride to the restaurant,concierge_taxi
i need transport to the shopping mall,concierge_taxi
book a taxi for four pm today,concierge_taxi
can you call a car to pick me up,concierge_taxi
i need a cab to the train station right now,concierge_taxi
please arrange transport for two passengers,concierge_taxi
can you get a taxi here in five minutes,concierge_taxi
i need a ride to the airport for tomorrow,concierge_taxi
call me a cab to the city center,concierge_taxi
book transport for half past six in the morning,concierge_taxi
can you arrange a car for tonight,concierge_taxi
i need a taxi to go to dinner,concierge_taxi
please get me a ride to the station,concierge_taxi
can you call a cab for the morning,concierge_taxi
i need transport to the university,concierge_taxi
arrange a taxi for two people to the airport,concierge_taxi
can you book a car for checkout time,concierge_taxi
i need a ride downtown as soon as possible,concierge_taxi
call a taxi to take me to the beach,concierge_taxi
book a cab for five thirty am please,concierge_taxi
can you get me transport to the museum,concierge_taxi
i need a car to the financial district,concierge_taxi
please arrange a taxi for this evening,concierge_taxi
can you call a ride to the airport now,concierge_taxi
i need a cab for six oclock,concierge_taxi
arrange transport to the bus station for me,concierge_taxi
can you book a car for seven am tomorrow,concierge_taxi
i need a taxi to the conference center,concierge_taxi
please get a cab for two passengers,concierge_taxi
can you call a car for the afternoon,concierge_taxi
book a taxi for early tomorrow morning,concierge_taxi
can you arrange a ride for four people,concierge_taxi
i need a cab to the office building,concierge_taxi
please call a taxi for me right away,concierge_taxi
can you get me a car to the harbor,concierge_taxi
i need a ride to dinner reservations,concierge_taxi
arrange a cab for half past eight tonight,concierge_taxi
can you book transport to the train station,concierge_taxi
please get a ride for six am,concierge_taxi
can you call a car for tonight at nine,concierge_taxi
i need transport to the nearest hospital,concierge_taxi
book a taxi for tomorrow afternoon please,concierge_taxi
can you call a cab for me right now,concierge_taxi
book a taxi for tomorrow morning at seven,concierge_taxi
arrange a car to the city center for me,concierge_taxi
can you get me a taxi in ten minutes,concierge_taxi
i need a ride to the shopping mall,concierge_taxi
please book a cab for six pm tonight,concierge_taxi
can you call a taxi to take me downtown,concierge_taxi
i need transport to the hospital urgently,concierge_taxi
arrange a car for me to the beach,concierge_taxi
can you order a cab for eight thirty am,concierge_taxi
i need a taxi to the restaurant district,concierge_taxi
book me a car for the airport tomorrow,concierge_taxi
can you arrange transport to the museum,concierge_taxi
i need a ride to the business district now,concierge_taxi
please call a taxi for checkout time,concierge_taxi
can you get a cab to the train station,concierge_taxi
arrange a taxi for half past five tomorrow,concierge_taxi
can you book a car for the theater,concierge_taxi
i need a ride to the port right away,concierge_taxi
please order a taxi for nine in the morning,concierge_taxi
can you arrange a cab to the market,concierge_taxi
i need transport to the sports complex,concierge_taxi
book a taxi for the afternoon please,concierge_taxi
can you call a car for the evening,concierge_taxi
arrange transport to the airport for tomorrow morning,concierge_taxi
can you get a taxi for checkout,concierge_taxi
i need a cab to the nearest hospital now,concierge_taxi
please book a car for six thirty am,concierge_taxi
can you order a taxi for my guests,concierge_taxi
i need transport for four people to the station,concierge_taxi
arrange a cab to the old town district,concierge_taxi
can you call a taxi for late night,concierge_taxi
i need a ride downtown in thirty minutes,concierge_taxi
book me a car for the airport at dawn,concierge_taxi
can you arrange transport to the nightclub,concierge_taxi
i need a taxi to the residential area,concierge_taxi
please call a cab for my departure,concierge_taxi
can you get a car to the beach resort,concierge_taxi
i need transport to the medical center,concierge_taxi
arrange a taxi for the early morning flight,concierge_taxi
can you book a cab for the evening event,concierge_taxi
please order a car for the city tour,concierge_taxi
can you arrange a taxi for five people,concierge_taxi
i need transport to the historical district now,concierge_taxi
book a cab for me to the airport terminal,concierge_taxi
can you book me a cab for tomorrow morning,concierge_taxi
id like to arrange transport to the train station,concierge_taxi
please call a taxi for me right now,concierge_taxi
i need a ride to the city center,concierge_taxi
can you get me a car to the beach,concierge_taxi
book a taxi for six pm tonight,concierge_taxi
can you arrange a cab for check out time,concierge_taxi
please order a taxi to the hospital,concierge_taxi
i need a ride to the restaurant district,concierge_taxi
can you call a taxi for eight thirty am,concierge_taxi
id like a car to the train station please,concierge_taxi
arrange transport to the airport for me,concierge_taxi
need a cab to the university,concierge_taxi
can you book a taxi for this evening,concierge_taxi
i need a ride to the port,concierge_taxi
please arrange a car for tomorrow at nine am,concierge_taxi
can you get a taxi to the museum,concierge_taxi
i need transport to the nearest train station,concierge_taxi
book me a cab for five am,concierge_taxi
can you call a taxi to the shopping center,concierge_taxi
id like a ride to the business district,concierge_taxi
please get me a taxi right away,concierge_taxi
i need a car to the airport asap,concierge_taxi
can you arrange transport to the stadium,concierge_taxi
need a cab for tomorrow morning early,concierge_taxi
book a taxi to the conference center,concierge_taxi
can you order a car for the airport,concierge_taxi
i need a ride to downtown,concierge_taxi
please call a taxi for seven pm,concierge_taxi
can you get me a cab to the market,concierge_taxi
id like transport to the beach resort,concierge_taxi
arrange a taxi for check out,concierge_taxi
i need a car to the hospital please,concierge_taxi
can you book a cab for half past eight,concierge_taxi
please order a taxi to the airport for me,concierge_taxi
i need a ride to the nearest station,concierge_taxi
can you arrange a car for this afternoon,concierge_taxi
book a taxi for the airport tomorrow,concierge_taxi
i need transport to the main street,concierge_taxi
can you call a cab right now please,concierge_taxi
id like a taxi to the old town,concierge_taxi
please get a car to the railway station,concierge_taxi
i need a ride to the event venue,concierge_taxi
can you book transport to the airport,concierge_taxi
arrange a cab for six thirty am,concierge_taxi
i need a taxi to the restaurant,concierge_taxi
please call a car for tomorrow morning,concierge_taxi
can you get me a taxi to the harbor,concierge_taxi
id like a ride to the convention center,concierge_taxi
i need transport to the airport urgently,concierge_taxi
can you arrange a cab for tonight,concierge_taxi
book me a taxi to the city,concierge_taxi
please order a car to the station,concierge_taxi
i need a ride to the beach club,concierge_taxi
can you call a taxi for early morning,concierge_taxi
book a car for me for tomorrow morning,concierge_taxi
can you call a taxi immediately,concierge_taxi
please arrange a taxi for six pm,concierge_taxi
can you get me a cab to the hospital,concierge_taxi
book me a car for eight thirty am,concierge_taxi
please get me a taxi for the evening,concierge_taxi
can you arrange a car for the afternoon,concierge_taxi
i need transport to the restaurant downtown,concierge_taxi
book a taxi for half past six,concierge_taxi
can you get me a cab right away,concierge_taxi
i need a ride to the train station,concierge_taxi
please call a taxi for tomorrow at nine am,concierge_taxi
can you arrange transport to the airport,concierge_taxi
i need a cab to the university,concierge_taxi
book me a taxi for five o clock,concierge_taxi
can you get a car for the morning,concierge_taxi
i need transport to the nearest metro station,concierge_taxi
please arrange a taxi to pick me up,concierge_taxi
can you call a cab for eleven am,concierge_taxi
i need a ride somewhere in the city,concierge_taxi
book a car for me as soon as possible,concierge_taxi
can you get me a taxi urgently,concierge_taxi
i need transport to the hotel downtown,concierge_taxi
please get me a cab for the night,concierge_taxi
can you arrange a taxi for later today,concierge_taxi
i need a ride to the business district,concierge_taxi
book me a car for seven in the morning,concierge_taxi
can you call a taxi to the airport now,concierge_taxi
i need transport to the railway station,concierge_taxi
please arrange a cab for tomorrow evening,concierge_taxi
can you get me a taxi in the next hour,concierge_taxi
book a taxi for me for four pm,concierge_taxi
can you get a car to the airport,concierge_taxi
i need transport to the museum area,concierge_taxi
please call a taxi for the morning,concierge_taxi
can you arrange a cab for tomorrow morning at eight,concierge_taxi
i need a ride to the local station,concierge_taxi
book me a taxi for half past nine,concierge_taxi
can you get me a car right now please,concierge_taxi
please get a taxi to my location,concierge_taxi
can you arrange a ride for the afternoon,concierge_taxi
i need a cab to anywhere in town,concierge_taxi
book a car for me tomorrow at six am,concierge_taxi
can you call a taxi for tonight,concierge_taxi
please arrange a car for six pm,concierge_taxi
can you call a taxi right now,concierge_taxi
book me a cab to the beach,concierge_taxi
i need transport to the hospital,concierge_taxi
arrange a car for the conference center please,concierge_taxi
can you call a cab for eight thirty am,concierge_taxi
please book a taxi to the restaurant district,concierge_taxi
i need a car to the airport for check out,concierge_taxi
book me a cab to the nearest train station,concierge_taxi
can you call a taxi for half past six,concierge_taxi
arrange a car to the port please,concierge_taxi
can you get me transport to the stadium,concierge_taxi
i need a taxi to my meeting downtown,concierge_taxi
please book a cab for early tomorrow morning,concierge_taxi
can you arrange a car for the evening,concierge_taxi
book me a taxi to the university,concierge_taxi
can you call a cab for my departure,concierge_taxi
i need transport for four people to the airport,concierge_taxi
arrange a taxi to the theater district please,concierge_taxi
can you get me a car for tonight,concierge_taxi
i need a ride to the shopping center,concierge_taxi
please book transport to the old town area,concierge_taxi
can you call a taxi for the morning,concierge_taxi
i need a cab to the beach resort,concierge_taxi
arrange a car to the hospital for me,concierge_taxi
can you get me a taxi immediately,concierge_taxi
i need transport to the central station,concierge_taxi
book me a cab for the afternoon,concierge_taxi
can you arrange a ride to the market,concierge_taxi
i need a taxi for two passengers,concierge_taxi
please call a cab to take me out,concierge_taxi
can you book transport to the airport now,concierge_taxi
i need a car to the downtown hotels,concierge_taxi
arrange a taxi for my business meeting,concierge_taxi
can you get me a cab in fifteen minutes,concierge_taxi
i need a ride for three people,concierge_taxi
please book a car to the nearest station,concierge_taxi
can you call a taxi for my flight,concierge_taxi
i need transport to the historic district,concierge_taxi
book me a cab to the nearest city,concierge_taxi
can you arrange a car for checkout time,concierge_taxi
i need a taxi with extra luggage space,concierge_taxi
arrange transport to the airport for two,concierge_taxi
can you get me a cab for tonight please,concierge_taxi
i need a ride to the wedding venue,concierge_taxi
please book a taxi for the morning shift,concierge_taxi
can you call me a cab right now,concierge_taxi
arrange a car for me to the city center,concierge_taxi
call a taxi immediately i need to leave,concierge_taxi
can you get me a cab in ten minutes,concierge_taxi
i need a ride to the shopping district,concierge_taxi
book me a taxi for six thirty pm,concierge_taxi
can you arrange transport to the hospital,concierge_taxi
i need a cab to the beach,concierge_taxi
order a taxi for check out time tomorrow,concierge_taxi
can you call a car service for me,concierge_taxi
i need transport to the restaurant district,concierge_taxi
get me a taxi to the airport as soon as possible,concierge_taxi
can you book a cab for tonight at nine,concierge_taxi
i need a ride to the university campus,concierge_taxi
arrange a taxi to the train station for eight am,concierge_taxi
call a cab i need to go downtown,concierge_taxi
i need a taxi to the theater district,concierge_taxi
book a car for me to the business center,concierge_taxi
can you arrange a cab for the airport,concierge_taxi
i need a ride right now somewhere urgent,concierge_taxi
call me a taxi for two o clock,concierge_taxi
can you order transport to the port area,concierge_taxi
i need a cab to the nearest hospital,concierge_taxi
arrange a taxi for tomorrow at half past six,concierge_taxi
i need transport to the airport immediately,concierge_taxi
can you book a car for four pm,concierge_taxi
get me a cab to the beach right away,concierge_taxi
i need a taxi to the main train station,concierge_taxi
can you call a car for check out,concierge_taxi
book me a taxi for nine am tomorrow,concierge_taxi
can you arrange transport to the convention center,concierge_taxi
i need a cab to downtown as soon as possible,concierge_taxi
call a taxi for the airport tomorrow morning,concierge_taxi
can you get me a ride to the airport,concierge_taxi
i need transport to the nearby town center,concierge_taxi
arrange a cab for me for seven thirty,concierge_taxi
i need a taxi to the sports stadium,concierge_taxi
can you order a car to the airport,concierge_taxi
book a taxi for tonight i need to go out,concierge_taxi
can you call me transport to the airport,concierge_taxi
i need a cab for the shopping mall,concierge_taxi
arrange a taxi for me to leave in one hour,concierge_taxi
can you get a taxi for two thirty pm,concierge_taxi
i need a ride to the harbor area,concierge_taxi
call me a cab to the old town,concierge_taxi
can you book transport to the airport for tomorrow,concierge_taxi
i need a taxi leaving in five minutes,concierge_taxi
arrange a car for me to the museum district,concierge_taxi
i need a ride to the airport as fast as possible,concierge_taxi
i need a taxi to the airport right now,concierge_taxi
please arrange transport to the train station,concierge_taxi
can you call a taxi for six thirty pm,concierge_taxi
book me a car to the hospital please,concierge_taxi
i need transport to the beach,concierge_taxi
can you arrange a cab for checkout time,concierge_taxi
please get me a taxi to the restaurant,concierge_taxi
i need a ride to the theater tonight,concierge_taxi
can you book transport to the museum for two pm,concierge_taxi
i need a taxi to the bus station,concierge_taxi
please arrange a car for the airport run,concierge_taxi
can you call a cab for eight am,concierge_taxi
book me a ride to the train station please,concierge_taxi
can you arrange a taxi for dinner time,concierge_taxi
i need a cab to the shopping center,concierge_taxi
please get me transport to the conference center,concierge_taxi
i need a ride to the railway station,concierge_taxi
can you book a taxi for half past six,concierge_taxi
please arrange a cab for the morning,concierge_taxi
i need a ride to the airport for checkout,concierge_taxi
book me a car to the city center,concierge_taxi
can you arrange transport to the sports stadium,concierge_taxi
i need a taxi right now please,concierge_taxi
please get me a cab for nine am,concierge_taxi
i need transport to the historical site,concierge_taxi
can you book a ride to the port,concierge_taxi
please arrange a cab for tonight,concierge_taxi
can you call transport to the business district,concierge_taxi
i need a ride to the thermal springs,concierge_taxi
book me a taxi for early morning departure,concierge_taxi
can you arrange a car to the market square,concierge_taxi
i need transport to the concert hall,concierge_taxi
please get me a cab immediately,concierge_taxi
i need a taxi to the neighboring town,concierge_taxi
can you book transport for the airport,concierge_taxi
i need a ride to the cathedral please,concierge_taxi
please arrange a taxi for afternoon departure,concierge_taxi
can you call a cab to the waterfront,concierge_taxi
i need transport to the national park,concierge_taxi
book me a ride for the morning shift,concierge_taxi
can you arrange a taxi for two hours from now,concierge_taxi
i need a cab to the central station,concierge_taxi
please get me transport to the botanical gardens,concierge_taxi
i need a taxi for a night out,concierge_taxi
can you book a ride to the hotel next door,concierge_taxi
i need transport to the main bus terminal,concierge_taxi
please arrange a cab for five thirty,concierge_taxi
can you call a taxi to the historic district,concierge_taxi
i need a ride to the airport now,concierge_taxi
please do not disturb me this evening,do_not_disturb
i need quiet time do not knock,do_not_disturb
skip house keeping for today,do_not_disturb
can you please not send anyone to my room,do_not_disturb
leave me alone i am sleeping,do_not_disturb
no cleaning service today thank you,do_not_disturb
do not enter my room right now,do_not_disturb
i would like to skip house keeping,do_not_disturb
please do not send house keeping up,do_not_disturb
no one should come to my room,do_not_disturb
do not bother me for a few hours,do_not_disturb
i dont want any service today,do_not_disturb
can house keeping come back later,do_not_disturb
skip the room cleaning please,do_not_disturb
do not disturb until tomorrow morning,do_not_disturb
please leave my room alone,do_not_disturb
i am resting do not disturb,do_not_disturb
no house keeping needed right now,do_not_disturb
can you skip cleaning my room today,do_not_disturb
do not send anyone up to my room,do_not_disturb
please do not knock on my door,do_not_disturb
i need some peace and quiet,do_not_disturb
do not clean the room today,do_not_disturb
skip service for the next few hours,do_not_disturb
no interruptions please i am sleeping,do_not_disturb
do not bother me at all,do_not_disturb
can you please not disturb me,do_not_disturb
i would prefer no house keeping today,do_not_disturb
please do not send staff to my room,do_not_disturb
do not enter without permission,do_not_disturb
no cleaning needed in my room today,do_not_disturb
skip house keeping for the rest of the day,do_not_disturb
do not bother knocking on my door,do_not_disturb
i dont want anyone in my room,do_not_disturb
please keep out do not disturb,do_not_disturb
can you hold off on house keeping,do_not_disturb
no service required thank you,do_not_disturb
do not disturb for the next few hours,do_not_disturb
please do not send anyone up here,do_not_disturb
i am sleeping do not bother me,do_not_disturb
skip cleaning today i need rest,do_not_disturb
no one come to my room please,do_not_disturb
do not clean my room right now,do_not_disturb
can house keeping come back tomorrow,do_not_disturb
please do not disturb my room,do_not_disturb
i dont need any service today,do_not_disturb
do not send house keeping please,do_not_disturb
no interruptions i am trying to sleep,do_not_disturb
can you not send anyone to my room,do_not_disturb
please leave me alone and quiet,do_not_disturb
do not bother me right now,do_not_disturb
skip the house keeping service today,do_not_disturb
no cleaning service needed at all,do_not_disturb
i would like complete privacy please,do_not_disturb
do not knock i am resting,do_not_disturb
can you please skip my room today,do_not_disturb
please do not disturb until later,do_not_disturb
please do not disturb me,do_not_disturb
i need some quiet time right now,do_not_disturb
no house keeping today,do_not_disturb
skip cleaning my room,do_not_disturb
do not enter my room,do_not_disturb
leave me alone please,do_not_disturb
i dont want any service,do_not_disturb
please come back later,do_not_disturb
no one should come in,do_not_disturb
do not knock on my door,do_not_disturb
i am sleeping do not disturb,do_not_disturb
keep out of my room,do_not_disturb
no house keeping needed today,do_not_disturb
please skip my room,do_not_disturb
do not send any staff,do_not_disturb
i prefer to be left alone,do_not_disturb
no cleaning today thank you,do_not_disturb
do not disturb until tomorrow,do_not_disturb
please no house keeping,do_not_disturb
i dont need anything right now,do_not_disturb
do not bother me,do_not_disturb
no service for today,do_not_disturb
please do not knock,do_not_disturb
stay away from my room,do_not_disturb
do not send house keeping,do_not_disturb
i am not to be disturbed,do_not_disturb
no one enter please,do_not_disturb
do not come to my room,do_not_disturb
skip me for house keeping,do_not_disturb
no house keeping required,do_not_disturb
do not disturb for several hours,do_not_disturb
i dont want visitors,do_not_disturb
please no interruptions,do_not_disturb
do not send anyone up,do_not_disturb
keep the staff away,do_not_disturb
no cleaning needed today,do_not_disturb
do not disturb until evening,do_not_disturb
please avoid my room,do_not_disturb
i dont need house keeping,do_not_disturb
do not disturb at all,do_not_disturb
no staff should come here,do_not_disturb
please skip house keeping,do_not_disturb
do not send any one in,do_not_disturb
i want to rest undisturbed,do_not_disturb
no service please,do_not_disturb
do not disturb thank you,do_not_disturb
please leave me be,do_not_disturb
no one is to enter,do_not_disturb
do not send any house keeping,do_not_disturb
i am trying to sleep,do_not_disturb
please do not send staff,do_not_disturb
no house keeping this afternoon,do_not_disturb
do not disturb my room,do_not_disturb
i prefer no service today,do_not_disturb
please keep out of my room,do_not_disturb
do not knock or enter,do_not_disturb
no interruptions please,do_not_disturb
do not disturb until i call,do_not_disturb
please do not disturb me today,do_not_disturb
no house keeping please,do_not_disturb
skip cleaning my room today,do_not_disturb
leave me alone for the rest of the day,do_not_disturb
i dont want any interruptions,do_not_disturb
no service for now thank you,do_not_disturb
please dont knock on my door,do_not_disturb
i would prefer not to have any visitors,do_not_disturb
cancel house keeping for today,do_not_disturb
im sleeping please do not bother me,do_not_disturb
please respect my privacy,do_not_disturb
skip the room cleaning today,do_not_disturb
do not send any house keeping staff,do_not_disturb
leave my room as it is,do_not_disturb
i would like to be left alone,do_not_disturb
no disturbances please,do_not_disturb
dont come in my room today,do_not_disturb
i dont want house keeping today,do_not_disturb
please no interruptions while im resting,do_not_disturb
cancel all services for now,do_not_disturb
do not disturb sign should be on my door,do_not_disturb
im not available for house keeping,do_not_disturb
skip my room today,do_not_disturb
no cleaners needed today,do_not_disturb
do not enter under any circumstances,do_not_disturb
please leave me undisturbed,do_not_disturb
i dont need house keeping right now,do_not_disturb
im resting do not disturb,do_not_disturb
do not clean my room today,do_not_disturb
nobody should come to my door,do_not_disturb
i would like privacy please,do_not_disturb
skip house keeping until tomorrow,do_not_disturb
no visitors or staff please,do_not_disturb
im busy please do not disturb,do_not_disturb
no room service or cleaning today,do_not_disturb
leave my room alone today,do_not_disturb
i need quiet time without interruptions,do_not_disturb
do not knock please,do_not_disturb
no house keeping staff today,do_not_disturb
cancel all room services now,do_not_disturb
please do not come in,do_not_disturb
im sleeping and dont want to be disturbed,do_not_disturb
skip my room from cleaning,do_not_disturb
no disturbance please im resting,do_not_disturb
do not clean or service my room,do_not_disturb
i dont want anyone entering my room,do_not_disturb
please respect the do not disturb sign,do_not_disturb
no interruptions i am resting,do_not_disturb
do not send any staff to my room,do_not_disturb
im unavailable please leave me alone,do_not_disturb
i need some quiet time alone,do_not_disturb
i do not want any service,do_not_disturb
housekeeping can come back later,do_not_disturb
do not send anyone to my room,do_not_disturb
i need privacy right now,do_not_disturb
please skip my room today,do_not_disturb
do not come in,do_not_disturb
i do not need house keeping today,do_not_disturb
leave my room alone,do_not_disturb
please keep the noise down and do not disturb,do_not_disturb
no service today thank you,do_not_disturb
skip my room for house keeping,do_not_disturb
please do not send anyone,do_not_disturb
i need to sleep do not disturb,do_not_disturb
cancel all services for my room,do_not_disturb
please leave my room alone today,do_not_disturb
do not enter this room,do_not_disturb
do not bother me today,do_not_disturb
i dont want house keeping,do_not_disturb
housekeeping can skip my room,do_not_disturb
no service please i am busy,do_not_disturb
please do not enter my room,do_not_disturb
i need to be left alone,do_not_disturb
do not clean today,do_not_disturb
no staff in my room,do_not_disturb
skip house keeping,do_not_disturb
do not come in i am sleeping,do_not_disturb
no house keeping at all,do_not_disturb
do not knock on my door today,do_not_disturb
i am not available for service,do_not_disturb
do not send anyone to room,do_not_disturb
please keep staff out of my room,do_not_disturb
no one in my room please,do_not_disturb
do not disturb under any circumstances,do_not_disturb
i do not want any disturbances,do_not_disturb
no housekeeping no visitors,do_not_disturb
do not enter,do_not_disturb
i need no house keeping today,do_not_disturb
skip cleaning for today please,do_not_disturb
no one should enter my room,do_not_disturb
house keeping can come tomorrow instead,do_not_disturb
please do not enter my room right now,do_not_disturb
no disturbances please i am resting,do_not_disturb
can you skip my room today,do_not_disturb
i would prefer no interruptions at this time,do_not_disturb
housekeeping should not come in today,do_not_disturb
i do not need cleaning service,do_not_disturb
do not disturb sign is on my door,do_not_disturb
no cleaning needed today thank you,do_not_disturb
please come back later i am sleeping,do_not_disturb
i do not want visitors or staff,do_not_disturb
can you skip house keeping for now,do_not_disturb
do not send housekeeping to my room,do_not_disturb
please do not send anyone up,do_not_disturb
no service required at this time,do_not_disturb
i would like some quiet time alone,do_not_disturb
housekeeping you may skip my room,do_not_disturb
please do not clean my room today,do_not_disturb
i do not wish to be disturbed,do_not_disturb
no one is allowed in my room,do_not_disturb
do not interrupt me right now,do_not_disturb
can housekeeping skip my room please,do_not_disturb
i need privacy do not disturb,do_not_disturb
do not send house keeping yet,do_not_disturb
please do not knock or enter,do_not_disturb
i would prefer to be left alone,do_not_disturb
no cleaning service is needed today,do_not_disturb
do not come to room six twenty two,do_not_disturb
please skip my room on the cleaning list,do_not_disturb
housekeeping should not visit my room,do_not_disturb
do not allow entry to my room,do_not_disturb
please do not send any staff,do_not_disturb
i am resting please do not disturb,do_not_disturb
no one should come in today,do_not_disturb
do not send cleaning to my room,do_not_disturb
can you please skip housekeeping today,do_not_disturb
i do not need service right now,do_not_disturb
do not disturb i am sleeping,do_not_disturb
housekeeping do not enter my room,do_not_disturb
please keep everyone away from my room,do_not_disturb
i would like to be left undisturbed,do_not_disturb
no service is needed at this time,do_not_disturb
please do not disturb me right now,do_not_disturb
i need some quiet time do not enter,do_not_disturb
skip the house keeping for today,do_not_disturb
no house keeping needed this morning,do_not_disturb
leave me alone for the next few hours,do_not_disturb
do not come to my room today,do_not_disturb
please cancel house keeping service,do_not_disturb
keep out do not disturb,do_not_disturb
no service for me today,do_not_disturb
no house keeping until tomorrow,do_not_disturb
dont send anyone to my room,do_not_disturb
leave my room alone please,do_not_disturb
i dont need house keeping today,do_not_disturb
can you skip house keeping,do_not_disturb
do not disturb until further notice,do_not_disturb
please keep the house keeping away,do_not_disturb
do not service my room today,do_not_disturb
can you come back later instead,do_not_disturb
leave me undisturbed please,do_not_disturb
no cleaning service needed today,do_not_disturb
i dont want visitors today,do_not_disturb
can you not disturb me,do_not_disturb
keep house keeping away from my room,do_not_disturb
no one in the room today,do_not_disturb
please skip my room for now,do_not_disturb
do not clean my room,do_not_disturb
skip house keeping this morning,do_not_disturb
no interruptions please im sleeping,do_not_disturb
do not send house keeping up,do_not_disturb
please do not bother me,do_not_disturb
keep away from my room,do_not_disturb
no service this morning please,do_not_disturb
can you delay house keeping,do_not_disturb
i dont want to be disturbed,do_not_disturb
do not come in my room,do_not_disturb
skip the cleaning for today,do_not_disturb
no house keeping for now,do_not_disturb
leave my room untouched please,do_not_disturb
do not disturb i am resting,do_not_disturb
please stay away from my room,do_not_disturb
no one should come here today,do_not_disturb
can you skip cleaning my room,do_not_disturb
i prefer not to be disturbed,do_not_disturb
do not service this room,do_not_disturb
please keep the staff away,do_not_disturb
no interruptions i am busy,do_not_disturb
skip my room entirely today,do_not_disturb
house keeping can wait until tomorrow,do_not_disturb
please skip my room for today,do_not_disturb
do not clean today thank you,do_not_disturb
come back another time,do_not_disturb
no service for the next few hours,do_not_disturb
no cleaning needed right now,do_not_disturb
do not disturb until later,do_not_disturb
no house keeping today thank you,do_not_disturb
please no service today,do_not_disturb
i need peace and quiet,do_not_disturb
skip house keeping for now,do_not_disturb
no disturbances for a while,do_not_disturb
i would prefer not to be disturbed,do_not_disturb
do not let anyone in my room,do_not_disturb
no service needed at this time,do_not_disturb
can you skip house keeping today,do_not_disturb
no cleaning today please,do_not_disturb
do not disturb me right now,do_not_disturb
please no house keeping today,do_not_disturb
i do not want to be bothered,do_not_disturb
do not send house keeping right now,do_not_disturb
no one should disturb me,do_not_disturb
can house keeping wait,do_not_disturb
no service until i call,do_not_disturb
please leave my room undisturbed,do_not_disturb
i need to rest do not disturb,do_not_disturb
no house keeping visits today,do_not_disturb
skip cleaning today,do_not_disturb
leave me alone,do_not_disturb
i dont want any disturbances,do_not_disturb
no service today,do_not_disturb
house keeping not needed,do_not_disturb
skip my room,do_not_disturb
i prefer not to be bothered,do_not_disturb
leave the do not disturb sign up,do_not_disturb
i dont need cleaning right now,do_not_disturb
house keeping can wait,do_not_disturb
skip my room for today,do_not_disturb
i want to rest without interruptions,do_not_disturb
no disturbances at all,do_not_disturb
leave me be,do_not_disturb
dont clean my room today,do_not_disturb
i need to sleep,do_not_disturb
no house keeping visit needed,do_not_disturb
please leave the sign on the door,do_not_disturb
i dont want any visitors,do_not_disturb
no service required today,do_not_disturb
leave me undisturbed,do_not_disturb
skip cleaning this time,do_not_disturb
please dont send house keeping,do_not_disturb
i am not accepting service,do_not_disturb
do not knock,do_not_disturb
leave me in peace,do_not_disturb
no interruptions for the rest of the day,do_not_disturb
dont bother with house keeping,do_not_disturb
i dont need service right now,do_not_disturb
please respect do not disturb,do_not_disturb
skip my room this round,do_not_disturb
i want complete privacy,do_not_disturb
no house keeping until later,do_not_disturb
leave the do not disturb on,do_not_disturb
i dont want disturbances,do_not_disturb
no service personnel needed,do_not_disturb
i am locked out of my room please help,emergency
there is smoke in the hallway right now,emergency
i need security to my room immediately,emergency
someone is banging on my door very hard,emergency
the door lock is not working at all,emergency
i feel unsafe in this hotel right now,emergency
there is a fire alarm going off on my floor,emergency
i cannot get into my room the key card is broken,emergency
please send help to room three twenty two now,emergency
there is a strange man outside my room door,emergency
the window in my room will not lock properly,emergency
i am trapped in the bathroom please help me,emergency
i can smell gas coming from somewhere in the hall,emergency
someone broke into my room while i was out,emergency
the a c unit is making a dangerous noise,emergency
there is water flooding into my room from above,emergency
i hear someone trying to break into my room,emergency
i am having a medical emergency please call nine one one,emergency
the elevator is stuck and i am inside it,emergency
there is broken glass all over my room floor,emergency
i need immediate assistance with a safety issue,emergency
the fire exit is blocked i cannot get out,emergency
i smell something burning in the corridor urgently,emergency
someone is following me i am in danger,emergency
my room door lock has been tampered with,emergency
there is a gas leak i can smell it strongly,emergency
i am alone and very frightened please send someone,emergency
the sprinkler system just went off in my room,emergency
i cannot lock my door from the inside anymore,emergency
there is a violent guest next to my room,emergency
i have locked myself in the bathroom by accident,emergency
the hotel is on fire i need to evacuate now,emergency
someone has stolen my passport and wallet from my room,emergency
i am having chest pains please call an ambulance,emergency
the lights have gone out i cannot see anything,emergency
i hear screaming coming from another room nearby,emergency
there is structural damage to my room walls,emergency
i found an intruder in my bathroom please help,emergency
the stairwell door will not open i am stuck,emergency
i am being harassed by another guest right now,emergency
the window glass is cracked and unsafe,emergency
there is a chemical smell throughout my room,emergency
i cannot breathe there is something in the air,emergency
someone outside my window is trying to get in,emergency
the balcony railing is broken and dangerous,emergency
i am injured and need medical help urgently,emergency
there is a robbery happening downstairs right now,emergency
the lock on my room keeps opening by itself,emergency
i heard gunshots i think they came from here,emergency
there is toxic fumes coming into my room,emergency
my child is missing from the room please search,emergency
the emergency exit light is not working,emergency
someone is pounding on my door i am scared,emergency
i think there is a dead body in the hallway,emergency
there is electrical sparking from the wall outlet,emergency
i am trapped in my room the door is jammed,emergency
i am locked out of my room right now,emergency
there is smoke in the hallway please help,emergency
someone is banging on my door i am scared,emergency
the door to my room wont open,emergency
i feel unsafe and need help right away,emergency
there is a strange person outside my room,emergency
i cannot get into my room please come quick,emergency
fire alarm is going off what should i do,emergency
i heard breaking glass in the room next to me,emergency
please send someone to my room right now,emergency
i am trapped in my room and need help,emergency
someone tried to force my door open,emergency
i need emergency assistance to my room as soon as possible,emergency
the lock on my door is broken and i am stuck,emergency
i smell gas coming from somewhere in the hallway,emergency
i am very scared and need a staff member now,emergency
my room door has locked me inside i cannot get out,emergency
there is an intruder trying to get into my room,emergency
i need immediate help i feel threatened,emergency
the power went out and i am alone in the dark,emergency
someone is at my door and i dont know who,emergency
i heard a loud crash and now my room wont lock,emergency
please send security right away someone is outside my door,emergency
i am injured and need medical help to my room,emergency
there is chemical smell coming from the ventilation,emergency
i cannot open my door from the inside,emergency
i think there is a fire somewhere in the building,emergency
someone is trying to break into my room help me,emergency
the lift is stuck and i am inside with others,emergency
i need the front desk to send help immediately,emergency
there is a dangerous person in the hallway,emergency
i am locked on my balcony and cannot get back in,emergency
please help me there is an emergency in my room,emergency
i smell smoke and i am worried about fire,emergency
someone broke my lock and entered my room,emergency
i need assistance right now this is an emergency,emergency
the bathroom door is locked and i am trapped inside,emergency
there is flooding on my floor and water everywhere,emergency
i am having chest pain please call an ambulance,emergency
someone is trying to get into my room through the window,emergency
i cannot reach the emergency button in my room,emergency
there is a gas leak i can smell it,emergency
i am very ill and i need medical help now,emergency
someone is breaking down my door please help,emergency
there is a fire in the building i need to evacuate,emergency
i am locked in the bathroom and cannot get out,emergency
there is glass broken all over my room,emergency
please come to my room there is an intruder,emergency
the air is very thick and hard to breathe,emergency
i need immediate emergency assistance right now,emergency
i am scared and i need staff to come now,emergency
there is a person trying to rob my room,emergency
i cannot lock my door and feel very unsafe,emergency
the room is filling with water from a burst pipe,emergency
someone is acting aggressive outside my room,emergency
i need help with a medical emergency immediately,emergency
there is a loud noise and i am frightened,emergency
i am stuck in my room and cannot get out,emergency
i need security immediately someone is at my door,emergency
the fire alarm is going off on my floor,emergency
i cannot get into my room the lock is broken,emergency
please send help to room three twelve right away,emergency
there is a strange man outside my room,emergency
i smell gas coming from somewhere in the building,emergency
the door lock is not working i am stuck outside,emergency
i feel unsafe and need security sent to my room,emergency
someone is banging on my door please help me,emergency
there is water flooding my bathroom please send help,emergency
i think there is a fire in the building,emergency
the elevator is stuck and i am inside,emergency
i need immediate assistance there is an intruder alert,emergency
my room door will not lock properly at all,emergency
there is broken glass in my room everywhere,emergency
i am trapped in my room the door wont open,emergency
please send security i heard gunshots or explosions,emergency
i need help now there is a gas smell,emergency
the window in my room is broken and open,emergency
i cannot lock my room door from the inside,emergency
there is someone screaming outside my room please help,emergency
i need urgent assistance my room is flooding,emergency
the lock on my door is completely broken,emergency
please send house keeping and security right now,emergency
there is a fire alarm going off continuously,emergency
i am locked in my room please send help,emergency
i need to get out of my room immediately,emergency
there is a dangerous person in the corridor outside,emergency
my room has no lock on the door,emergency
i am in danger and need immediate help,emergency
the bathroom door is locked and i am stuck,emergency
please send someone urgently i feel very unsafe,emergency
there is a chemical smell coming from the ventilation,emergency
i cannot open my room door from the outside,emergency
the a c unit is making dangerous sounds,emergency
someone tried to open my door in the night,emergency
i need security to come to my room now,emergency
i am locked outside my room in the corridor,emergency
there is broken furniture blocking my room door,emergency
the fire exit is blocked please send help,emergency
i need immediate assistance there is a medical emergency,emergency
my room window will not close or lock,emergency
please help there is a violent person nearby,emergency
i smell smoke and need to evacuate immediately,emergency
the elevator doors are stuck and i am trapped,emergency
someone is threatening me through my room door,emergency
i cannot close my room door properly at all,emergency
there is a water leak coming from the ceiling,emergency
i am stuck on the wrong floor please help,emergency
the bathroom is flooded and water is spreading,emergency
i need urgent help there is a break in,emergency
someone has damaged my room door lock mechanism,emergency
please send security i think someone broke in,emergency
there is electrical burning smell coming from my room,emergency
i am locked out and need to get inside now,emergency
there is a fire in the building,emergency
i need security immediately,emergency
someone is banging on my door,emergency
i smell gas in my room,emergency
the door lock is broken,emergency
i cannot get into my room,emergency
there is water leaking from the ceiling,emergency
i feel threatened by another guest,emergency
please send help right now,emergency
i am trapped in my room,emergency
there is broken glass everywhere,emergency
someone tried to break in,emergency
i smell smoke coming from outside,emergency
i need medical assistance immediately,emergency
the elevator is stuck with me inside,emergency
i cannot open the emergency exit,emergency
there is a loud disturbance in the hallway,emergency
i found an intruder in my room,emergency
the window wont close or lock,emergency
i am having a medical emergency,emergency
someone is at my door threatening me,emergency
there is a strange smell i cannot identify,emergency
i need the police right away,emergency
the lights are off and i am scared,emergency
i hear breaking glass downstairs,emergency
i am sick and need a doctor now,emergency
there is a gas leak smell,emergency
i cannot unlock my door from inside,emergency
someone stole my room key,emergency
there is flood water in my bathroom,emergency
i am having chest pains please help,emergency
the fire alarm is going off,emergency
i see smoke coming under my door,emergency
i need to evacuate immediately,emergency
there is no emergency exit visible,emergency
i am being harassed by staff,emergency
someone is outside my window,emergency
i cannot reach the front desk for help,emergency
there is a chemical smell in the room,emergency
i need to report a violent incident,emergency
the door chain is broken,emergency
i am locked in the bathroom,emergency
there is a severe weather warning,emergency
someone left a threatening note,emergency
i need immediate police assistance,emergency
the security system is not working,emergency
i smell burning plastic,emergency
i found someone in my room uninvited,emergency
i cannot operate the door lock,emergency
there is a hazardous spill on the floor,emergency
i need rescue from my balcony,emergency
someone is trying to break into my room,emergency
the elevator is malfunctioning,emergency
i am afraid for my safety right now,emergency
please send security to my room,emergency
there is a suspicious package here,emergency
i need to report a break in,emergency
the door lock is not working i am stuck,emergency
please send help i feel unsafe in my room,emergency
i am trapped in the bathroom please send help,emergency
there is water flooding from the room above me,emergency
i need urgent assistance right now please hurry,emergency
the window is broken and i cannot close it,emergency
there is a strange person outside my room door,emergency
i smell gas in my room what should i do,emergency
i have been robbed please send security right away,emergency
there is blood on the floor outside my room,emergency
the air conditioner is leaking water everywhere help,emergency
i cannot open the door from the inside,emergency
someone is banging on my door very loudly,emergency
i think there is a break in attempt,emergency
please send someone to my room immediately i am scared,emergency
the fire alarm will not stop going off,emergency
i locked myself out on the balcony please help,emergency
there is a chemical smell coming from the walls,emergency
the lights went out and i am in darkness,emergency
someone stole my wallet from my room,emergency
i need the fire department right now,emergency
the door chain is broken and i feel vulnerable,emergency
there is glass broken all over my bathroom,emergency
i am having a medical emergency send help fast,emergency
the heating system is making a dangerous noise,emergency
i found something suspicious in my room,emergency
there is a leak coming through the ceiling,emergency
someone is outside my window please send police,emergency
the safe in my room will not open,emergency
i cannot lock my door from inside anymore,emergency
there is mold or fungus growing on the walls,emergency
i heard screaming coming from another room,emergency
the bathroom floor is flooded completely,emergency
someone left the door to my room open,emergency
i feel faint and need medical assistance urgently,emergency
the stove in the room is on fire,emergency
i am being threatened by someone in the hallway,emergency
the emergency exit door is blocked,emergency
there is an electrical burning smell in here,emergency
i think i am having a heart attack,emergency
the room is filling with water help me,emergency
i cannot turn off the shower it is too hot,emergency
someone has my room key and is outside,emergency
the balcony railing is broken and unstable,emergency
there is a dead animal in my room,emergency
the door will not lock and i am alone,emergency
i need help right now something is very wrong,emergency
someone is attacking another guest please help,emergency
the air conditioning unit is sparking and smoking,emergency
there is a fire in the hallway,emergency
i need security right now,emergency
there is water coming through the ceiling,emergency
please send help immediately,emergency
i feel threatened and need assistance,emergency
smoke is coming under my door,emergency
i cannot open my door from inside,emergency
please send security to my room right away,emergency
there is broken glass in my room,emergency
i heard screaming in the corridor,emergency
the window is broken,emergency
i need to get out of my room now,emergency
someone tried to break into my room,emergency
there is a chemical smell coming from somewhere,emergency
i am scared and alone in my room,emergency
the lock on my door wont work,emergency
i smell something burning,emergency
please send someone to help me urgently,emergency
there is flooding in my room,emergency
i cannot lock my door,emergency
someone is outside my room trying to get in,emergency
i need police assistance,emergency
there is an intruder in my room,emergency
the a c is leaking water,emergency
i feel unsafe in this room,emergency
there is a gas leak i think,emergency
please come to my room immediately,emergency
the door is jammed shut,emergency
i am locked in my bathroom,emergency
someone is being violent near my room,emergency
there is blood on the floor,emergency
i need to get out right now,emergency
there is a loud explosion sound,emergency
i cannot breathe properly in here,emergency
someone broke my window,emergency
the room is filling with smoke,emergency
please call emergency services,emergency
i think there is a fire,emergency
i am hurt and need medical help,emergency
the lights went out and its dark,emergency
someone is threatening me,emergency
there is an unconscious person in the hallway,emergency
i smell like there is poison gas,emergency
i need an ambulance right away,emergency
the stairs are blocked,emergency
there is a chemical spill outside,emergency
someone has a weapon,emergency
i cannot reach the exit,emergency
there is extreme heat in my room,emergency
the alarm is going off,emergency
please get me out of here now,emergency
the door lock is broken i cannot get in,emergency
i think there is an intruder in my room,emergency
please send someone to my room i am scared,emergency
i cannot lock my door from the inside,emergency
there is water flooding under my door right now,emergency
someone is outside my room making threats,emergency
i fell and i think i broke my leg,emergency
there is a strange person in the hallway watching,emergency
the lift is stuck and i am trapped inside,emergency
i locked myself in the bathroom by accident,emergency
there is loud banging and crashing sounds nearby,emergency
my room key card does not work anymore,emergency
i can smell burning coming from another room,emergency
please send help to room four twenty two,emergency
there is broken glass all over my room,emergency
someone stole my wallet and i need police,emergency
i heard screaming coming from down the hall,emergency
the air conditioning is making a dangerous sound,emergency
there is a person refusing to leave my room,emergency
i cannot open the emergency exit door,emergency
my child is missing from the hotel room,emergency
there is a chemical smell that is very strong,emergency
the fire extinguisher on my floor is missing,emergency
i think someone is trying to break in,emergency
there is a gas leak i can smell it clearly,emergency
my elderly parent has collapsed in the room,emergency
there is a electrical burning smell from the wall,emergency
the room temperature is dangerously hot,emergency
i need immediate medical assistance in my room,emergency
there is a dead animal in the hallway,emergency
the door to the stairwell is blocked,emergency
someone has threatened me and i feel in danger,emergency
there is a power outage on my entire floor,emergency
i smell smoke but cannot find where its from,emergency
my room has been broken into while i was out,emergency
there is a strange chemical spill in the corridor,emergency
i have a severe allergic reaction right now,emergency
the window latch is broken and wont close,emergency
there is glass breaking sounds coming from next door,emergency
i am locked in and the door wont open,emergency
there is a suspicious package outside my room,emergency
the emergency phone in the hall is not working,emergency
i saw someone with a weapon in the building,emergency
there is a flood coming from the bathroom above,emergency
the room smells like gas and i am worried,emergency
i need police sent to the hotel immediately please,emergency
there is a medical emergency happening right now,emergency
the security door has been forced open,emergency
i found evidence of someone in my room,emergency
i need security immediately something is wrong,emergency
i cannot open my door it is stuck,emergency
i feel unsafe please send help to my room,emergency
the lock on my door is broken,emergency
i heard breaking glass in the corridor,emergency
there is water flooding under my door,emergency
i am trapped in my room please help,emergency
there is a strange smell coming from outside,emergency
i need emergency assistance right away,emergency
my room has been broken into,emergency
there is a gas smell on this floor,emergency
i am having a medical emergency in my room,emergency
someone is acting aggressively in the hallway,emergency
there is a power outage on my floor,emergency
my child is locked in the bathroom,emergency
i cannot breathe there is something wrong,emergency
there is blood on my floor please help,emergency
i am being harassed by another guest,emergency
the air conditioning is leaking chemicals,emergency
there is a loud explosion sound i heard,emergency
i smell smoke coming from the room next door,emergency
someone has stolen from my room please help,emergency
i am having severe chest pains right now,emergency
i cannot reach the emergency button,emergency
there is a man outside my room threatening me,emergency
the window in my room is broken,emergency
there is an electrical fire in the wall,emergency
i think someone has a weapon in the hallway,emergency
the stairwell door is jammed i am stuck,emergency
i need immediate police assistance please,emergency
there is flooding coming into my bathroom,emergency
i am diabetic and need urgent medical help,emergency
the building seems to be shaking very badly,emergency
someone is following me in the corridors,emergency
i have fallen and cannot get up help me,emergency
there is a chemical smell throughout the floor,emergency
the back exit door is blocked by something,emergency
i am having an allergic reaction right now,emergency
there is a suspicious package outside my door,emergency
someone is screaming very loudly down the hall,emergency
the bathroom is filling with smoke quickly,emergency
i heard gunshots coming from downstairs,emergency
i am trapped on the wrong floor now,emergency
my door lock has malfunctioned completely,emergency
there is carbon monoxide alarm going off,emergency
the corridors are getting very hot and smoky,emergency
i would like to order some food to my room,food_order
can i get a menu for room service,food_order
send me a burger and fries please,food_order
id like to order breakfast for tomorrow morning,food_order
can you bring me a coffee right away,food_order
i need a sandwich and a bottle of water,food_order
do you have any desserts available,food_order
id like to order two glasses of wine,food_order
can i get some snacks sent up,food_order
please send a caesar salad to room four twenty two,food_order
i would like to order some pizza,food_order
can you bring me tea and biscuits,food_order
id like fresh fruit and yogurt please,food_order
do you have any vegetarian options,food_order
can i order appetizers for my room,food_order
send up some chicken and rice,food_order
i need a pasta dish with garlic bread,food_order
can you bring me sparkling water,food_order
id like to order a steak dinner,food_order
please send some chocolate cake to my room,food_order
can i get a club sandwich,food_order
id like orange juice and toast for breakfast,food_order
send me some nachos and guacamole,food_order
can you bring me a milkshake,food_order
id like to order sushi,food_order
do you have room service available now,food_order
can i get some soup sent to my room,food_order
id like to order champagne and strawberries,food_order
send up some grilled fish please,food_order
can you bring me a diet coke,food_order
id like some cheese and crackers,food_order
can i order a breakfast platter,food_order
send me some fries and ketchup,food_order
id like to order cocktails for my room,food_order
can you bring some olives and nuts,food_order
id like a grilled cheese sandwich please,food_order
send up some cookies and milk,food_order
can i get a margherita pizza,food_order
id like to order some dim sum,food_order
can you bring me iced tea,food_order
id like some hummus and pita bread,food_order
send me a burger medium rare,food_order
can i order a salad with dressing on the side,food_order
id like to order some pad thai,food_order
can you bring me sparkling cider,food_order
id like some greek yogurt and granola,food_order
send up some chicken wings please,food_order
can i get a tuna sandwich,food_order
id like to order some spaghetti,food_order
can you bring me hot chocolate,food_order
id like some almonds and dried fruit,food_order
send me some garlic prawns,food_order
can i order a ribeye steak,food_order
id like to order some lobster,food_order
can you bring me cranberry juice,food_order
id like some hummus vegetables and pita,food_order
send up an omelet with cheese please,food_order
can you send up a burger and fries,food_order
please bring me a bottle of wine,food_order
can i get a caesar salad delivered to my room,food_order
id like to see the room service menu,food_order
send me two espressos and a pastry,food_order
can you order me a steak with vegetables,food_order
i need some snacks sent to my room right away,food_order
could you please bring me some fruit and cheese,food_order
id like to order a pizza with extra cheese,food_order
can i get a club sandwich and soup,food_order
please send up some tea and biscuits,food_order
i would like a pasta dish for dinner,food_order
can you bring me some chocolate and strawberries,food_order
id like to order room service right now,food_order
send me a grilled chicken sandwich please,food_order
could i get some nachos and guacamole,food_order
i need a bottle of sparkling water,food_order
can you order me a dessert menu,food_order
please bring some cookies and milk to my room,food_order
id like to order indian food if available,food_order
can i get a seafood platter,food_order
send up some orange juice and pancakes,food_order
i would like a vegetarian meal please,food_order
can you bring me some beer and nuts,food_order
id like to order a greek salad,food_order
please send some sushi to my room,food_order
can i get a ribeye steak cooked medium,food_order
id like a sandwich and a soft drink,food_order
can you order me some dim sum,food_order
send me a bottle of champagne please,food_order
i need some snacks for a late night,food_order
could you bring me a hot chocolate,food_order
id like to order some thai food,food_order
can i get a bagel with cream cheese,food_order
please send some wine and cheese to my room,food_order
id like a breakfast tray in the morning,food_order
can you order me a milkshake,food_order
send up some fries and a hamburger,food_order
i would like some dessert options please,food_order
can i get a tomato soup and grilled cheese,food_order
id like to order some sushi rolls,food_order
please bring me some sparkling cider,food_order
can you send a caesar salad up here,food_order
id like some popcorn and a soda,food_order
can i order a full english breakfast,food_order
send me some garlic bread and pasta,food_order
i would like a fruit smoothie please,food_order
can you bring me some olives and cheese,food_order
id like to order some mexican food,food_order
please send some cookies to my room,food_order
can i get an omelet with bacon,food_order
id like a cappuccino and a croissant,food_order
can you order me some spring rolls,food_order
send up a turkey club sandwich please,food_order
i would like some dessert with coffee,food_order
can i get a grilled fish with lemon,food_order
can you bring me a sandwich and a coke,food_order
id like to see the menu for room service,food_order
send up a pizza please,food_order
can i order breakfast for tomorrow morning,food_order
i need some snacks delivered to my room,food_order
could you please send me a bottle of water,food_order
bring me a coffee and a pastry,food_order
id like to order a burger and fries,food_order
can you send up some juice and fruit,food_order
i want to order dinner for two people,food_order
send me a caesar salad with dressing on the side,food_order
could i get some tea and biscuits brought up,food_order
can you deliver a bottle of wine to my room,food_order
id like some nachos and guacamole please,food_order
send up two beers and some peanuts,food_order
can i order a dessert menu,food_order
id like to have breakfast sent to my room at eight am,food_order
can you bring me some soup and bread,food_order
i would like to order some appetizers,food_order
send me a grilled cheese sandwich right away,food_order
could you please deliver some mineral water,food_order
id like a steak with vegetables,food_order
can you send up some dessert options,food_order
i need some snacks for my kids,food_order
send me a margherita pizza with extra cheese,food_order
can i order some chicken wings,food_order
id like to have some coffee brought to my room,food_order
could you send up some ice cream,food_order
i want to order a salad with chicken,food_order
can you bring me some bread and butter,food_order
id like some pasta with marinara sauce,food_order
send up a bottle of sparkling water,food_order
can you deliver some cookies and milk,food_order
i would like to order some seafood,food_order
can you send me the wine list,food_order
id like some chocolate cake please,food_order
send me a turkey sandwich and chips,food_order
can i order some sushi rolls,food_order
id like to have some fruit brought up,food_order
could you send some yogurt and granola,food_order
i want a grilled fish with lemon,food_order
can you bring me some mixed berries,food_order
id like some eggs and bacon for breakfast,food_order
send up a club sandwich,food_order
could you deliver some green tea,food_order
i want to order some spring rolls,food_order
can you send me some french toast,food_order
id like some mushroom risotto please,food_order
send me a bacon cheeseburger,food_order
could you bring some sparkling cider,food_order
i want some pad thai delivered to my room,food_order
can you send up some chocolate truffles,food_order
id like to order a caprese salad,food_order
send me some waffles with maple syrup,food_order
could you please bring me some almonds,food_order
can i get a burger and fries delivered,food_order
send me a bottle of wine please,food_order
can you bring me a sandwich and a soda,food_order
i need some snacks sent up right away,food_order
could i get the room service menu please,food_order
bring me a coffee and a croissant,food_order
id like to order two steaks with vegetables,food_order
can i get some ice cream delivered to my room,food_order
i would like to order soup and bread,food_order
can you bring me some fruit and yogurt,food_order
id like a pizza with extra cheese please,food_order
send me a beer and some peanuts,food_order
could you deliver a salad to my room,food_order
i need some tea and biscuits sent up,food_order
can i get a pasta dish delivered,food_order
bring me a chocolate cake and two forks,food_order
id like to order some chinese food,food_order
can you send up some cheese and crackers,food_order
i would like a grilled chicken sandwich please,food_order
send me a martini and some olives,food_order
could i get some pasta carbonara delivered,food_order
bring me coffee and a muffin in the morning,food_order
id like to order room service for two people,food_order
can i get a milkshake and a burger,food_order
send up some sparkling water and lemon,food_order
i need a light snack sent to my room right now,food_order
could you bring me some sushi and wasabi,food_order
id like to order steak and potatoes,food_order
can you deliver pancakes and maple syrup,food_order
send me a glass of red wine please,food_order
i would like some fish and chips,food_order
could i get a veggie burger with fries,food_order
bring me a caesar salad with dressing on the side,food_order
id like to order some mexican food delivered,food_order
can i get some nachos and guacamole,food_order
send up a bottle of champagne for my room,food_order
i need some soup sent to my room immediately,food_order
could you deliver a club sandwich to me,food_order
id like to order breakfast delivered to my room,food_order
can i get some dumplings and soy sauce,food_order
bring me a steak and a baked potato,food_order
send me some cookies and milk please,food_order
i would like to order some thai food,food_order
could i get a omelet with cheese and ham,food_order
id like some grilled fish with rice,food_order
i need a sandwich and some chips right now,food_order
send me a coffee with cream and sugar,food_order
could you deliver some appetizers to my room,food_order
id like to order a large pizza with pepperoni,food_order
can i get some chicken wings and dip,food_order
bring me some fruit juice and a pastry,food_order
i would like to see what beverages you have available,food_order
send up some bread and butter please,food_order
id like to order some indian food delivery,food_order
can you send up a pizza please,food_order
can i get a hamburger and fries,food_order
send up some tea and biscuits,food_order
can you order me a salad with dressing on the side,food_order
i would like a bottle of red wine,food_order
can i get some snacks sent to my room,food_order
please bring me a sandwich and some fruit,food_order
id like to order dinner for two people,food_order
send up some beer and some nuts,food_order
can you get me a pasta dish,food_order
i would like some dessert options,food_order
can i order a smoothie and some granola,food_order
bring me some soup and bread please,food_order
id like a grilled cheese sandwich,food_order
can you send up some chocolate cake,food_order
send me a club sandwich,food_order
can i get some ice cream,food_order
id like some sushi delivered to my room,food_order
bring up some juice and cereal,food_order
can you order me a steak dinner,food_order
i would like some cookies and milk,food_order
can i get a fish and chips order,food_order
send up some nachos and guacamole,food_order
id like to order a vegetarian meal,food_order
bring me some yogurt and granola,food_order
can you send some hot chocolate to my room,food_order
i would like a burger with extra bacon,food_order
send up a bottle of champagne please,food_order
id like some garlic bread and dip,food_order
can you bring me some lasagna,food_order
i would like to order some tapas,food_order
send me some french toast and maple syrup,food_order
can i get some pad thai delivered,food_order
id like a margherita pizza right away,food_order
bring up some mac and cheese please,food_order
i would like some grilled vegetables,food_order
can i get a ribeye steak cooked medium rare,food_order
send up some onion rings and ketchup,food_order
id like to order some spaghetti carbonara,food_order
can you bring me some energy bars,food_order
i would like some mixed berries and cream,food_order
can i order a bacon and egg breakfast,food_order
send me some dumplings please,food_order
can you get me a tuna sandwich,food_order
i would like to order some crab cakes,food_order
can i get some avocado toast,food_order
send up some tiramisu for dessert,food_order
id like some shrimp fried rice delivered,food_order
can you order me some grilled chicken breast,food_order
can you send up a burger and fries please,food_order
bring me a cup of coffee right away,food_order
can i get a sandwich and a salad,food_order
i need some snacks sent to my room,food_order
order me a pizza with pepperoni and cheese,food_order
could you please send some tea and biscuits,food_order
i would like to see the dinner menu,food_order
can you deliver some fruit to my room,food_order
id like to order some dessert,food_order
bring some water and juice to my room,food_order
can i get a chicken wrap and chips,food_order
i need a late night snack sent up,food_order
order me some pasta with tomato sauce,food_order
could you send some bread and butter,food_order
i would like to order room service please,food_order
can you bring me a hot chocolate,food_order
send up some soup and a bread roll,food_order
id like to order some appetizers,food_order
bring me a steak with vegetables please,food_order
can i get some ice cream delivered,food_order
i need some drinks sent to my room,food_order
order me a fish and chips meal,food_order
could you send some cheese and crackers,food_order
can you bring me a club sandwich,food_order
send some olives and nuts to my room,food_order
id like to order breakfast now,food_order
bring me a breakfast tray in the morning,food_order
can i get a milkshake and fries,food_order
i need some chocolate sent to my room,food_order
order me a grilled cheese sandwich please,food_order
could you send up some fresh fruit,food_order
i would like a caesar salad,food_order
can you bring me some beer please,food_order
send me a pot of tea to my room,food_order
id like to order some sushi,food_order
bring some orange juice and toast up,food_order
can i get a pasta carbonara,food_order
i need a snack before bed,food_order
order me some nachos and dip,food_order
i would like some fresh bread delivered,food_order
can you bring me a smoothie,food_order
send up some sparkling water please,food_order
bring me a lamb kebab with salad,food_order
can i get some pancakes and syrup,food_order
i need some energy drinks delivered,food_order
order me a grilled fish fillet,food_order
could you send some cookies to my room,food_order
i would like some champagne please,food_order
send me a margherita pizza,food_order
id like to order some garlic bread,food_order
bring some marinated vegetables to my room,food_order
can i get a sandwich and some fruit,food_order
can you send two bottles of water up,food_order
order me a salad with dressing on the side,food_order
i would like a burger and fries,food_order
can i get some tea and biscuits,food_order
send up a bottle of wine please,food_order
id like to order dinner for two,food_order
can you bring me some juice and toast,food_order
i need a late night snack,food_order
order me some chicken with rice,food_order
can i get a dessert menu,food_order
id like some soup and bread,food_order
send me a coffee and a muffin,food_order
can you order a steak for my room,food_order
i would like some pasta please,food_order
can i get some eggs and bacon,food_order
id like to order room service,food_order
send up some appetizers,food_order
can you bring me a beer,food_order
i need some food sent to my room,food_order
order me a fish dish,food_order
can i get some chocolate cake,food_order
id like a salad and some water,food_order
send some wine to my room,food_order
can you bring appetizers for two people,food_order
i would like a sandwich with chips,food_order
can i get some fruit and yogurt,food_order
id like some pasta carbonara,food_order
send me a margarita,food_order
can you order some sushi,food_order
i need a snack right away,food_order
id like some ice cream,food_order
can you send up some nuts and cheese,food_order
order me a grilled cheese sandwich,food_order
i would like some chicken soup,food_order
can i get a beer and some peanuts,food_order
send a bottle of champagne please,food_order
id like some breakfast sent up now,food_order
i need some french fries,food_order
order me some tacos,food_order
can i get some cookies,food_order
id like a milkshake,food_order
send me some spring rolls,food_order
can you order some nachos,food_order
i would like some garlic bread,food_order
can i get some dumplings,food_order
id like some crepes with fruit,food_order
can you bring me a burger and fries,food_order
i need a bottle of wine sent to my room,food_order
could you please send some snacks to my room,food_order
id like to see the mini bar menu,food_order
can you deliver a club sandwich to my room,food_order
send up some ice cream to room three twelve,food_order
i would like to order chinese food,food_order
can i get a greek salad and some bread,food_order
please send me a pot of tea and biscuits,food_order
id like to order from the room service menu,food_order
bring me two beers and some nachos,food_order
could i get a pasta dish delivered,food_order
send up some fruit and cheese to my room,food_order
id like some soup and a side salad,food_order
please bring me orange juice and toast,food_order
send a milkshake to my room,food_order
can i get sushi delivered here,food_order
id like to order afternoon tea service,food_order
bring me a dessert menu please,food_order
could you send up some hot chocolate,food_order
i need a sandwich and some chips,food_order
can you deliver a vegetarian meal to my room,food_order
id like to order some indian food,food_order
send up a bottle of champagne,food_order
can i get eggs and bacon in the morning,food_order
please order me a fish and chips,food_order
id like some cookies and milk,food_order
bring me a margarita to my room,food_order
could you send some dim sum up,food_order
i need a greek coffee and a pastry,food_order
can you deliver a vegan meal,food_order
id like to order a breakfast platter,food_order
send up some mixed nuts and dried fruit,food_order
can i get a tuna sandwich please,food_order
please bring me a smoothie bowl,food_order
id like a beer and some pretzels,food_order
send some spaghetti to my room,food_order
could you order me a burger with fries,food_order
i need a cappuccino and a muffin,food_order
can you deliver ice cream to my room,food_order
id like some gluten free options please,food_order
bring me a bottle of red wine,food_order
could you send up some chicken wings,food_order
i need a grilled cheese sandwich,food_order
can i get a caesar wrap delivered,food_order
send up some chocolate cake please,food_order
could you bring me a martini,food_order
i need some hummus and pita bread,food_order
can you deliver pad thai to my room,food_order
i need my clothes washed,laundry_service
can you do laundry for me,laundry_service
please pick up my dirty clothes,laundry_service
i have some shirts that need ironing,laundry_service
can someone collect my laundry from the room,laundry_service
my clothes need to be cleaned,laundry_service
when can you collect my laundry,laundry_service
i need this suit pressed for tomorrow,laundry_service
can you wash these items for me,laundry_service
please send house keeping for laundry,laundry_service
i need my pants ironed urgently,laundry_service
can laundry be collected in the next hour,laundry_service
my clothes are ready for pickup,laundry_service
do you have a laundry service available,laundry_service
i need everything washed and ironed,laundry_service
can you press this jacket please,laundry_service
when will my clothes be ready,laundry_service
i have laundry that needs to be done,laundry_service
please collect my clothes from the bathroom,laundry_service
can you wash my clothes overnight,laundry_service
i need my dress cleaned for tonight,laundry_service
how long does laundry service take,laundry_service
can someone pick up my garments,laundry_service
i need my shirts starched and ironed,laundry_service
laundry pickup please come to my room,laundry_service
my clothes need urgent cleaning,laundry_service
can you do express laundry service,laundry_service
i need my tie ironed,laundry_service
please wash my underwear and socks,laundry_service
can laundry be done in two hours,laundry_service
i have a pile of dirty clothes,laundry_service
need someone to collect laundry items,laundry_service
my jacket needs dry cleaning,laundry_service
can you iron these trousers,laundry_service
i need my clothes back by morning,laundry_service
please send laundry service to room three fourteen,laundry_service
can i get same day laundry service,laundry_service
my clothes are in the hamper,laundry_service
i need my blouse ironed for the meeting,laundry_service
can you wash delicate items carefully,laundry_service
please collect the laundry bag from my room,laundry_service
i need my clothes pressed and folded,laundry_service
how much does laundry service cost,laundry_service
can you pick up my clothes now,laundry_service
my suit needs to be cleaned,laundry_service
i need these items washed and returned,laundry_service
can laundry be delivered back to my room,laundry_service
my clothes are ready for collection,laundry_service
i need urgent ironing service,laundry_service
please wash my clothes with gentle detergent,laundry_service
can you do laundry same day,laundry_service
i have clothes that need washing,laundry_service
can someone iron my clothes please,laundry_service
my laundry is by the door,laundry_service
i need laundry service for my clothes,laundry_service
can you wash these shirts for me,laundry_service
please pick up my dirty laundry from the room,laundry_service
i have some clothes that need ironing,laundry_service
when can someone come collect my laundry,laundry_service
can you iron this dress by tonight,laundry_service
i need my pants pressed before tomorrow,laundry_service
please send house keeping to get my clothes,laundry_service
my suit needs to be cleaned urgently,laundry_service
can you wash and fold my clothes,laundry_service
i need this jacket dry cleaned,laundry_service
when will my laundry be ready,laundry_service
can you collect laundry from my room,laundry_service
please iron my shirts for the conference,laundry_service
i have a pile of clothes to wash,laundry_service
when can you pick up my laundry,laundry_service
can you get these stains out,laundry_service
i need my dress ironed for tonight,laundry_service
can someone collect laundry in the next hour,laundry_service
can you dry clean my blazer,laundry_service
when will the laundry service be available,laundry_service
i have clothes in the laundry bag,laundry_service
can you iron my work shirts,laundry_service
please pick up the laundry outside my door,laundry_service
i need my trousers ironed by tomorrow morning,laundry_service
can you wash these delicate items carefully,laundry_service
i need laundry done as soon as possible,laundry_service
can you collect my clothes from the bathroom,laundry_service
i have some items for dry cleaning,laundry_service
please send someone to pick up laundry,laundry_service
when can i get my clothes back,laundry_service
i need my suit ready for the meeting,laundry_service
can you iron this blouse for me,laundry_service
i have laundry that needs attention,laundry_service
please wash my clothes by tomorrow,laundry_service
can you fold and deliver my laundry,laundry_service
i need my shirts ironed right away,laundry_service
when will you collect the laundry,laundry_service
can someone help with my laundry service,laundry_service
i need this outfit cleaned by evening,laundry_service
please press my pants for tomorrow,laundry_service
can you wash and dry my clothes,laundry_service
i have dirty clothes in my room,laundry_service
can you iron multiple shirts for me,laundry_service
i need laundry pickup in the next two hours,laundry_service
please take care of my laundry needs,laundry_service
can you get my clothes ready by checkout,laundry_service
i need my dress cleaned before the event,laundry_service
can you do laundry service today,laundry_service
can you pick up my laundry please,laundry_service
when can you collect my clothes,laundry_service
please send laundry service to my room,laundry_service
can someone come get my dirty laundry,laundry_service
i need these trousers pressed by tomorrow,laundry_service
do you offer same day laundry,laundry_service
i have a pile of clothes for washing,laundry_service
can you iron my dress shirt for tonight,laundry_service
please collect the clothes in my room,laundry_service
i need my jeans washed and dried,laundry_service
can you send someone for laundry pickup,laundry_service
i need emergency ironing for my jacket,laundry_service
do you have express laundry options,laundry_service
my clothes need washing before checkout,laundry_service
can laundry be done overnight,laundry_service
i need these pants cleaned for tomorrow morning,laundry_service
please pick up my laundry from the bathroom,laundry_service
i have some delicate items to clean,laundry_service
when can you come get my laundry,laundry_service
do you offer dry cleaning service,laundry_service
i need my suit pressed immediately,laundry_service
can you send house keeping for laundry,laundry_service
how long until my laundry is returned,laundry_service
i need these shirts ironed please,laundry_service
can someone pick up dirty clothes from my room,laundry_service
i have about ten items to wash,laundry_service
please arrange laundry service for tomorrow,laundry_service
do you do express ironing service,laundry_service
i need my dress cleaned by evening,laundry_service
can laundry be done in a few hours,laundry_service
these clothes need urgent attention,laundry_service
please collect my laundry as soon as possible,laundry_service
i need pressing service for three shirts,laundry_service
when is the next laundry pickup,laundry_service
can you wash my delicates carefully,laundry_service
i have clothes that need special care,laundry_service
how much for same day laundry service,laundry_service
please send laundry bags to my room,laundry_service
i need my trousers ready by breakfast,laundry_service
can you iron two shirts for me,laundry_service
when will you pick up the laundry,laundry_service
my jacket needs dry cleaning urgently,laundry_service
i need laundry collected from room two oh five,laundry_service
can someone come get my washing,laundry_service
i have some clothes that need urgent washing,laundry_service
please send ironing service to my room now,laundry_service
i need my laundry washed and returned by tomorrow,laundry_service
can you pick up my dirty clothes from the room,laundry_service
could you send someone to collect laundry please,laundry_service
i have some delicate items that need washing,laundry_service
please iron my shirts for the morning meeting,laundry_service
when can you collect my clothes for cleaning,laundry_service
i need express laundry service for tonight,laundry_service
can laundry be ready by check out time,laundry_service
send someone to pick up my things please,laundry_service
i need my suit dry cleaned and pressed,laundry_service
do you offer same day laundry service,laundry_service
my clothes need washing urgently please help,laundry_service
can you collect the laundry in my bathroom,laundry_service
i need several items ironed for tomorrow,laundry_service
please come get my dirty laundry from room,laundry_service
when will my cleaned clothes be delivered back,laundry_service
i have work clothes that need ironing,laundry_service
can you wash and fold my things,laundry_service
need my jacket cleaned before my flight,laundry_service
send laundry service to my room now,laundry_service
i need this dress ironed for tonight,laundry_service
how long does laundry service usually take,laundry_service
please pick up and wash everything in the hamper,laundry_service
can i get my clothes back by morning,laundry_service
i need some items dry cleaned,laundry_service
when is the next laundry collection time,laundry_service
my shirts need urgent ironing please,laundry_service
can you collect clothes and return them quickly,laundry_service
i have delicate fabrics needing careful washing,laundry_service
please send house keeping for laundry pickup,laundry_service
need my pants pressed before tomorrow afternoon,laundry_service
can you pick up laundry right away,laundry_service
i need clothes washed and dried overnight,laundry_service
what time can you collect from my room,laundry_service
i have several things needing stain removal,laundry_service
send someone to get my laundry please,laundry_service
need my tie and shirts ironed,laundry_service
i need everything washed by tomorrow evening,laundry_service
please iron my work clothes for the conference,laundry_service
can you collect and return quickly,laundry_service
i have delicate and regular clothes to wash,laundry_service
need urgent laundry service for my items,laundry_service
when can laundry pickup happen today,laundry_service
i need my clothes back as soon as possible,laundry_service
can you wash iron and fold everything,laundry_service
please collect my laundry from the bathroom floor,laundry_service
need my formal wear cleaned and pressed,laundry_service
send laundry collection to room three twenty,laundry_service
i need some items dry cleaned urgently,laundry_service
what time is laundry collection available,laundry_service
can you provide express laundry services,laundry_service
i have clothes needing washing and ironing,laundry_service
please come pick up my dirty laundry,laundry_service
need my clothes ready for check out,laundry_service
can laundry be returned within a few hours,laundry_service
i need my laundry washed please,laundry_service
can you pick up my dirty clothes,laundry_service
send someone to collect my laundry from the room,laundry_service
please wash these items for me,laundry_service
i need this suit cleaned and pressed,laundry_service
can you do laundry service for me,laundry_service
collect my clothes from the bathroom floor,laundry_service
i need my pants ironed by tomorrow,laundry_service
how long does laundry service take here,laundry_service
i need these clothes washed and dried,laundry_service
please iron my dress shirt for the meeting,laundry_service
when will you bring back my laundry,laundry_service
i need dry cleaning for this jacket,laundry_service
can you launder my underwear and socks,laundry_service
send house keeping to pick up my clothes,laundry_service
i need my clothes back by check out time,laundry_service
these items need to be washed urgently,laundry_service
please collect my laundry from the bathroom,laundry_service
i need my trousers pressed tonight,laundry_service
i need this outfit cleaned by tomorrow morning,laundry_service
send someone to my room for laundry pickup,laundry_service
please launder my workout clothes,laundry_service
i need my shirts ironed and folded,laundry_service
when is laundry service available,laundry_service
can you take my clothes to be cleaned,laundry_service
i need these jeans washed and returned,laundry_service
please send laundry pickup to my room,laundry_service
my clothes need washing and pressing,laundry_service
can i request express laundry service,laundry_service
i need my formal wear cleaned,laundry_service
how often can i use laundry service,laundry_service
please wash my entire suitcase of clothes,laundry_service
i need my skirt ironed for dinner,laundry_service
collect my laundry in the next hour,laundry_service
can you do rush laundry for me,laundry_service
these items need urgent cleaning,laundry_service
please come get my dirty laundry,laundry_service
i need laundry service as soon as possible,laundry_service
can you handle delicate clothing,laundry_service
i need my outfit for the conference cleaned,laundry_service
send someone to collect laundry now,laundry_service
can i get my laundry done today,laundry_service
i need this tie pressed and cleaned,laundry_service
please take my garments for laundering,laundry_service
when can laundry pickup happen,laundry_service
i need my clothes back within two hours,laundry_service
can laundry service be done overnight,laundry_service
i need my laundry washed as soon as possible,laundry_service
i have some shirts that need ironing urgently,laundry_service
when can someone collect my laundry,laundry_service
my laundry needs to be done by tomorrow morning,laundry_service
can you wash and iron these items for me,laundry_service
i need same day laundry service if available,laundry_service
could you collect the clothes in my bathroom,laundry_service
how long does laundry service take at this hotel,laundry_service
i have delicate items that need careful washing,laundry_service
can someone come pick up my laundry right now,laundry_service
these pants need pressing for tonight,laundry_service
i need my suit cleaned and ironed,laundry_service
my laundry is in the bag by the door,laundry_service
how much does the laundry service cost,laundry_service
i need these sheets changed and washed,laundry_service
can you have my clothes back by check out,laundry_service
i have some stains that need treating,laundry_service
laundry collection please for my room,laundry_service
when is the latest i can send laundry,laundry_service
do you offer same day laundry return,laundry_service
i need my dress ironed before dinner,laundry_service
can the laundry be returned this evening,laundry_service
these items are for dry cleaning only,laundry_service
how do i request laundry service,laundry_service
my underwear and socks need washing,laundry_service
can you wash everything on gentle cycle,laundry_service
i have business clothes needing urgent service,laundry_service
please take my laundry and have it ready tomorrow,laundry_service
do you provide laundry bags or should i use my own,laundry_service
these fabrics need special care instructions,laundry_service
i need my clothes back by noon tomorrow,laundry_service
can someone collect laundry from my room right away,laundry_service
how often can i use the laundry service,laundry_service
these clothes need to be laundered today,laundry_service
i need my jacket dry cleaned and pressed,laundry_service
can you iron just these three shirts,laundry_service
when should i leave my laundry outside,laundry_service
my laundry is ready for pickup in the room,laundry_service
do you have rush laundry service available,laundry_service
these items are very delicate please handle carefully,laundry_service
i need everything washed and returned by tomorrow,laundry_service
can laundry service iron my clothes while wet,laundry_service
my suit needs cleaning before my meeting,laundry_service
i have quite a bit of laundry this time,laundry_service
what time does house keeping collect laundry,laundry_service
can you wash my jeans and t shirts,laundry_service
i need my formal wear cleaned and pressed urgently,laundry_service
these clothes need hand washing only,laundry_service
i need my laundry washed today,laundry_service
please iron my suit for tomorrow,laundry_service
send someone to collect my laundry,laundry_service
i have some shirts that need washing,laundry_service
could you wash and iron these items,laundry_service
my clothes need to be cleaned urgently,laundry_service
can laundry be delivered to my room by morning,laundry_service
i need this dress pressed before tonight,laundry_service
collect my laundry from the bathroom floor,laundry_service
how long does the laundry service take,laundry_service
please wash these clothes and return them tomorrow,laundry_service
can you iron my pants for the meeting,laundry_service
i need my underwear and socks washed,laundry_service
when will the laundry service come to my room,laundry_service
my clothes need urgent attention please,laundry_service
iron this shirt for me right away,laundry_service
can you wash delicate items properly,laundry_service
i need everything laundered and folded,laundry_service
please collect the clothes from my room,laundry_service
i have a pile of dirty laundry here,laundry_service
need my clothes ready by check out,laundry_service
can you wash and deliver by tomorrow morning,laundry_service
these items need dry cleaning not washing,laundry_service
please pick up my laundry immediately,laundry_service
when is the next laundry collection,laundry_service
can you iron multiple items for me,laundry_service
i need my clothes back by evening,laundry_service
laundry pickup needed in room three twenty,laundry_service
can you handle silk and wool items,laundry_service
please wash my workout clothes,laundry_service
i need the laundry done urgently,laundry_service
send someone up for the laundry,laundry_service
can you starch my shirts please,laundry_service
my clothes need to be ironed professionally,laundry_service
when do you collect laundry in this hotel,laundry_service
can i get my laundry back tomorrow,laundry_service
please deliver my cleaned clothes to my room,laundry_service
i need these jeans washed and dried,laundry_service
send up someone to take my laundry,laundry_service
i need my jacket dry cleaned,laundry_service
can you wash everything in cold water,laundry_service
please collect my laundry bag from the door,laundry_service
i need clothes ironed for a business dinner,laundry_service
can you provide laundry service now,laundry_service
my clothes need washing before checkout tomorrow,laundry_service
what time does laundry collection happen,laundry_service
can you iron just this one garment for me,laundry_service
i have some delicate fabrics that need care,laundry_service
please make sure my clothes are returned clean,laundry_service
need laundry service for my entire stay,laundry_service
i need my laundry done today,laundry_service
can you send someone to collect my clothes,laundry_service
my shirts need pressing for tomorrow,laundry_service
do you have laundry service available,laundry_service
when can you collect my washing,laundry_service
my pants need to be pressed,laundry_service
send house keeping to get my laundry,laundry_service
i need dry cleaning service,laundry_service
can you wash and iron these items,laundry_service
please collect the clothes in my bathroom,laundry_service
i need this dress cleaned and ironed,laundry_service
can someone pick up my laundry in an hour,laundry_service
please wash my clothes and return them quickly,laundry_service
i have laundry for collection,laundry_service
can you iron my shirts,laundry_service
send someone to pick up my dirty clothes,laundry_service
my sweater needs gentle washing,laundry_service
can laundry be done in twenty four hours,laundry_service
please take these items for washing,laundry_service
when do you collect laundry,laundry_service
i need urgent laundry service,laundry_service
my trousers need pressing,laundry_service
can you wash delicate items,laundry_service
please collect my laundry from the floor,laundry_service
i need laundry picked up right away,laundry_service
do you do express laundry,laundry_service
my clothes need washing and ironing,laundry_service
when can laundry be picked up,laundry_service
i have some items needing dry cleaning,laundry_service
please iron my shirt for dinner tonight,laundry_service
my dress needs to be ready tomorrow morning,laundry_service
can you do laundry service,laundry_service
i need my clothes cleaned urgently,laundry_service
please wash and return my laundry,laundry_service
when will laundry collection happen,laundry_service
my suit needs pressing immediately,laundry_service
do you have laundry bags available,laundry_service
can you pick up laundry now,laundry_service
i need these clothes ironed today,laundry_service
please collect my washing from the room,laundry_service
my clothes need special care washing,laundry_service
can laundry be returned by evening,laundry_service
i have items for the laundry service,laundry_service
please send someone up for laundry collection,laundry_service
my shirt needs ironing for tomorrow,laundry_service
can you wash my clothes gently,laundry_service
i need pressing service for my jacket,laundry_service
please take my dirty clothes away,laundry_service
can you dim the lights please,lighting_control
turn off the bedroom light,lighting_control
make the room a bit brighter,lighting_control
switch on the reading light,lighting_control
the lights are too bright can you lower them,lighting_control
turn on the main light,lighting_control
can i get the lights dimmed,lighting_control
brighten up the room for me,lighting_control
turn the lights down,lighting_control
switch off all the lights,lighting_control
make it darker in here,lighting_control
turn on the bathroom light,lighting_control
the room is too dark,lighting_control
can you make the lights brighter,lighting_control
turn off the light,lighting_control
lights on please,lighting_control
dim the bedroom lights,lighting_control
lower the brightness,lighting_control
switch the lights on,lighting_control
turn up the lights,lighting_control
its too dark in here,lighting_control
can you switch off the lights,lighting_control
make the room brighter please,lighting_control
turn off the bathroom light,lighting_control
the lights are too dim,lighting_control
brighten the room,lighting_control
can you turn on the lights,lighting_control
dim the lights a bit,lighting_control
switch on the lights,lighting_control
turn the bedroom light off,lighting_control
lights too bright,lighting_control
make it brighter,lighting_control
can you lower the lights,lighting_control
turn on the living area light,lighting_control
the room needs to be brighter,lighting_control
dim it down,lighting_control
switch off the bedroom light,lighting_control
can you turn the lights off,lighting_control
turn on the bedside light,lighting_control
its too bright in here,lighting_control
lower the brightness please,lighting_control
turn off all the lights,lighting_control
brighten this room for me,lighting_control
can you make it darker,lighting_control
switch on the bathroom light,lighting_control
turn the lights up,lighting_control
the lights need to be dimmer,lighting_control
can you brighten the room,lighting_control
turn on the desk light,lighting_control
dim the light in the bedroom,lighting_control
switch the bathroom light off,lighting_control
make the room darker,lighting_control
turn off the reading light,lighting_control
can you turn the brightness down,lighting_control
lights need to be on,lighting_control
turn on the ceiling light,lighting_control
dim this light please,lighting_control
can i get the bathroom light on,lighting_control
turn the lights down its too bright,lighting_control
switch off all the lights when i leave,lighting_control
make it darker in here please,lighting_control
can you make the lights softer,lighting_control
the lamp is too dim can you brighten it,lighting_control
lights on full brightness,lighting_control
dim the bedside lamp please,lighting_control
turn off the hallway light,lighting_control
i need the lights turned down low,lighting_control
switch on the bathroom light please,lighting_control
can you lower the brightness a bit,lighting_control
turn all the lights off,lighting_control
make the room darker please,lighting_control
the bedroom is too dark can you brighten it,lighting_control
switch the lights to a lower setting,lighting_control
turn on the living room light,lighting_control
can you brighten the bathroom for me,lighting_control
turn the light down its hurting my eyes,lighting_control
lights dimmer please,lighting_control
switch off the reading lamp,lighting_control
turn on all the lights,lighting_control
can you make it brighter in here,lighting_control
the hallway light is off can you turn it on,lighting_control
dim the lights to fifty percent,lighting_control
turn off the t v area light,lighting_control
turn on the bedside light please,lighting_control
can the lights be a bit less bright,lighting_control
switch on the main bedroom light,lighting_control
make the room lighting softer and warmer,lighting_control
turn down the overhead light,lighting_control
lights at full brightness please,lighting_control
can you turn the bathroom light off,lighting_control
dim everything down please,lighting_control
turn on the entrance light,lighting_control
the room is too dark right now,lighting_control
switch off the lamp by the bed,lighting_control
can you brighten the living area,lighting_control
turn the lights to a lower level,lighting_control
the lights are blinding me can you dim them,lighting_control
switch on all the bedroom lights,lighting_control
turn off the bright lights please,lighting_control
can i have the lights dimmed please,lighting_control
make the room brighter for me,lighting_control
turn on the light by the desk,lighting_control
switch off all the lights in here,lighting_control
make it darker please,lighting_control
the light is too dim can you brighten it,lighting_control
can you turn off the side lights,lighting_control
turn on the bedside lamp,lighting_control
dim the bedroom lights a little bit,lighting_control
switch on the ceiling light,lighting_control
dim all the lights,lighting_control
turn on the lights please,lighting_control
make the lights brighter,lighting_control
switch off the light,lighting_control
turn down the brightness,lighting_control
turn off the lamp,lighting_control
can you brighten the room up,lighting_control
turn on the desk lamp,lighting_control
switch on the main light please,lighting_control
turn off the side light,lighting_control
can you dim it a bit,lighting_control
brighten the lights for me,lighting_control
turn on the ambient lighting,lighting_control
dim the lights in the bedroom,lighting_control
switch off the bedside lamp,lighting_control
make it a bit darker,lighting_control
turn on the reading lamp,lighting_control
can you lower the brightness,lighting_control
turn the brightness down,lighting_control
make the lights dimmer,lighting_control
can you turn the lights on,lighting_control
dim the room a little,lighting_control
turn on the light in the bathroom,lighting_control
switch the lights off,lighting_control
can you turn on the main light,lighting_control
turn down the lights,lighting_control
dim it down for me,lighting_control
switch on the bedside lamp,lighting_control
brighten up the room please,lighting_control
turn the lights on,lighting_control
can you make it brighter,lighting_control
make the bathroom light brighter,lighting_control
brighten the room a little bit,lighting_control
switch on the lights please,lighting_control
can the lights be dimmer,lighting_control
i need the lights on,lighting_control
the lights need to be brighter,lighting_control
dim it down a bit please,lighting_control
lights on in the bedroom,lighting_control
turn the bathroom light off,lighting_control
make the lights softer please,lighting_control
can i have the lights on,lighting_control
switch all the lights on,lighting_control
the room needs more light,lighting_control
turn down the brightness please,lighting_control
lights are too bright dim them,lighting_control
switch off the light please,lighting_control
turn on the lights in here,lighting_control
the light is too bright,lighting_control
can the lights be turned off,lighting_control
turn on the main bedroom light,lighting_control
dim the reading light please,lighting_control
lights off in the bathroom,lighting_control
make the lights a bit dimmer,lighting_control
can you turn the light on,lighting_control
the brightness is too high,lighting_control
turn off the main light,lighting_control
can i get the lights on,lighting_control
lights need to be dimmer,lighting_control
turn on some lights please,lighting_control
the room is too bright,lighting_control
can you dim it down,lighting_control
switch the bedroom light on,lighting_control
turn the lights down please,lighting_control
brighten up the room a little,lighting_control
i need the lights dimmer,lighting_control
can you turn on all the lights,lighting_control
the bathroom light is too dim,lighting_control
turn off the lights when you leave,lighting_control
can you brighten the bathroom light,lighting_control
dim the bedroom lights a bit more,lighting_control
the room is too dark can you brighten it,lighting_control
lower the brightness of the lights,lighting_control
turn the living area lights on,lighting_control
can you make the lights softer please,lighting_control
i need more light in here,lighting_control
turn on the desk lamp please,lighting_control
the lights are too dark in the bathroom,lighting_control
can you increase the brightness,lighting_control
dim all the lights in the room,lighting_control
turn off the side lights,lighting_control
make the room lighter please,lighting_control
switch on the overhead light,lighting_control
the lighting is too harsh can you soften it,lighting_control
can you turn on the lights in the bedroom,lighting_control
dim the lights for me please,lighting_control
make the lights brighter please,lighting_control
i need the lights turned on,lighting_control
the room is very dark can you help,lighting_control
switch the bathroom light on,lighting_control
lower the light intensity,lighting_control
can you dim the bedroom light a bit,lighting_control
the lights are way too bright,lighting_control
turn off the side lamp,lighting_control
make it brighter in here,lighting_control
can you switch off the main light,lighting_control
brighten the bathroom a little,lighting_control
dim the lights down low,lighting_control
turn on the lights in the living room,lighting_control
the brightness is too high can you lower it,lighting_control
switch on the night light,lighting_control
make the room less bright please,lighting_control
turn the bedroom light on,lighting_control
brighten up the room,lighting_control
lights too dim can you help,lighting_control
switch off the bathroom light,lighting_control
turn off the lights,lighting_control
make the lights less bright,lighting_control
switch the lights off please,lighting_control
lights are too dim,lighting_control
brighten the lights a little,lighting_control
can you turn on the lamp,lighting_control
dim the bedroom lights for me,lighting_control
turn off the lamp please,lighting_control
lower the light brightness,lighting_control
the lights are too dim in here,lighting_control
can the lights be brighter,lighting_control
dim it down a bit,lighting_control
turn off the living room light,lighting_control
brighten the room up,lighting_control
can you dim the light,lighting_control
make it brighter in the room,lighting_control
can you turn off the lights,lighting_control
dim the lights down please,lighting_control
turn on the lights in the bedroom,lighting_control
switch off the bedroom lights,lighting_control
brighten the lights please,lighting_control
can the lights be turned on,lighting_control
turn off all the lights now,lighting_control
can you switch off the bathroom light,lighting_control
the lighting is too dark in here,lighting_control
turn the lights down a little bit,lighting_control
switch all the lights off,lighting_control
make it brighter please,lighting_control
i need more light in this room,lighting_control
can you turn off the main light,lighting_control
switch on the desk lamp,lighting_control
make the bathroom brighter please,lighting_control
turn down the brightness in the bedroom,lighting_control
lights off please,lighting_control
can you make the room darker,lighting_control
the room is too dark i need more light,lighting_control
dim the lights in the bathroom,lighting_control
switch off all the lights in the room,lighting_control
turn the light on in the bedroom,lighting_control
make the lights a bit dimmer please,lighting_control
the hallway light is too bright,lighting_control
switch on the bedroom lamp,lighting_control
i need the lights turned down,lighting_control
turn off the desk light,lighting_control
dim everything please,lighting_control
make the bedroom darker please,lighting_control
the lights in here are too dim,lighting_control
brighten up the bathroom please,lighting_control
can you turn the lights down,lighting_control
make the room darker for me,lighting_control
turn on the lights in the living area,lighting_control
the bedroom light is too bright,lighting_control
dim the main lights please,lighting_control
switch on the lights everywhere,lighting_control
the reading light is too dim,lighting_control
turn the brightness down please,lighting_control
switch the bedroom light off,lighting_control
i need the room brighter,lighting_control
dim the living room lights,lighting_control
can you switch the lights on,lighting_control
switch off the main light,lighting_control
can you turn on the bedside lamp,lighting_control
lights are too dark,lighting_control
brighten the lights a bit more,lighting_control
turn the lights down low,lighting_control
switch on the desk light,lighting_control
can the lights be brighter please,lighting_control
turn off all the lights in the room,lighting_control
lights too bright dim them down,lighting_control
can i get some brighter lighting,lighting_control
the reading light please,lighting_control
can you switch on the hallway light,lighting_control
make it brighter in the bedroom,lighting_control
can the lights be dimmed a bit,lighting_control
lights off in the bedroom,lighting_control
make the entryway brighter,lighting_control
can you make the room lighting softer,lighting_control
switch on all the lights please,lighting_control
the lights are really too bright,lighting_control
turn on the lamp by the bed,lighting_control
can the main light be turned off,lighting_control
brightness up please,lighting_control
make the lights go down,lighting_control
can you brighten the bathroom,lighting_control
switch off the lights,lighting_control
the lighting is too dim in here,lighting_control
turn on the lights fully,lighting_control
make the room less bright,lighting_control
the a c in my room isnt working,maintenance
theres water dripping from the ceiling,maintenance
the shower head is broken,maintenance
my door lock isnt working properly,maintenance
the mini bar is making a strange noise,maintenance
the light switch is stuck,maintenance
the bathroom sink is clogged,maintenance
the t v remote is not responding,maintenance
the bed frame is squeaking,maintenance
theres no hot water in the shower,maintenance
the curtains wont close all the way,maintenance
the toilet seat is cracked,maintenance
the air conditioning is too cold,maintenance
the lamp by the bed is flickering,maintenance
theres a crack in the bathroom mirror,maintenance
the door to the balcony wont open,maintenance
the heating isnt working at all,maintenance
the hair dryer has no power,maintenance
the refrigerator stopped working,maintenance
the window blinds are broken,maintenance
theres a leak under the sink,maintenance
the electrical outlet isnt working,maintenance
the door handle is loose,maintenance
the bathroom exhaust fan isnt turning on,maintenance
the t v screen is flickering,maintenance
the safe wont open,maintenance
the ice bucket has a hole in it,maintenance
the shower curtain rod fell down,maintenance
the alarm clock is broken,maintenance
the coffee maker wont turn on,maintenance
theres a broken tile in the bathroom,maintenance
the bathtub drain is slow,maintenance
the desk lamp is not working,maintenance
the wardrobe door is stuck,maintenance
the room phone is not working,maintenance
the wall outlet near the bed is dead,maintenance
the air conditioner is leaking water,maintenance
the toilet tank is cracked,maintenance
the bathroom door lock is broken,maintenance
the television has no sound,maintenance
the microwave isnt heating anything,maintenance
the bedside table drawer is jammed,maintenance
the ceiling fan wont turn off,maintenance
the shower water pressure is very low,maintenance
the door frame has damage,maintenance
the bathroom light is out,maintenance
the kitchen sink is backing up,maintenance
the balcony door is stuck closed,maintenance
theres a burn mark on the carpet,maintenance
the radiator is not heating,maintenance
the room is too drafty,maintenance
the cable t v is not working,maintenance
the window latch is broken,maintenance
the furniture has a bad smell,maintenance
the bathroom vent is too loud,maintenance
the heating system is making noise,maintenance
could you please fix the broken air conditioner,maintenance
the lamp in the corner is burned out,maintenance
the heater keeps turning off by itself,maintenance
the shower is not hot enough,maintenance
the light in the bedroom wont turn on,maintenance
the door lock is jammed,maintenance
the mini bar is not cooling,maintenance
the curtains wont close properly,maintenance
the kettle is broken,maintenance
the air conditioning is making a weird noise,maintenance
the bathroom fan is not working,maintenance
the lamp on the nightstand is flickering,maintenance
the window wont open,maintenance
the refrigerator is too warm,maintenance
the shower head is blocked,maintenance
the tv remote is not responding,maintenance
the heating is way too hot,maintenance
the bedside table is broken,maintenance
the closet door is stuck,maintenance
the bathroom light is flickering on and off,maintenance
the sink is draining very slowly,maintenance
the a c in my room stopped working suddenly,maintenance
could you please send someone to fix the shower,maintenance
the toilet is overflowing,maintenance
the hallway light outside my room is out,maintenance
the wall outlet near the desk is not working,maintenance
the bathtub is cracked,maintenance
the microwave in my room is not heating,maintenance
the blinds are broken,maintenance
the desk lamp wont turn off,maintenance
the bathroom exhaust fan is very loud,maintenance
the window blinds wont stay up,maintenance
the ice machine on my floor is broken,maintenance
the shower curtain rod is falling down,maintenance
the t v screen is cracked,maintenance
the heating in my room isnt working,maintenance
the sink faucet is dripping constantly,maintenance
the toilet handle is broken,maintenance
the fire alarm is beeping,maintenance
the thermostat is stuck,maintenance
theres water leaking from the ceiling,maintenance
the bedroom fan is making noise,maintenance
the bathroom door wont lock properly,maintenance
the wi fi router in my room is dead,maintenance
the hair dryer in the bathroom doesnt work,maintenance
the room is way too cold,maintenance
the light switch is broken,maintenance
the bedroom door wont close,maintenance
the outlet by the bed is sparking,maintenance
the toilet is running continuously,maintenance
the shower glass door is foggy and wont clear,maintenance
the mini fridge is not cold enough,maintenance
the nightstand drawer is stuck,maintenance
the window frame is damaged,maintenance
the bathroom mirror is cracked,maintenance
the air vent is blocked,maintenance
the t v has no sound at all,maintenance
could you send house keeping to check the bathroom,maintenance
the a c in my room is broken,maintenance
the shower is not getting hot water,maintenance
the light in the bathroom wont turn on,maintenance
the door lock is not working properly,maintenance
the a c is blowing hot air instead of cold,maintenance
theres no hot water in the bathroom,maintenance
the bedroom door wont lock,maintenance
the window blind is stuck,maintenance
the hair dryer stopped working,maintenance
the coffee maker in the room is broken,maintenance
the air conditioning unit is leaking water,maintenance
the t v screen has gone black,maintenance
the bed frame is squeaking loudly,maintenance
the bathroom mirror is fogged up and wont clear,maintenance
could you send someone to fix the broken lamp,maintenance
the kitchen faucet is dripping constantly,maintenance
the closet door hinge is broken,maintenance
the alarm clock is not working,maintenance
theres a crack in the bathroom tile,maintenance
the t v has no sound,maintenance
the bedroom light switch is broken,maintenance
the shower head is clogged,maintenance
the mini fridge is not cooling,maintenance
the a c vent is blocked,maintenance
the bathroom door lock is jammed,maintenance
the bed headboard is loose,maintenance
the kitchen counter has a large crack,maintenance
the t v wont turn off,maintenance
the bathroom sink is draining slowly,maintenance
the curtain rod is bent,maintenance
theres water coming from the ceiling,maintenance
the heating is not working at all,maintenance
the bedroom window wont close properly,maintenance
the a c is making a grinding noise,maintenance
the bathroom light is very dim,maintenance
the t v picture is distorted,maintenance
the room telephone is dead,maintenance
the bed is sagging in the middle,maintenance
the shower door is cracked,maintenance
the bathroom vent is not pulling air,maintenance
the a c filter looks very dirty,maintenance
the refrigerator door wont stay closed,maintenance
the t v channels wont change,maintenance
the bathroom tiles are loose,maintenance
can someone please come fix the a c,maintenance
the shower water pressure is too low,maintenance
the a c unit is making a strange noise,maintenance
the shower head is broken and water is spraying everywhere,maintenance
could you send someone to fix the toilet please,maintenance
the mini bar door is stuck and wont open,maintenance
theres water dripping from the ceiling in the bathroom,maintenance
the t v remote is not working at all,maintenance
the air conditioning is too cold can you adjust it,maintenance
the bathroom sink is clogged and draining very slowly,maintenance
the curtains wont close properly on the windows,maintenance
the door lock is jammed and im stuck outside,maintenance
the bed lamp is flickering on and off,maintenance
the heating is not working in my room,maintenance
the toilet seat is cracked and needs replacing,maintenance
the wi fi is not connecting in my room,maintenance
the bathroom exhaust fan is really loud,maintenance
the door handle in the bedroom is broken,maintenance
theres no hot water coming from the shower,maintenance
the mini bar is making a buzzing sound,maintenance
the bedroom air vent is blocked completely,maintenance
the bathroom door lock wont lock,maintenance
the t v keeps turning off by itself,maintenance
the shower is dripping water constantly,maintenance
the blinds are stuck and wont open,maintenance
the desk lamp is burnt out and dead,maintenance
the a c is leaking water onto the floor,maintenance
could someone please fix the broken light switch,maintenance
the bathroom tile is cracked near the shower,maintenance
the refrigerator is not cooling food properly,maintenance
the bedroom window wont close all the way,maintenance
the toilet is running continuously and wont stop,maintenance
the wall outlet is not working for my charger,maintenance
theres a hole in the bathroom wall,maintenance
the air conditioner smells like burning plastic,maintenance
the bedroom door is squeaking very badly,maintenance
the bathroom sink faucet is dripping constantly,maintenance
the t v has no sound coming out,maintenance
the alarm clock radio is not working,maintenance
the safe in the room wont open,maintenance
the shower valve is leaking from underneath,maintenance
the bathroom exhaust fan wont turn off,maintenance
the bedroom window blind is broken,maintenance
the mini bar light is flickering badly,maintenance
the door to the room is hard to open,maintenance
the bathroom faucet is leaking water everywhere,maintenance
the a c compressor is making loud grinding noises,maintenance
the t v picture is all fuzzy and distorted,maintenance
the toilet flapper needs to be replaced urgently,maintenance
the bedroom closet light is not turning on,maintenance
the bathroom vent is not removing steam at all,maintenance
the coffee maker is leaking water,maintenance
the shower pressure is extremely low,maintenance
the bedroom outlet sparked when i plugged something in,maintenance
the a c thermostat display is completely blank,maintenance
can someone come fix the broken bathroom fan,maintenance
the t v will not turn on at all,maintenance
the shower is not working properly,maintenance
can you send someone to fix the a c,maintenance
the t v remote is not working,maintenance
the toilet is running constantly,maintenance
the window wont close all the way,maintenance
can someone come fix the bathroom sink,maintenance
the curtains are stuck and wont open,maintenance
theres a hole in the wall,maintenance
the bathtub is draining very slowly,maintenance
the door to the balcony wont lock,maintenance
the a c is making noise,maintenance
the hot water is not working,maintenance
the electrical outlet near the desk is not working,maintenance
the carpet has a large stain,maintenance
the toilet seat is broken,maintenance
can you send house keeping to fix the sink,maintenance
the fridge is not cold enough,maintenance
the shower head is leaking,maintenance
the wall outlet stopped working,maintenance
the bed frame is making noise,maintenance
the phone in the room is not working,maintenance
the coffee maker is broken,maintenance
the blinds are not opening properly,maintenance
the thermostat is not responding,maintenance
the bathroom exhaust fan is not working,maintenance
the wi fi router in the room is broken,maintenance
the iron is not heating up,maintenance
the hair dryer doesnt work,maintenance
the bathroom tile is cracked,maintenance
the mattress has a problem,maintenance
the light switch is not working,maintenance
can someone please come fix the heating,maintenance
the balcony door is stuck,maintenance
the furniture has broken legs,maintenance
the a c unit is not cooling the room,maintenance
the shower is too hot,maintenance
the water pressure is very low,maintenance
the main light in the living area is out,maintenance
the desk lamp is broken,maintenance
theres water leaking from the a c unit,maintenance
the faucet is dripping constantly,maintenance
the room is too cold please fix the heating,maintenance
the a c unit in my room is making a strange noise,maintenance
could you send someone to fix the shower it wont turn on,maintenance
the mini bar door is stuck and i cant open it,maintenance
theres water dripping from the ceiling in the bedroom,maintenance
my room key card stopped working can you help,maintenance
the bathroom mirror has a big crack in it,maintenance
the heating isnt working and its really cold,maintenance
the window blinds are broken and wont close properly,maintenance
theres a burning smell coming from the air conditioning unit,maintenance
the bed frame is squeaking very loudly when i move,maintenance
the shower curtain rod fell down this morning,maintenance
my room is too hot can someone adjust the temperature,maintenance
the door lock is jammed and im stuck inside,maintenance
the bathroom exhaust fan is making a loud rattling noise,maintenance
the kitchen sink is completely clogged up,maintenance
the lamp on the bedside table wont turn on,maintenance
the toilet is overflowing please help urgently,maintenance
the bathroom door hinge is loose and squeaking,maintenance
theres no hot water coming out of the taps,maintenance
the wall socket near my bed is not working,maintenance
the refrigerator in the room is making ice cubes sound very odd,maintenance
the bathroom tile is coming loose and falling off,maintenance
the air conditioning is blowing cold air but smells bad,maintenance
could you please fix the broken curtain rod in my room,maintenance
the t v keeps turning off by itself every few minutes,maintenance
the bedroom light switch is sparking when i flip it,maintenance
the door to my balcony wont lock properly,maintenance
the hair dryer in the bathroom stopped working,maintenance
the bathroom vent is extremely noisy and distracting,maintenance
the mattress has a large lump in the middle of it,maintenance
the shower drain is backing up with water,maintenance
the bathroom sink faucet is leaking constantly,maintenance
could you send maintenance to check the ac unit please,maintenance
the bedroom window is stuck and wont open at all,maintenance
the toilet paper holder came off the wall,maintenance
the bathroom floor is wet and slippery from a leak,maintenance
the t v screen has dead pixels all over it,maintenance
the bedside lamp has a flickering bulb,maintenance
the bathroom door doesnt close all the way,maintenance
the air conditioning vent is blocked with dust,maintenance
the door handle in my room broke off completely,maintenance
the shower is making a grinding noise when running,maintenance
the mini bar light is on but the door wont close,maintenance
the bathroom light switch is loose and dangles,maintenance
the wall heater is not turning on at all,maintenance
the bedroom curtains are torn and falling apart,maintenance
the toilet cistern is cracked and leaking water slowly,maintenance
the shower head is clogged and has low water pressure,maintenance
the bedroom fan is making an awful squealing sound,maintenance
the refrigerator stopped cooling and food is warming up,maintenance
the front door peephole is fogged up and i cant see,maintenance
the bathroom exhaust vent has white mold growing on it,maintenance
the bed headboard is wobbling and hitting the wall,maintenance
the bathroom light wont turn on,maintenance
the mini bar door is stuck,maintenance
could you please fix the toilet in my room,maintenance
the bedroom lamp is flickering,maintenance
the bathroom sink is dripping water,maintenance
the lock on the door is broken,maintenance
the hair dryer is not working,maintenance
the bathroom exhaust fan is too loud,maintenance
the ice bucket has a crack in it,maintenance
the bedroom door handle is loose,maintenance
the air conditioner is leaking water onto the floor,maintenance
could someone come fix the heater please,maintenance
the telephone in my room is dead,maintenance
the closet door wont stay closed,maintenance
the window blind is broken,maintenance
the shower head is spraying water everywhere,maintenance
the bed frame is making noise when i move,maintenance
the bathroom fan is not working at all,maintenance
the hallway light outside my door is off,maintenance
the air conditioning is too cold and i cant adjust it,maintenance
the mini fridge is not keeping food cold,maintenance
the television picture is all blurry,maintenance
the bathroom exhaust fan is making a rattling sound,maintenance
the light switch in the bedroom doesnt work,maintenance
the bathroom cabinet door is broken,maintenance
the air conditioner keeps shutting off,maintenance
the desk chair has a broken wheel,maintenance
the shower is leaking water under the door,maintenance
the bedroom window wont open,maintenance
the t v is stuck on one channel,maintenance
the bathroom light switch is broken,maintenance
the door to the room wont lock properly,maintenance
the shower temperature keeps changing,maintenance
the air conditioning unit is not cooling the room,maintenance
the bedside lamp is burnt out,maintenance
the bathroom scale is broken,maintenance
the window in my room is stuck shut,maintenance
the t v antenna is broken,maintenance
could you send someone to fix the a c,maintenance
the heater is making a strange noise,maintenance
the bathroom soap dispenser is empty and broken,maintenance
the curtain rod is coming off the wall,maintenance
the a c unit is making a loud noise,maintenance
the curtains are stuck and wont close,maintenance
the lamp by the bed is broken,maintenance
the heater is not working at all,maintenance
the air conditioner is making strange noises,maintenance
the door to the room wont lock,maintenance
the fridge is making a weird sound,maintenance
the carpet has a large stain on it,maintenance
the wall outlet is not working,maintenance
the phone in the room is dead,maintenance
the a c is blowing cold air,maintenance
the heating is too hot and wont turn down,maintenance
the smoke detector is beeping constantly,maintenance
the towel rack fell off the wall,maintenance
the air conditioner stopped working completely,maintenance
the shower is leaking water onto the floor,maintenance
the bed frame is making creaking noises,maintenance
the window blinds wont open,maintenance
the sink faucet is dripping water,maintenance
the t v wont turn on at all,maintenance
the room temperature is too cold,maintenance
the shower valve is stuck,maintenance
the hallway light near my room is out,maintenance
the mini bar door wont close properly,maintenance
the bed has a broken spring,maintenance
the a c filter looks dirty,maintenance
the bathroom exhaust fan is loud,maintenance
theres a burn mark on the desk,maintenance
can i get some extra hangers please,misc_request
i need a power adapter for my laptop,misc_request
could you send up an umbrella,misc_request
i need a pen and some paper,misc_request
can you bring me a bottle opener,misc_request
do you have any coat hangers available,misc_request
id like a phone charger for my room,misc_request
could you send me a sewing kit,misc_request
i need a desk lamp that works,misc_request
can you bring extra pillows to my room,misc_request
do you have any safety pins,misc_request
i need a hair dryer sent to my room,misc_request
could you please send some notepads up,misc_request
can i get a bath mat,misc_request
i need scissors or a letter opener,misc_request
do you have any shoe polish,misc_request
could you send an iron and ironing board,misc_request
i need some clothes hangers for my closet,misc_request
can you bring me some stationery and envelopes,misc_request
id like a wake up call at seven am,misc_request
do you have any tissues available,misc_request
could you send me a sewing needle and thread,misc_request
i need a plug adapter for europe,misc_request
can i get some extra towels,misc_request
i need a nightlight for the room,misc_request
could you please send some pens and pencils,misc_request
do you have a can opener,misc_request
i need a clothes rack in my room,misc_request
can you bring me some notecards,misc_request
id like a better pillow for sleeping,misc_request
could you send a fan to my room,misc_request
i need some tape and a stapler,misc_request
do you have any earplugs available,misc_request
can you bring me a mirror for shaving,misc_request
i need a usb charging cable,misc_request
could you send some extra blankets up,misc_request
do you have any plastic bags,misc_request
i need a lint roller for my clothes,misc_request
can you bring a desk chair to my room,misc_request
id like a better reading light please,misc_request
could you send me a small safe,misc_request
i need some clothes pins,misc_request
do you have a humidifier available,misc_request
can you bring me some drinking glasses,misc_request
i need a luggage rack in my room,misc_request
could you send an adapter for my phone charger,misc_request
do you have any batteries available,misc_request
i need some laundry bags for my clothes,misc_request
can you bring me a shower caddy,misc_request
id like a tie rack for my closet,misc_request
could you send me a small fan please,misc_request
i need a better mattress pad,misc_request
do you have any clothespins or pegs,misc_request
can you bring me some mothballs,misc_request
i need a desk organizer for my workspace,misc_request
could you send a better quality pillow,misc_request
do you have any command strips or hooks,misc_request
i need some extra wire hangers please,misc_request
can i get some extra hangers for my closet,misc_request
i need a phone charger for my room,misc_request
could you send up some notepads and pens,misc_request
do you have any umbrellas i can borrow,misc_request
can you bring me some coat hangers,misc_request
i need batteries for my remote control,misc_request
could i get a sewing kit please,misc_request
send me up some extra pillows,misc_request
i need a desk lamp for my room,misc_request
can you bring an iron and ironing board,misc_request
i need some stationery for writing letters,misc_request
could you send up a bottle opener,misc_request
do you have extension cords available,misc_request
i need a wake up call at six am,misc_request
can i get some extra towels please,misc_request
i need a plug adapter for european outlets,misc_request
could you bring me some hangers,misc_request
send up an umbrella to my room right away,misc_request
can you provide some notepaper and pens,misc_request
i need a sewing needle and thread,misc_request
could i get a clothes iron sent up,misc_request
do you have any phone chargers available,misc_request
send me some extra blankets please,misc_request
i need a pen that actually works,misc_request
can i get an umbrella before the rain starts,misc_request
i need a hair dryer for my bathroom,misc_request
could you send up some writing paper,misc_request
i need some coat hangers for the closet,misc_request
can you bring me a corkscrew,misc_request
i need batteries for my phone remote,misc_request
do you have a power strip i can use,misc_request
send up some extra hangers to my room,misc_request
i need a charging cable for my laptop,misc_request
could you get me an umbrella please,misc_request
i need a desk with better lighting,misc_request
can you bring some notepads to my room,misc_request
i need a hair straightener,misc_request
could you send up some safety pins,misc_request
i need more hangers in my wardrobe,misc_request
send me a portable phone charger,misc_request
i need a needle and thread kit,misc_request
can i get a reading lamp for my bed,misc_request
could you provide an extension cord,misc_request
i need a bottle opener for wine,misc_request
send up some blank stationery supplies,misc_request
i need a hair dryer that actually works,misc_request
can you bring me a small sewing kit,misc_request
i need some additional coat hangers please,misc_request
could i get a phone charging cable sent up,misc_request
i need an adapter for my electric shaver,misc_request
send me some extra pillows for my bed,misc_request
can you provide some notepaper and envelopes,misc_request
i need a better lamp on my desk,misc_request
could you send a hair dryer to my room,misc_request
i need some hangers and some extra pillows,misc_request
i need an adapter for my phone charger,misc_request
could i get an umbrella sent to my room,misc_request
do you have any writing paper i could use,misc_request
can you bring a corkscrew to my room,misc_request
i need some extra hangers for my clothes,misc_request
could you send up a hair dryer,misc_request
can you bring me some notepads,misc_request
do you have an umbrella i could borrow,misc_request
i need a phone charger adapter urgently,misc_request
could you send some hangers to my room,misc_request
can i get a sewing kit please,misc_request
i need a bottle opener for tonight,misc_request
do you have any stationery available,misc_request
could you bring me an iron please,misc_request
i need some tape and scissors,misc_request
can you send up extra pillows,misc_request
do you have a flashlight available,misc_request
could you send some pens to my room,misc_request
can i get a laundry bag please,misc_request
i need batteries for my camera,misc_request
could you bring me a phone charger,misc_request
do you have any envelopes and stamps,misc_request
i need a hair dryer for my room,misc_request
can you send up a sewing needle,misc_request
i need a desk lamp in my room,misc_request
could you bring me some drinking glasses,misc_request
do you have a magnifying glass available,misc_request
i need a clothes brush please,misc_request
can you send up some coat hangers,misc_request
i need an extension cord for my devices,misc_request
could you bring me some writing paper,misc_request
do you have a lint roller available,misc_request
i need a shoe horn please,misc_request
i need a clothes iron and board,misc_request
could you bring a power strip to my room,misc_request
do you have any packing tape available,misc_request
i need some safety pins urgently,misc_request
can you send up an umbrella for tomorrow,misc_request
could you bring me some note cards,misc_request
do you have any paper clips available,misc_request
i need a stapler and some staples,misc_request
can you send up a heating pad,misc_request
i need some thumb tacks for the wall,misc_request
could you bring me a usb charging cable,misc_request
do you have a needle and thread kit,misc_request
i need a room deodorizer spray,misc_request
can you send up some extra towels and hangers,misc_request
could i get a phone charger,misc_request
i need a sewing kit for my room,misc_request
can you send some notepads and pens up,misc_request
do you have an umbrella i can borrow,misc_request
could you bring me a corkscrew,misc_request
i need some extra pillows for my bed,misc_request
can i get a clothes iron,misc_request
could you send up some hangers,misc_request
i need a hair dryer in my room,misc_request
do you have any adapters for european plugs,misc_request
can you bring me some stationery,misc_request
could you send some extra towels please,misc_request
do you have a flashlight i can use,misc_request
can i get an iron and ironing board,misc_request
i need some writing paper and envelopes,misc_request
could you bring me a sewing needle,misc_request
do you have any umbrellas at the front desk,misc_request
i need a phone charger cable,misc_request
could i get some extra blankets,misc_request
i need some pens for writing,misc_request
can you bring me a corkscrew please,misc_request
do you have a hair dryer i can use,misc_request
could you send up a power strip,misc_request
i need some paper and envelopes,misc_request
can i get some hangers from house keeping,misc_request
do you have any adapters for my phone charger,misc_request
could you bring an umbrella to my room,misc_request
i need a sewing kit up here,misc_request
can you send some writing materials please,misc_request
do you have a bottle opener,misc_request
could i get a clothes steamer,misc_request
i need some extra pillows up here,misc_request
could you send up an iron please,misc_request
i need some pens and writing paper,misc_request
can i get a hair dryer delivered,misc_request
do you have any coat hangers spare,misc_request
could you bring me a wine opener,misc_request
i need some stationery items for work,misc_request
can you send up some extra hangers,misc_request
do you have an adapter for this charger,misc_request
could i borrow an umbrella from the hotel,misc_request
can you bring me some blank paper,misc_request
do you have any power adapters available,misc_request
i need some pens for my business work,misc_request
can i get some extra blankets please,misc_request
i need an extension cord for my phone charger,misc_request
could you send me some notepads and pens,misc_request
do you have any umbrellas i could borrow,misc_request
could you send up some extra blankets,misc_request
do you have a phone charger adapter,misc_request
i need a desk lamp that actually works,misc_request
can you bring me some hangers for my clothes,misc_request
i would like some stationery for correspondence,misc_request
could you please send a can opener,misc_request
do you have any slippers available,misc_request
can i get some extra towels sent up,misc_request
could you send me some matches or a lighter,misc_request
i need a iron and ironing board,misc_request
do you have any sewing supplies,misc_request
can you bring me a magnifying glass,misc_request
i need some sticky tape and scissors,misc_request
could you send up a step stool,misc_request
i need a night light for the room,misc_request
do you have any coat racks available,misc_request
can i get a clothes brush please,misc_request
i need some shoe shine supplies,misc_request
could you send me some plastic bags,misc_request
i need a shoe horn and a nail file,misc_request
do you have any ear plugs for noise,misc_request
can you bring me some cleaning supplies,misc_request
could you send up some extra soap,misc_request
i need a lint roller for my jacket,misc_request
do you have any safety pins available,misc_request
can i get a clothes iron please,misc_request
i need some writing instruments and ink pens,misc_request
could you bring me an extension power strip,misc_request
i need a plastic bag for laundry,misc_request
do you have any picture hanging supplies,misc_request
can you send me some cough drops or lozenges,misc_request
i need a desk pad and letter opener,misc_request
could you please send some matches to my room,misc_request
i need an alarm clock that works properly,misc_request
do you have any moisture lotion or lip balm,misc_request
can i get some rubber bands and paper clips,misc_request
i need some correction fluid and pen refills,misc_request
could you send a flashlight or torch,misc_request
i need some clothespins and hangers,misc_request
do you have any reading light bulbs available,misc_request
do you have any coat hangers i could use,misc_request
could i get an adapter for my phone charger,misc_request
send me an umbrella to my room,misc_request
i need writing paper and a pen,misc_request
can you bring up a corkscrew,misc_request
i need some hangers for my clothes,misc_request
could you send an umbrella to room four twenty two,misc_request
can i get some notepads,misc_request
bring me a bottle opener please,misc_request
i need extra hangers in my room,misc_request
could you provide a universal power adapter,misc_request
send up an umbrella im going out,misc_request
i need paper and pen for writing,misc_request
can you bring a wine opener,misc_request
do you have any spare hangers,misc_request
i need a laptop charger adapter,misc_request
umbrella please its raining,misc_request
send some hangers to my room,misc_request
can i get a corkscrew brought up,misc_request
i need pens and paper,misc_request
could you send up some extra hangers,misc_request
do you have a power adapter i can borrow,misc_request
bring me an umbrella,misc_request
i need some writing materials,misc_request
can you bring a bottle opener to my room,misc_request
extra hangers please,misc_request
do you have a charger adapter,misc_request
send an umbrella to my room,misc_request
i need a pen and notepad,misc_request
can i get some more hangers,misc_request
i need an electrical adapter,misc_request
could you send up an umbrella please,misc_request
do you have any pens,misc_request
bring up some hangers for me,misc_request
i need a power adapter urgently,misc_request
send me an umbrella to my room please,misc_request
can you provide writing paper,misc_request
i need some hangers urgently,misc_request
do you have a universal adapter,misc_request
umbrella to my room please,misc_request
can you send up a corkscrew,misc_request
i need pens and writing paper,misc_request
could you bring extra hangers to my room,misc_request
do you have any spare adapters,misc_request
send an umbrella up please,misc_request
i need some paper to write on,misc_request
can you bring me some hangers,misc_request
i need a phone charger adapter,misc_request
could you send a corkscrew to my room,misc_request
bring some hangers please,misc_request
can i get some hangers for my closet,misc_request
do you have a phone charger i can borrow,misc_request
could you send up some extra pillows please,misc_request
i need more towels in my bathroom,misc_request
do you have any umbrellas available,misc_request
could i get some stationery and envelopes,misc_request
send me a hair dryer please,misc_request
i need a power strip for my devices,misc_request
can you bring an extra blanket to my room,misc_request
can i get a bottle opener,misc_request
i need some ear plugs for sleeping,misc_request
do you have a sewing needle and thread,misc_request
send up an umbrella its raining,misc_request
i need a laptop charger cable,misc_request
could you send some extra coat hangers,misc_request
do you have any reading lights available,misc_request
i need a power adapter for my phone,misc_request
can i get some laundry bags,misc_request
send me some pens and paper please,misc_request
could you bring up some extra blankets,misc_request
do you have a portable wi fi hotspot,misc_request
i need some tissue boxes in my room,misc_request
can you send a corkscrew and opener,misc_request
i need batteries for my remote,misc_request
do you have any desk lamps i can use,misc_request
could you send up some extra towels,misc_request
i need a phone charger for my device,misc_request
can i get some hangers in my closet,misc_request
could you bring me a hair dryer,misc_request
i need a power cord for my laptop,misc_request
can you send up some pillows,misc_request
i need some notepads for my desk,misc_request
do you have any adapters for my devices,misc_request
send up a bottle opener please,misc_request
i need some extra hangers for clothes,misc_request
could you send some laundry bags up,misc_request
i need batteries for my clock,misc_request
do you have a portable speaker i can use,misc_request
i need some extra blankets and pillows,misc_request
do you have any desk organizers available,misc_request
send me some pens i need to write,misc_request
can you bring some hangers to my room,misc_request
could you send up some tissues,misc_request
send up an umbrella to my room,misc_request
i need some writing paper and pens,misc_request
could you send me some hangers,misc_request
i need a universal power adapter,misc_request
could you bring me a notepad,misc_request
can i get extra hangers for the closet,misc_request
i need some stationary supplies,misc_request
could you bring me some blank paper,misc_request
i need a pen to sign something,misc_request
can you send an adapter to my room,misc_request
could i get some extra coat hangers,misc_request
do you have a sewing kit available,misc_request
i need some envelopes and stamps,misc_request
could you bring me a can opener,misc_request
send some hangers up to my room please,misc_request
could you send an umbrella up here,misc_request
do you have any pens at the front desk,misc_request
i need some writing supplies urgently,misc_request
can you bring me a bottle opener please,misc_request
i need a laptop power adapter,misc_request
do you have umbrellas for guests,misc_request
could i get some paper and a pen,misc_request
can you bring a corkscrew to room three oh five,misc_request
i need some stationary right away,misc_request
i need an electrical adapter for my charger,misc_request
can you bring me some notepaper,misc_request
i need a power converter for my devices,misc_request
do you have any hangers available now,misc_request
could you bring some extra hangers to my room,misc_request
i need some envelopes for letters,misc_request
can you send me a bottle opener,misc_request
could you send an umbrella to my room,misc_request
i need some pens and paper supplies,misc_request
can you bring me a hair dryer,misc_request
could i get some extra hangers please,misc_request
do you have umbrellas i can use,misc_request
send up some hangers and a notepad,misc_request
i need supplies for writing a letter,misc_request
could you bring a can opener to my room,misc_request
i need a phone charger with an adapter,misc_request
can you send me some blank stationery,misc_request
the guests in the next room are making way too much noise,noise_complaint
theres loud talking coming from upstairs right now,noise_complaint
can you ask them to keep it down please,noise_complaint
the noise is really bothering me and i cant sleep,noise_complaint
someone is playing music very loudly near my room,noise_complaint
the people above me are stomping around constantly,noise_complaint
i need you to do something about the noise in the corridor,noise_complaint
the neighbors are being extremely loud and disruptive,noise_complaint
theres noise coming from next door and its getting worse,noise_complaint
can someone please tell the guests to be quiet,noise_complaint
the sound from the adjacent room is unbearable,noise_complaint
i am being kept awake by noise from the hallway,noise_complaint
the guests nearby are having a party or something,noise_complaint
theres a lot of banging and crashing coming from above,noise_complaint
the noise level is completely unacceptable right now,noise_complaint
can you send someone to address the noise complaint,noise_complaint
the people in the room beside me wont stop making noise,noise_complaint
theres loud music and talking from the corridor,noise_complaint
the noise started about an hour ago and hasnt stopped,noise_complaint
i paid good money and i should be able to sleep,noise_complaint
the guests upstairs are being incredibly loud,noise_complaint
theres constant noise coming from the room next door,noise_complaint
can you please talk to the other guests about the noise,noise_complaint
the banging sounds are coming from somewhere above me,noise_complaint
the noise in this hallway is preventing me from resting,noise_complaint
theres someone playing music way too loud nearby,noise_complaint
the guests are being disruptive and i need quiet,noise_complaint
the noise from next door is getting on my nerves,noise_complaint
i need the noise to stop immediately please,noise_complaint
the people above are moving furniture around loudly,noise_complaint
theres loud conversation happening right outside my room,noise_complaint
can you ask the neighbors to turn down the volume,noise_complaint
the noise from the corridor woke me up several times,noise_complaint
the guests in the adjacent room are partying loudly,noise_complaint
theres way too much noise coming from upstairs,noise_complaint
the banging and shouting needs to stop right now,noise_complaint
i cannot tolerate this level of noise any longer,noise_complaint
the neighboring room has music playing at full volume,noise_complaint
theres noise from multiple rooms on this floor,noise_complaint
can you please make them be quiet im trying to sleep,noise_complaint
the hallway noise is completely disrupting my stay,noise_complaint
the guests next to me are being way too loud,noise_complaint
theres excessive noise coming from the room above mine,noise_complaint
the noise situation is completely unacceptable here,noise_complaint
can someone deal with the noise in the corridor,noise_complaint
the people in the next room wont keep it down,noise_complaint
theres loud noise and i need it addressed now,noise_complaint
the guests are creating too much disturbance please help,noise_complaint
the noise from nearby rooms is driving me crazy,noise_complaint
can you send house keeping or someone to help,noise_complaint
the banging on the walls needs to stop immediately,noise_complaint
theres continuous noise from the floor above me,noise_complaint
the guests are being disruptive and waking me up,noise_complaint
the music and talking from next door is too loud,noise_complaint
there is loud noise coming from upstairs right now,noise_complaint
the guests in the next room wont stop making noise,noise_complaint
can you please tell the people nearby to keep it down,noise_complaint
the hallway is really loud and i cannot sleep,noise_complaint
someone is playing music way too loud near my room,noise_complaint
the noise from the corridor is disturbing me,noise_complaint
there are loud voices coming from the room beside mine,noise_complaint
can you ask the neighboring guests to be quieter,noise_complaint
the people above me are making a lot of noise,noise_complaint
there is too much noise outside my door,noise_complaint
the loud talking from next door is keeping me awake,noise_complaint
can someone please go tell those guests to be quiet,noise_complaint
the noise level in this hallway is unacceptable,noise_complaint
there is banging coming from the room next to me,noise_complaint
the guests upstairs are very loud and disruptive,noise_complaint
can you help me with this noise problem,noise_complaint
the loud music from nearby is bothering me,noise_complaint
there is excessive noise coming from the corridor,noise_complaint
the people in the adjacent room are too loud,noise_complaint
can you please address the noise situation,noise_complaint
the loud noises from upstairs wont stop,noise_complaint
the guests near me are being very noisy,noise_complaint
there is constant noise coming from neighboring rooms,noise_complaint
can you send someone to tell them to be quiet,noise_complaint
the noise from the hallway is too much,noise_complaint
the people next door are making way too much noise,noise_complaint
the loud sounds from above are really disturbing,noise_complaint
can you ask the staff to handle this noise,noise_complaint
the noise level right now is really high,noise_complaint
the guests nearby are being disruptive and loud,noise_complaint
there is too much noise outside my room door,noise_complaint
can you please help with the noise from neighbors,noise_complaint
the loud activity in the hallway is a problem,noise_complaint
the people upstairs wont stop making noise,noise_complaint
the noise from the room beside mine is excessive,noise_complaint
there is loud music playing somewhere nearby,noise_complaint
can you tell the neighboring guests to quiet down,noise_complaint
the hallway noise is preventing me from sleeping,noise_complaint
the loud voices next door are annoying me,noise_complaint
there is banging and loud noises from upstairs,noise_complaint
the guests in the adjacent rooms are too loud,noise_complaint
can you please send someone to address this noise,noise_complaint
the noise coming from the corridor wont stop,noise_complaint
the people nearby are being way too loud,noise_complaint
there is constant loud noise from the hallway,noise_complaint
can you help me with this noise issue,noise_complaint
the loud guests upstairs are really disruptive,noise_complaint
the noise from the neighboring room is bothering me,noise_complaint
there is too much noise happening right now,noise_complaint
can you ask them to keep the noise down,noise_complaint
the loud activity from next door is excessive,noise_complaint
the people above are making a tremendous amount of noise,noise_complaint
the hallway is incredibly loud tonight,noise_complaint
can you please send staff to tell them to stop,noise_complaint
the noise from the adjacent room is unacceptable,noise_complaint
there is loud commotion coming from nearby,noise_complaint
the guests near my room are being very loud,noise_complaint
can you address the noise from the neighbors,noise_complaint
the neighbors are making so much noise right now,noise_complaint
i cant sleep because of the people upstairs,noise_complaint
theres loud music coming from next door,noise_complaint
can you ask them to turn it down please,noise_complaint
the noise level is really disturbing me,noise_complaint
someone keeps slamming doors in the hallway,noise_complaint
the guests beside me are being way too loud,noise_complaint
i need you to do something about this noise,noise_complaint
the party in the room next to mine wont stop,noise_complaint
theres banging and crashing sounds all night long,noise_complaint
can someone tell those people to keep it down,noise_complaint
the noise from the corridor is absolutely unbearable,noise_complaint
im trying to sleep but its too loud,noise_complaint
the people above me are stomping around,noise_complaint
theres yelling and shouting coming from nearby rooms,noise_complaint
the music from the adjacent room is too loud,noise_complaint
i have been woken up multiple times tonight,noise_complaint
theres constant noise coming from the hallway outside,noise_complaint
someone needs to talk to the loud guests,noise_complaint
the noise is preventing me from getting any rest,noise_complaint
can you ask your staff to enforce quiet hours,noise_complaint
the sounds are coming from the room directly above,noise_complaint
theres a group of people making a lot of commotion,noise_complaint
i really need some peace and quiet right now,noise_complaint
the noise complaint is about the guests next door,noise_complaint
can you turn down whatever is causing that sound,noise_complaint
the people in the neighboring room wont be quiet,noise_complaint
theres excessive noise coming from down the corridor,noise_complaint
someone is playing very loud music near here,noise_complaint
i cannot tolerate this level of noise anymore,noise_complaint
the neighboring guests are disturbing my sleep,noise_complaint
can you please intervene with the noisy guests,noise_complaint
theres a tremendous amount of noise right outside my room,noise_complaint
the sounds coming from upstairs are really bothersome,noise_complaint
i would appreciate it if you could help with this noise,noise_complaint
the commotion in the hallway is keeping me awake,noise_complaint
theres loud talking and laughter from the adjacent room,noise_complaint
someone needs to address the disturbance immediately,noise_complaint
the noise from the corridor continues to be a problem,noise_complaint
can you send someone up to handle this situation,noise_complaint
the people nearby are being incredibly loud and disruptive,noise_complaint
im having trouble sleeping because of the noise,noise_complaint
theres banging on the walls and loud voices,noise_complaint
the music and noise from next door is intolerable,noise_complaint
i need you to take action regarding this noise complaint,noise_complaint
the noise level in this hallway is far too high,noise_complaint
the guests making noise need to be asked to stop,noise_complaint
can you please do something about these loud neighbors,noise_complaint
theres constant disruption coming from the surrounding rooms,noise_complaint
the noise is excessive and i need help now,noise_complaint
someone in a nearby room is being very loud,noise_complaint
the guests in the next room wont stop talking,noise_complaint
theres banging on the wall and i need it to stop,noise_complaint
can you help me the noise is too loud,noise_complaint
someone upstairs is making a terrible noise,noise_complaint
the people next to me are being very loud,noise_complaint
i cant sleep because of the noise from outside my room,noise_complaint
theres loud music coming from somewhere on this floor,noise_complaint
the noise from the corridor is really bothering me,noise_complaint
there is shouting coming from the room beside mine,noise_complaint
the guests above are stomping around loudly,noise_complaint
can someone please tell those people to be quiet,noise_complaint
theres a lot of noise i need this to stop now,noise_complaint
the noise level is unacceptable in this hotel,noise_complaint
someone is being very loud near my room,noise_complaint
i need you to address the noise problem immediately,noise_complaint
theres constant loud noise coming from next door,noise_complaint
can you send someone to deal with this noise,noise_complaint
the noise from the hallway is keeping me awake,noise_complaint
theres music playing very loudly somewhere close by,noise_complaint
the guests nearby need to be quieter please,noise_complaint
i cannot sleep with all this noise going on,noise_complaint
the noise from upstairs is really loud and annoying,noise_complaint
someone please tell those people to quiet down,noise_complaint
theres loud talking and laughing outside my door,noise_complaint
the noise in this corridor is way too much,noise_complaint
can you ask the neighboring guests to lower their voices,noise_complaint
theres banging and crashing coming from the next room,noise_complaint
someone is being extremely loud in the room above,noise_complaint
i need the noise from next door to stop,noise_complaint
theres a lot of loud noise on this floor,noise_complaint
can you please address the noise problem here,noise_complaint
the guests next to me are making way too much noise,noise_complaint
theres shouting and loud music from nearby,noise_complaint
the noise is unbearable and i need help now,noise_complaint
someone upstairs is making a terrible racket,noise_complaint
the people in the adjacent room are very loud,noise_complaint
theres loud noise coming from the corridor constantly,noise_complaint
i need someone to tell those guests to be quiet,noise_complaint
the noise from the neighbors is too much for me,noise_complaint
theres excessive noise coming from the room beside me,noise_complaint
can you help with the noise problem in my area,noise_complaint
the guests above are stomping around very loudly,noise_complaint
someone near my room is playing loud music,noise_complaint
theres banging on the wall at all hours,noise_complaint
the noise from next door wont stop please help,noise_complaint
i cannot rest because of all this noise,noise_complaint
the people nearby are making a lot of noise,noise_complaint
theres constant loud noise disturbing me right now,noise_complaint
can you tell the neighboring guests to be quieter,noise_complaint
the noise level here is really unacceptable,noise_complaint
someone is making loud noises in the corridor,noise_complaint
theres too much noise for me to sleep,noise_complaint
the guests next door need to lower their volume please,noise_complaint
there is too much noise coming from upstairs,noise_complaint
the guests in the next room are being really loud,noise_complaint
can you please tell them to keep it down,noise_complaint
im trying to sleep and theres loud music playing,noise_complaint
the noise from neighboring rooms is unbearable,noise_complaint
someone is stomping around above me constantly,noise_complaint
theres shouting coming from the hallway right now,noise_complaint
the people next door wont stop making noise,noise_complaint
can the staff ask those guests to be quiet,noise_complaint
theres a party happening somewhere on this floor,noise_complaint
the noise level is way too high for this hour,noise_complaint
im getting complaints from the noise near my room,noise_complaint
theres loud talking outside my door in the corridor,noise_complaint
could you send someone to address the noise issue,noise_complaint
the guests upstairs are making an awful lot of noise,noise_complaint
theres banging and crashing sounds coming from above,noise_complaint
can you please make them stop the loud music,noise_complaint
the noise is preventing me from getting any sleep,noise_complaint
someone is being very loud in an adjacent room,noise_complaint
the hallway noise is disrupting my rest right now,noise_complaint
theres excessive noise coming from the room beside mine,noise_complaint
can the staff intervene with the noisy guests please,noise_complaint
im unable to sleep because of all this noise,noise_complaint
the noise from downstairs is way too loud,noise_complaint
can you tell the people next to me to quiet down,noise_complaint
theres continuous loud noise that needs to stop now,noise_complaint
the guests nearby are creating way too much disturbance,noise_complaint
someone playing loud music is keeping me awake,noise_complaint
can you please go ask them to be quieter,noise_complaint
the noise level in this hallway is ridiculous,noise_complaint
theres someone making a lot of commotion upstairs,noise_complaint
im complaining about the excessive noise near my room,noise_complaint
can we get some help with this noise problem,noise_complaint
theres loud party sounds coming from somewhere on the floor,noise_complaint
the noise from next door wont stop at all,noise_complaint
can you send staff to tell them to be quiet,noise_complaint
im being disturbed by constant loud noises from above,noise_complaint
the hallway is way too loud right now,noise_complaint
theres a lot of noise coming from the corridor,noise_complaint
someone needs to tell those guests to keep quiet,noise_complaint
the noise level is making it impossible to sleep,noise_complaint
can the staff do something about the loud neighbors,noise_complaint
theres excessive shouting and noise outside my room,noise_complaint
im unable to rest because of all the noise,noise_complaint
the guests upstairs are being incredibly loud and disruptive,noise_complaint
can you please address the noise complaint i have,noise_complaint
theres way too much commotion happening near my room,noise_complaint
the neighboring room has loud music playing nonstop,noise_complaint
can someone go tell them to turn it down,noise_complaint
the noise from the corridor is very disruptive,noise_complaint
theres loud sounds coming from the room next to mine,noise_complaint
im requesting assistance with the noise problem urgently,noise_complaint
the guests nearby need to be told to be quieter,noise_complaint
theres too much noise and i cant sleep at all,noise_complaint
the guests in the next room are being extremely loud,noise_complaint
i cannot sleep because of the noise,noise_complaint
there is banging coming from upstairs,noise_complaint
can you tell the people nearby to keep it down,noise_complaint
the hallway is too noisy right now,noise_complaint
someone is stomping around above me,noise_complaint
theres loud talking outside my door,noise_complaint
can someone go speak to the noisy guests,noise_complaint
i need the noise to stop immediately,noise_complaint
the people next door are having a party,noise_complaint
theres loud construction noise in the corridor,noise_complaint
the guests above me are making a terrible racket,noise_complaint
can you ask them to be quieter,noise_complaint
the noise level is unacceptable,noise_complaint
someone is playing a loud t v near me,noise_complaint
theres shouting and screaming in the hallway,noise_complaint
the noise from neighboring rooms is disturbing me,noise_complaint
can you please handle this noise situation,noise_complaint
i keep hearing loud footsteps above my room,noise_complaint
the guests nearby are being disruptive,noise_complaint
theres a lot of commotion outside my room,noise_complaint
can you send someone to quiet them down,noise_complaint
the noise from the corridor wont stop,noise_complaint
someone is being very loud and inconsiderate,noise_complaint
theres banging on the walls throughout the night,noise_complaint
the adjacent room guests are too loud,noise_complaint
can you ask for some quiet please,noise_complaint
the noise is preventing me from sleeping,noise_complaint
the guests next door are being rowdy,noise_complaint
theres loud music playing somewhere nearby,noise_complaint
someone is moving furniture in the middle of the night,noise_complaint
the hallway noise is really bothering me,noise_complaint
can you get the noisy guests to be quiet,noise_complaint
the people above are making too much noise,noise_complaint
theres loud talking and laughing outside constantly,noise_complaint
the noise from my neighbors is excessive,noise_complaint
can someone please tell them to stop,noise_complaint
the guests in the next room wont be quiet,noise_complaint
theres constant noise disrupting my stay,noise_complaint
the footsteps from above are very loud,noise_complaint
someone near my room is being inconsiderate,noise_complaint
the noise level here is too high,noise_complaint
the hallway guests are creating a disturbance,noise_complaint
theres loud music coming from somewhere in the hotel,noise_complaint
the adjacent rooms are being extremely noisy,noise_complaint
someone is making noise at an unreasonable hour,noise_complaint
the guests nearby need to be quieter,noise_complaint
theres banging and crashing sounds all night,noise_complaint
can you please address the noise issue,noise_complaint
the noise from the corridor is unbearable,noise_complaint
someone above me is stomping around loudly,noise_complaint
the people next door wont keep it down,noise_complaint
theres too much noise for me to rest,noise_complaint
the people in the next room are making too much noise,noise_complaint
i cant sleep because of the noise in the hallway,noise_complaint
the guests above me are stomping around constantly,noise_complaint
can you please tell the neighboring rooms to be quiet,noise_complaint
the noise level is unacceptable and i need it to stop,noise_complaint
someone is being very loud and its keeping me awake,noise_complaint
the corridor noise is really disturbing my sleep,noise_complaint
can the guests next to me please turn down their music,noise_complaint
theres too much noise coming from the room beside mine,noise_complaint
the people upstairs are being incredibly loud right now,noise_complaint
i keep hearing loud voices outside my door in the hall,noise_complaint
the noise from neighboring guests is getting worse,noise_complaint
can you contact the room next door about the noise,noise_complaint
theres banging and loud noises coming from above,noise_complaint
the corridor outside my room is very noisy tonight,noise_complaint
the guests nearby are playing music way too loud,noise_complaint
i hear a lot of commotion outside in the hallway,noise_complaint
the room next to mine has people shouting loudly,noise_complaint
can someone please ask those guests to be quieter,noise_complaint
theres constant noise that wont stop throughout the night,noise_complaint
the neighboring room has a loud t v on,noise_complaint
the noise from the adjacent room is very disturbing,noise_complaint
people are yelling in the hallway near my room,noise_complaint
the guests above are making a terrible racket,noise_complaint
can you turn down the noise in the corridor,noise_complaint
the room beside me has very loud guests inside,noise_complaint
the people next door keep making loud noises,noise_complaint
i need someone to address the noise complaint immediately,noise_complaint
the noise from upstairs is becoming unbearable now,noise_complaint
can the neighboring guests please lower their volume,noise_complaint
theres a lot of commotion coming from next door,noise_complaint
the loud music from nearby rooms must stop,noise_complaint
the guests in the corridor are being too loud,noise_complaint
i cannot rest because of the excessive noise,noise_complaint
the room above mine has very noisy occupants,noise_complaint
can you send someone to quiet down the neighbors,noise_complaint
theres stomping and loud footsteps above my head,noise_complaint
the noise outside my room needs to stop now,noise_complaint
the neighboring guests are disturbing my sleep badly,noise_complaint
loud voices are coming from the hallway outside,noise_complaint
the room next to me has a loud party,noise_complaint
can someone please control the noise level here,noise_complaint
theres banging on walls coming from next door,noise_complaint
the corridor is too loud for me to sleep,noise_complaint
the guests upstairs wont stop being loud,noise_complaint
the adjacent room has extremely loud occupants,noise_complaint
i hear constant noise from the neighboring rooms,noise_complaint
the hallway noise is really quite excessive,noise_complaint
can you ask the next door guests to be quiet,noise_complaint
theres loud t v coming from somewhere nearby,noise_complaint
the noise from neighbors is really problematic,noise_complaint
the people outside my room are very loud,noise_complaint
the noise situation needs to be handled urgently,noise_complaint
the neighbors are being really loud right now,noise_complaint
i cant sleep because of the noise upstairs,noise_complaint
theres loud music coming from the adjacent room,noise_complaint
can someone please tell the people next door to keep it down,noise_complaint
the hallway noise is too much,noise_complaint
the guests in the room beside mine are making too much noise,noise_complaint
i need someone to address the noise complaint,noise_complaint
theres banging on the walls at this hour,noise_complaint
the noise from down the corridor wont stop,noise_complaint
can you ask them to be quieter please,noise_complaint
theres a party happening in the room next to mine,noise_complaint
the noise level is unacceptable right now,noise_complaint
people are shouting in the hallway outside my room,noise_complaint
can you send someone to deal with the noise,noise_complaint
theres loud talking and laughter from nearby rooms,noise_complaint
the noise from the room beside me is excessive,noise_complaint
someone needs to tell those guests to be quiet,noise_complaint
i havent slept because of all this noise,noise_complaint
the corridor is way too loud tonight,noise_complaint
can you please make them keep the noise down,noise_complaint
theres loud bass music coming from somewhere close by,noise_complaint
the noise from upstairs is really disturbing me,noise_complaint
people keep slamming doors in the hallway,noise_complaint
theres continuous noise thats keeping me awake,noise_complaint
can you ask the neighboring guests to lower their volume,noise_complaint
the noise is making it impossible to rest,noise_complaint
theres loud television or music from the next room,noise_complaint
someone is being very loud at this late hour,noise_complaint
the hallway noise started around midnight,noise_complaint
can you help with this noise problem,noise_complaint
theres excessive noise coming from the room above,noise_complaint
people are being disruptive near my room,noise_complaint
the noise wont stop and i need to sleep,noise_complaint
theres loud conversation and laughter outside my door,noise_complaint
can someone address the noise from my neighbors,noise_complaint
the guests nearby are way too loud,noise_complaint
theres banging and stomping from the floor above,noise_complaint
the noise from the adjacent rooms is unbearable,noise_complaint
can you please quiet down the noisy guests,noise_complaint
theres loud activity happening right now nearby,noise_complaint
the noise level here is disturbing my rest,noise_complaint
people are making too much noise in the hall,noise_complaint
theres music playing loudly from a nearby room,noise_complaint
can you send house keeping or management,noise_complaint
the noise from next door wont let me sleep,noise_complaint
someone is being very loud and disruptive,noise_complaint
theres continuous loud noise from the corridor,noise_complaint
can you help me with these noisy neighbors,noise_complaint
the room beside me has really loud guests,noise_complaint
theres excessive noise at this time of night,noise_complaint
the hallway outside my room is too loud,noise_complaint
i need the noise from upstairs to stop,noise_complaint
theres loud noise that needs to be addressed,noise_complaint
can you please ask for quiet from nearby rooms,noise_complaint
can i get an extra pillow please,pillow_request
i need a softer pillow,pillow_request
send two more pillows to my room,pillow_request
could you replace the pillow with a firmer one,pillow_request
i would like one more pillow for the bed,pillow_request
do you have any pillows that are less fluffy,pillow_request
can you bring me a pillow with memory foam,pillow_request
i need a harder pillow for my neck,pillow_request
could i get a different pillow than this one,pillow_request
send up an extra pillow to room four twenty three,pillow_request
the pillow is too soft can i swap it,pillow_request
i would like a pillow that is more supportive,pillow_request
can you replace my pillow with a firmer option,pillow_request
do you have any hypoallergenic pillows available,pillow_request
i need two extra pillows for tonight,pillow_request
could you bring some additional pillows to my room,pillow_request
the pillow im using is uncomfortable can you change it,pillow_request
send me a pillow thats not so puffy,pillow_request
i would like a cooler pillow for sleeping,pillow_request
can i get a pillow with better support,pillow_request
do you have down pillows or synthetic ones,pillow_request
i need a pillow thats not so thick,pillow_request
could you bring me a pillow for my back,pillow_request
send an extra pillow up right away please,pillow_request
the pillow here is too hard can i get a softer one,pillow_request
i would like one more pillow for the couch,pillow_request
can you replace this pillow with something better,pillow_request
do you have any pillows with cooling gel,pillow_request
i need a pillow thats flatter and firmer,pillow_request
could you send up two additional pillows please,pillow_request
the pillow is giving me neck pain can you change it,pillow_request
i would like a pillow thats more supportive,pillow_request
can i get a pillow without feathers,pillow_request
send me a pillow thats less stuffed,pillow_request
i need a pillow for side sleeping,pillow_request
could you bring a different pillow to my room,pillow_request
the pillow here doesnt work for me,pillow_request
i would like an extra pillow with better neck support,pillow_request
can you swap my pillow for a firmer one,pillow_request
do you have any latex pillows available,pillow_request
i need pillows that are hypoallergenic please,pillow_request
could you send up one more pillow tonight,pillow_request
the pillow is too lumpy can i exchange it,pillow_request
i would like a pillow thats more comfortable,pillow_request
can i get a pillow without down filling,pillow_request
send me a pillow that is more firm,pillow_request
i need a pillow for extra comfort while reading,pillow_request
could you bring me a pillow thats cooler,pillow_request
the pillow here is making my allergies worse,pillow_request
i would like a pillow with better loft,pillow_request
can you replace this pillow with a quality one,pillow_request
do you have any pillows thats orthopedic,pillow_request
i need an additional pillow for my bed,pillow_request
could you send up a softer pillow instead,pillow_request
the pillow provided is uncomfortable for me,pillow_request
i would like one more pillow for tonight,pillow_request
can i get a pillow thats more supportive and firm,pillow_request
my pillow is too flat can you bring another,pillow_request
i need a pillow that is less firm,pillow_request
can you send up a down pillow,pillow_request
do you have memory foam pillows,pillow_request
id like two additional pillows for tonight,pillow_request
the pillow in my room is uncomfortable,pillow_request
can i get a pillow with a different filling,pillow_request
send a fluffier pillow to my room please,pillow_request
i need pillows that are more supportive,pillow_request
could you bring me some extra pillows,pillow_request
my pillow is too hard can i swap it,pillow_request
do you have any cooler pillows available,pillow_request
i would like a pillow swap please,pillow_request
can you send up a hypoallergenic pillow,pillow_request
i need at least two more pillows,pillow_request
the pillow feels a bit lumpy can you replace it,pillow_request
do you have firmer pillows i can use,pillow_request
can i get a pillow that is softer,pillow_request
send me an extra pillow right away,pillow_request
i would like a different type of pillow,pillow_request
can you bring me a cooling gel pillow,pillow_request
my pillow is making my neck hurt,pillow_request
do you have body pillows available,pillow_request
i need a pillow thats less stuffed,pillow_request
can i request additional pillows for my room,pillow_request
the pillow is too hot when i sleep on it,pillow_request
send up the firmest pillow you have,pillow_request
can you provide me with an extra pillow,pillow_request
i would like to exchange my pillow please,pillow_request
do you have any silk pillowcases available,pillow_request
my pillow needs to be replaced,pillow_request
can i get a thinner pillow instead,pillow_request
send two extra pillows to room twelve,pillow_request
i need pillows that provide better neck support,pillow_request
can you bring me a pillow right now,pillow_request
do you have any specialty pillows in stock,pillow_request
the pillow here is uncomfortable for me,pillow_request
i would like one additional pillow please,pillow_request
can you send a hypoallergenic pillow up,pillow_request
my pillow is too soft can i get a firmer one,pillow_request
do you have any orthopedic pillows available,pillow_request
can i request a pillow exchange,pillow_request
send me an extra pillow for the couch,pillow_request
i need a pillow that is less fluffy,pillow_request
can you bring me pillows with memory foam,pillow_request
the pillow is not supporting my head properly,pillow_request
i would like three extra pillows total,pillow_request
do you have any cooling pillows in your inventory,pillow_request
can i get a pillow that is more supportive,pillow_request
send an additional pillow to my room,pillow_request
my pillow feels too warm at night,pillow_request
can you bring me a pillow thats not so soft,pillow_request
could i get a couple of extra pillows,pillow_request
can you send up another pillow right away,pillow_request
i would like a pillow with better support,pillow_request
do you have any memory foam pillows available,pillow_request
send me a different pillow please,pillow_request
can i swap this pillow for a firmer one,pillow_request
i need two additional pillows in my room,pillow_request
could you please bring an extra pillow,pillow_request
the pillow is too flat i need a new one,pillow_request
can you get me a pillow thats more supportive,pillow_request
id like to exchange this pillow for another,pillow_request
send three pillows to my room immediately,pillow_request
can i get a pillow thats less puffy,pillow_request
i need a pillow with more filling,pillow_request
could you replace both pillows with firmer ones,pillow_request
send one more pillow up to my room,pillow_request
the pillow im using is uncomfortable,pillow_request
can you bring me a different type of pillow,pillow_request
i would like pillows that are more supportive,pillow_request
could i have an extra pillow please,pillow_request
send me a pillow thats not as soft,pillow_request
can i get pillows that are firmer,pillow_request
i need a pillow thats better for side sleeping,pillow_request
do you have any down pillows available,pillow_request
can you bring up another pillow for my bed,pillow_request
id like a pillow thats less lumpy,pillow_request
send two additional pillows to room three oh five,pillow_request
could you please exchange this pillow,pillow_request
i need a better quality pillow,pillow_request
can i get a pillow thats more firm,pillow_request
the pillow needs to be replaced,pillow_request
send up a pillow thats more supportive,pillow_request
could you bring me an extra pillow right now,pillow_request
i would like pillows with better neck support,pillow_request
can you get me some different pillows,pillow_request
id like one more pillow on my bed,pillow_request
send me a pillow thats fluffier,pillow_request
can i swap pillows with a firmer option,pillow_request
i need pillows that are less flat,pillow_request
could you bring another pillow to my room,pillow_request
send three pillows up immediately,pillow_request
the pillow is too hard can i get a softer one,pillow_request
can you get me a pillow thats better,pillow_request
i would like to request additional pillows,pillow_request
could i get pillows with more support,pillow_request
send me some extra pillows please,pillow_request
can i have a pillow thats more comfortable,pillow_request
i need a different pillow for sleeping,pillow_request
the pillow is too hard can you bring a softer one,pillow_request
i need pillows that are not down filled,pillow_request
can you send up three extra pillows,pillow_request
the pillow is too flat i need a fluffier one,pillow_request
could you please bring me a memory foam pillow,pillow_request
i would like two additional pillows for my room,pillow_request
do you have any pillows without feathers,pillow_request
can you replace my pillow with a different one,pillow_request
send me some extra pillows right away,pillow_request
i need a pillow that is more supportive,pillow_request
could you bring a couple more pillows to my room,pillow_request
the pillow is uncomfortable can you swap it out,pillow_request
i would like pillows with a higher loft,pillow_request
can you send up a firmer pillow please,pillow_request
do you have any cooling gel pillows,pillow_request
i need more pillows for my bed,pillow_request
could you please exchange this pillow for a softer option,pillow_request
send additional pillows to room two fourteen,pillow_request
the pillow is lumpy can you replace it,pillow_request
i would like one more pillow if possible,pillow_request
can you bring me a hypoallergenic pillow,pillow_request
could you send up some extra pillows,pillow_request
the pillow is too soft i need a firmer one,pillow_request
can you provide pillows with cooling properties,pillow_request
i would like two more pillows for tonight,pillow_request
do you have any body pillows available,pillow_request
could you replace the pillow in my room,pillow_request
send me an extra pillow as soon as possible,pillow_request
i need a pillow that is more comfortable,pillow_request
can you bring up another pillow please,pillow_request
the pillow needs to be fluffier,pillow_request
i would like pillows that are hypoallergenic,pillow_request
could you send some additional pillows to my suite,pillow_request
do you have pillows for people with allergies,pillow_request
can you swap out my pillow for a different one,pillow_request
i need more pillows on the bed,pillow_request
send two extra pillows right now,pillow_request
the pillow is not comfortable enough,pillow_request
could you please bring me another pillow,pillow_request
i would like a pillow with better neck support,pillow_request
can you provide a firmer pillow option,pillow_request
do you have any organic cotton pillows,pillow_request
i need to exchange this pillow for a better one,pillow_request
could you send up pillows with a higher thread count,pillow_request
the pillow is making my neck hurt,pillow_request
i would like additional pillows delivered to my room,pillow_request
can you bring a replacement pillow please,pillow_request
send me some pillows that are less fluffy,pillow_request
i need a pillow that is more supportive for my neck,pillow_request
can you send up three pillows to my room,pillow_request
could i get a hypoallergenic pillow instead,pillow_request
can you replace this pillow with a fluffier one,pillow_request
i need an extra pillow for my guest,pillow_request
send me a pillow that is not so hard,pillow_request
could you bring me two soft pillows please,pillow_request
can i get a different pillow right now,pillow_request
do you have any pillow alternatives available,pillow_request
my pillow is uncomfortable can you change it,pillow_request
i need a pillow that is cooler,pillow_request
can you bring me a firmer pillow please,pillow_request
i would like to exchange this pillow,pillow_request
do you have silk pillowcases available,pillow_request
send a pillow to my room immediately,pillow_request
could i get a pillow with cooling gel,pillow_request
i need pillows for my family,pillow_request
can you bring hypoallergenic pillows,pillow_request
i would like my pillow replaced with a softer one,pillow_request
do you have body pillows in the hotel,pillow_request
could you send up two more pillows,pillow_request
my pillow is too soft i need a firmer one,pillow_request
can i get an orthopedic pillow,pillow_request
i need a pillow for my neck pain,pillow_request
could you bring extra pillows to my room,pillow_request
do you have any luxury pillows available,pillow_request
send me pillows that are not down filled,pillow_request
i would like a pillow adjustment,pillow_request
can you replace my pillow with a better quality one,pillow_request
i need pillows that do not cause allergies,pillow_request
could you send up some fluffy pillows,pillow_request
my pillow feels lumpy can you bring another,pillow_request
do you have cooling pillows in stock,pillow_request
can i get additional pillows right away,pillow_request
i would like pillows with natural fill,pillow_request
could you bring me a pillow that is less flat,pillow_request
i need a pillow with more support for my head,pillow_request
send up two pillows immediately please,pillow_request
can you exchange my pillow for a different one,pillow_request
i would like to request a softer pillow option,pillow_request
do you have any specialty pillows available,pillow_request
could you send pillows with different firmness levels,pillow_request
i need an extra pillow for my lower back,pillow_request
can you bring me pillows right now,pillow_request
my pillow is too flat,pillow_request
can you bring me a harder pillow,pillow_request
i need pillows that are less fluffy,pillow_request
could i get a memory foam pillow instead,pillow_request
send up an extra pillow right away,pillow_request
the pillow is uncomfortable can you change it,pillow_request
id like two additional pillows for my room,pillow_request
do you have hypoallergenic pillows,pillow_request
can i get a pillow that is less soft,pillow_request
i need a pillow with more support,pillow_request
could you please bring another pillow to my room,pillow_request
send some extra pillows up to room two forty five,pillow_request
i would prefer a different pillow,pillow_request
can you replace this pillow with a firmer option,pillow_request
i need pillows for the extra bed,pillow_request
could i have one more pillow please,pillow_request
the pillow is too firm for me,pillow_request
can you bring me a softer alternative,pillow_request
i would like pillows that arent as thick,pillow_request
send up two pillows immediately,pillow_request
could you change my pillow to a fluffier one,pillow_request
i need a pillow with better neck support,pillow_request
can i get some extra pillows for guests,pillow_request
the pillow here is just not right,pillow_request
id like to request additional pillows,pillow_request
could you send up a hypoallergenic pillow,pillow_request
can you bring me pillows with cooling gel,pillow_request
i need thinner pillows please,pillow_request
could i get pillows that are more supportive,pillow_request
send me a different type of pillow,pillow_request
the pillow is too hot can you help,pillow_request
i would like one extra pillow for sleeping,pillow_request
can you provide a pillow without feathers,pillow_request
id like to swap out my pillow,pillow_request
i need a pillow that is less lumpy,pillow_request
send up some better quality pillows,pillow_request
can i get a pillow thats more comfortable,pillow_request
the pillow is bothering my allergies,pillow_request
could you please replace this pillow,pillow_request
can you bring me an additional pillow right now,pillow_request
i need pillows that are less compressed,pillow_request
send two firm pillows to my room,pillow_request
could i have a different pillow option,pillow_request
my pillow is too warm at night,pillow_request
can you get me a pillow with more loft,pillow_request
i would prefer extra pillows in my room,pillow_request
could you replace my pillow with a cooler one,pillow_request
send up an extra pillow for my partner,pillow_request
id like a pillow that is more supportive,pillow_request
can you bring me another pillow,pillow_request
i need pillows that are a bit harder,pillow_request
could you send up a couple extra pillows,pillow_request
the pillow is too soft can i get a different one,pillow_request
id prefer a memory foam pillow instead,pillow_request
i would like two additional pillows in my room,pillow_request
do you have hypoallergenic pillows available,pillow_request
send me a pillow with better neck support,pillow_request
can i get a pillow that is not so thick,pillow_request
id like my pillow exchanged for a firmer option,pillow_request
could you bring some extra pillows to my room,pillow_request
the pillow needs to be replaced with a softer one,pillow_request
can you send up a pillow that is less firm,pillow_request
i need a pillow for my back,pillow_request
could i get an additional pillow delivered to my room,pillow_request
send a couple pillows up to my room please,pillow_request
id like to request a different type of pillow,pillow_request
can the pillow be replaced with something softer,pillow_request
could you bring me a pillow that is firmer,pillow_request
the pillow is too lumpy can i get a new one,pillow_request
send two pillows to my room right away,pillow_request
id like a pillow that supports my head better,pillow_request
can you deliver an extra pillow to me,pillow_request
i need a pillow that is not so puffy,pillow_request
could you swap my pillow for a thinner one,pillow_request
would you be able to send more pillows,pillow_request
id prefer a pillow with better support,pillow_request
can i get a down filled pillow instead,pillow_request
send up one more pillow please,pillow_request
the pillow is uncomfortable can i get another,pillow_request
id like to exchange this pillow for a firmer pillow,pillow_request
could you bring a pillow with neck support,pillow_request
can you send me a couple extra pillows,pillow_request
i would like additional pillows for my bed,pillow_request
do you have any pillows that are hypoallergenic,pillow_request
id like a pillow that is less compacted,pillow_request
can you replace the pillow with a better quality one,pillow_request
send me pillows that are more supportive,pillow_request
i need a pillow that is not as firm,pillow_request
could you bring some alternative pillows to try,pillow_request
id like to get a different pillow for sleeping,pillow_request
can you send up an extra pillow right now,pillow_request
i would like a pillow exchange please,pillow_request
the pillow needs replacing with something different,pillow_request
could you deliver more pillows to my room,pillow_request
id prefer a pillow that is not so thick,pillow_request
can i request additional pillows for the bed,pillow_request
i need a pillow thats more supportive,pillow_request
can you send up an additional pillow,pillow_request
i would like a hypoallergenic pillow please,pillow_request
could i get a memory foam pillow,pillow_request
do you have any firmer pillows,pillow_request
can you bring me two extra pillows,pillow_request
i need pillows that are less soft,pillow_request
send a pillow to my room right away,pillow_request
could you replace my pillow with a different one,pillow_request
can i swap my pillow for a firmer option,pillow_request
i need one more pillow for my bed,pillow_request
the pillow is too firm can you replace it,pillow_request
i would appreciate a different type of pillow,pillow_request
can you bring me a softer pillow,pillow_request
do you have pillows without feathers,pillow_request
i need a pillow thats not so lumpy,pillow_request
can you send two pillows to room two oh three,pillow_request
could i get a pillow with better support,pillow_request
i would like an extra pillow for my guest,pillow_request
can you bring a hypoallergenic pillow to my room,pillow_request
i need a pillow that is less stuffed,pillow_request
could you replace this pillow with a better one,pillow_request
can i get a pillow upgrade,pillow_request
send an extra pillow up to my room,pillow_request
the pillow is too thin for my liking,pillow_request
i would like a down alternative pillow,pillow_request
can you bring me pillows that are firmer,pillow_request
do you have any cool pillow options,pillow_request
i need a pillow with more loft,pillow_request
could you send a pillow to my room immediately,pillow_request
i would like two more pillows please,pillow_request
can you provide a pillow thats more comfortable,pillow_request
i need a pillow that supports my head better,pillow_request
could i get a different pillow from housekeeping,pillow_request
can you bring up an extra firm pillow,pillow_request
i would appreciate another pillow for sleeping,pillow_request
do you have softer pillows than the one i have,pillow_request
i need to exchange my pillow for another,pillow_request
can you send multiple pillows to my room,pillow_request
the pillow is giving me neck pain please replace it,pillow_request
i would like a pillow without any allergenic materials,pillow_request
could you bring me a better quality pillow,pillow_request
can someone come clean my room please,room_cleaning
i need my room cleaned right away,room_cleaning
send house keeping up here now,room_cleaning
the bathroom is dirty please clean it,room_cleaning
can you send someone to tidy up,room_cleaning
my room needs a good cleaning,room_cleaning
i would like the floors vacuumed today,room_cleaning
please send house keeping to room two twenty,room_cleaning
the toilet needs cleaning urgently,room_cleaning
can house keeping come to my room,room_cleaning
i need fresh towels and the room cleaned,room_cleaning
send someone to clean the bathroom please,room_cleaning
the carpet has some stains that need attention,room_cleaning
can you tidy up my room,room_cleaning
i would appreciate a room clean today,room_cleaning
the shower needs scrubbing can you send someone,room_cleaning
please come clean my room as soon as possible,room_cleaning
house keeping i need you in my room,room_cleaning
the room is quite messy can someone help,room_cleaning
send a cleaner to my room right now,room_cleaning
can someone clean the windows in here,room_cleaning
i need the room serviced please,room_cleaning
the bed sheets need changing today,room_cleaning
can you send house keeping up,room_cleaning
please clean the bathroom tiles,room_cleaning
my room could use a good clean,room_cleaning
someone needs to vacuum in here,room_cleaning
can house keeping do a full clean of my room,room_cleaning
the trash needs to be emptied,room_cleaning
send someone to dust and vacuum,room_cleaning
i would like my room cleaned today please,room_cleaning
the mirrors are dirty can someone clean them,room_cleaning
please send a maid to my room,room_cleaning
can you do a deep clean today,room_cleaning
the floor is sticky please send house keeping,room_cleaning
i need the room cleaned before dinner,room_cleaning
can someone come and tidy this mess,room_cleaning
send house keeping immediately please,room_cleaning
my bathroom is filthy please clean it,room_cleaning
the room needs attention as soon as possible,room_cleaning
can you have someone clean my room,room_cleaning
i would like house keeping sent to my room,room_cleaning
the curtains need dusting please,room_cleaning
send a cleaner up to room three oh five,room_cleaning
can someone come mop the floor,room_cleaning
please clean the room thoroughly,room_cleaning
the walls have marks that need cleaning,room_cleaning
i need my room tidied up today,room_cleaning
can house keeping come right away,room_cleaning
the room is quite untidy can you help,room_cleaning
send someone to do the cleaning,room_cleaning
can you have the bathroom cleaned please,room_cleaning
i would appreciate it if someone cleaned my room,room_cleaning
the air is stuffy and the room needs cleaning,room_cleaning
please send a cleaner to my suite,room_cleaning
can you clean up in here for me,room_cleaning
can someone come clean my room,room_cleaning
the bathroom is really dirty can you send house keeping,room_cleaning
id like the room cleaned please,room_cleaning
house keeping to room two one seven,room_cleaning
send someone to clean the bathroom,room_cleaning
can you service my room today,room_cleaning
the toilet needs cleaning,room_cleaning
i need fresh towels and the room vacuumed,room_cleaning
could you please send house keeping to my room,room_cleaning
the carpets need vacuuming,room_cleaning
someone needs to come tidy up my room,room_cleaning
can house keeping come now,room_cleaning
the room is messy please send someone,room_cleaning
i would like the bathroom scrubbed,room_cleaning
can you clean the room this afternoon,room_cleaning
the shower needs cleaning,room_cleaning
please send a cleaner to my room,room_cleaning
the floor is dirty,room_cleaning
i need my room cleaned before dinner,room_cleaning
house keeping please,room_cleaning
can someone come and tidy the bathroom,room_cleaning
the beds need changing,room_cleaning
id like fresh sheets on the beds,room_cleaning
can you send someone to mop the floor,room_cleaning
the room needs a deep clean,room_cleaning
please clean my room as soon as possible,room_cleaning
can you vacuum the carpet in here,room_cleaning
the bathroom is filthy can someone help,room_cleaning
i need the room serviced urgently,room_cleaning
can you send house keeping right away,room_cleaning
the windows need cleaning,room_cleaning
please tidy up the room,room_cleaning
someone come clean the bathroom now,room_cleaning
can i get the room cleaned,room_cleaning
the dust is everywhere,room_cleaning
i would appreciate a room cleaning,room_cleaning
can house keeping come to room three oh five,room_cleaning
the trash needs emptying,room_cleaning
please send cleaners to my room,room_cleaning
the mirrors need wiping down,room_cleaning
can you clean around the bed area,room_cleaning
i need clean towels and floor cleaning,room_cleaning
the room could use a cleaning,room_cleaning
can someone vacuum and dust my room,room_cleaning
the room smells musty can you help,room_cleaning
can you come clean up in here,room_cleaning
the sheets are dirty i need new ones,room_cleaning
i would like the room tidied,room_cleaning
the bathroom floor is wet can you clean it,room_cleaning
can you send someone with cleaning supplies,room_cleaning
please make my room neat and tidy,room_cleaning
i need the room cleaned before checkout,room_cleaning
the furniture needs dusting,room_cleaning
can house keeping clean my bathroom,room_cleaning
the room is untidy please help,room_cleaning
id appreciate if someone could clean the room,room_cleaning
can you clean the kitchen area,room_cleaning
the shower curtain needs washing,room_cleaning
the bathroom is really dirty can you help,room_cleaning
send house keeping up right away,room_cleaning
i need my room cleaned today,room_cleaning
please come and clean the bathroom,room_cleaning
the sheets need changing,room_cleaning
can i get a room cleaning service,room_cleaning
someone needs to clean in here,room_cleaning
the floor is quite messy send someone,room_cleaning
would you be able to send house keeping,room_cleaning
i would like the room serviced,room_cleaning
the bathroom is in a bad state,room_cleaning
please send cleaning staff to my room,room_cleaning
the bed needs fresh linens,room_cleaning
i need cleaning supplies brought up,room_cleaning
the room is quite untidy,room_cleaning
can someone come and tidy this up,room_cleaning
the carpet looks like it needs vacuuming,room_cleaning
can you service my room this afternoon,room_cleaning
someone should come and clean this bathroom,room_cleaning
the trash needs taking out,room_cleaning
can you send cleaning staff up,room_cleaning
would it be possible to get house keeping,room_cleaning
the room needs a proper clean,room_cleaning
can someone vacuum the floor for me,room_cleaning
the bathroom sink is dirty,room_cleaning
please can house keeping come now,room_cleaning
i need my room cleaned this evening,room_cleaning
can you have someone come clean up,room_cleaning
the windows could use a clean,room_cleaning
send house keeping to my room as soon as possible,room_cleaning
can someone come and do the cleaning,room_cleaning
the shower area needs attention,room_cleaning
i would like house keeping to come,room_cleaning
the room is quite messy right now,room_cleaning
can you clean the bathroom for me,room_cleaning
someone needs to come tidy the room,room_cleaning
the floor could use a sweep,room_cleaning
would you send house keeping please,room_cleaning
can you come clean my room soon,room_cleaning
the bed sheets are dirty,room_cleaning
can house keeping come up now,room_cleaning
the room needs to be serviced today,room_cleaning
the bathroom mirror is smudged,room_cleaning
can someone come do a room clean,room_cleaning
i would appreciate house keeping soon,room_cleaning
the carpet needs a vacuum,room_cleaning
i need house keeping sent to my room,room_cleaning
please send someone to clean up my room,room_cleaning
my room needs a good cleaning today,room_cleaning
the floor is quite messy,room_cleaning
i would like the room cleaned,room_cleaning
send house keeping to room two one five,room_cleaning
the bathroom needs a deep clean,room_cleaning
can you have someone tidy my room,room_cleaning
housekeeping to my room when you get a chance,room_cleaning
can you send cleaning staff to my room,room_cleaning
i need my room serviced,room_cleaning
the bathroom is filthy please send someone,room_cleaning
can someone come do a quick clean,room_cleaning
i would appreciate house keeping in my room,room_cleaning
the shower area needs cleaning please,room_cleaning
can you get someone to clean in here,room_cleaning
my room is quite untidy can you help,room_cleaning
please send house keeping up right away,room_cleaning
the bed needs changing and the floor needs sweeping,room_cleaning
can someone come and tidy up,room_cleaning
i need the room cleaned before tonight,room_cleaning
the mirrors and windows need cleaning,room_cleaning
can you send a cleaner to my room,room_cleaning
house keeping please come to my room,room_cleaning
the bathroom towels need replacing and the floor cleaned,room_cleaning
i would like someone to come clean,room_cleaning
the trash needs taking out and the floor swept,room_cleaning
can someone clean the bathroom for me,room_cleaning
please have house keeping come to my room soon,room_cleaning
the room is getting quite dusty,room_cleaning
i need help cleaning my room today,room_cleaning
can you send someone up to clean,room_cleaning
the shower is dirty can you send house keeping,room_cleaning
the floor has some spills that need cleaning,room_cleaning
can house keeping come when they have time,room_cleaning
please clean my room thoroughly,room_cleaning
the bathroom fixtures need scrubbing,room_cleaning
i need my room freshened up,room_cleaning
can someone come do the cleaning,room_cleaning
the bedding needs changing please send house keeping,room_cleaning
the windows are quite dirty,room_cleaning
i would like the room vacuumed,room_cleaning
can you send cleaning to my room right now,room_cleaning
please have someone come clean my bathroom,room_cleaning
i need a cleaner in my room soon,room_cleaning
can someone come sweep and mop,room_cleaning
the room smells like it needs airing out,room_cleaning
i would like house keeping sent up,room_cleaning
the bathroom mirror is very smudged,room_cleaning
can you get someone to tidy my room,room_cleaning
please send house keeping to clean everything,room_cleaning
i need house keeping right away,room_cleaning
the bathroom is really dirty please help,room_cleaning
can you send cleaning staff to room two twenty,room_cleaning
my room needs a deep clean today,room_cleaning
please send someone to tidy up my room,room_cleaning
the toilet is not clean can you fix it,room_cleaning
i would like my room cleaned now,room_cleaning
can house keeping come to my room please,room_cleaning
the shower needs cleaning urgently,room_cleaning
can you send cleaning supplies to my room,room_cleaning
my room is messy i need help,room_cleaning
please come clean the bathroom for me,room_cleaning
can someone mop the floors in my room,room_cleaning
i need fresh towels and room cleaning,room_cleaning
the bedroom needs vacuuming please send someone,room_cleaning
can you clean my room while i am out,room_cleaning
bathroom cleaning needed as soon as possible,room_cleaning
please send house keeping to clean my room,room_cleaning
the floors are dirty can you help,room_cleaning
i would like the room serviced today please,room_cleaning
can someone come clean the mirrors and windows,room_cleaning
the carpet needs vacuuming urgently,room_cleaning
please clean my room before dinner time,room_cleaning
can you send cleaning staff to tidy my room,room_cleaning
the bathroom sink needs cleaning,room_cleaning
i need my room cleaned and tidied,room_cleaning
please send someone to clean the bed area,room_cleaning
the trash needs emptying and room cleaned,room_cleaning
can you do a full room clean today,room_cleaning
i would like extra cleaning for my room,room_cleaning
please clean the windows in my room,room_cleaning
the room smells bad can you clean it,room_cleaning
can someone clean my room this afternoon,room_cleaning
i need the bathroom scrubbed clean please,room_cleaning
the floors need sweeping and mopping urgently,room_cleaning
can you clean my room before i return,room_cleaning
please send house keeping immediately,room_cleaning
the bathroom tiles need scrubbing,room_cleaning
can someone tidy my room right now,room_cleaning
i would like a deep clean of my bathroom,room_cleaning
can you send cleaning staff to my room now,room_cleaning
the bedroom is dusty please clean it,room_cleaning
please vacuum and dust my room today,room_cleaning
can house keeping clean my room this hour,room_cleaning
i need someone to clean my room asap,room_cleaning
the shower area needs a proper clean,room_cleaning
can you clean my bathroom thoroughly please,room_cleaning
please send someone to clean my room today,room_cleaning
the room needs cleaning before my guests arrive,room_cleaning
can you do an urgent clean of my bathroom,room_cleaning
i would like my room cleaned immediately please,room_cleaning
the floors and surfaces need cleaning,room_cleaning
can someone come clean my room right away,room_cleaning
please send house keeping for a full clean,room_cleaning
i need house keeping up here right away,room_cleaning
the bathroom is dirty can you send someone,room_cleaning
please send a housekeeper to room four two one,room_cleaning
my room needs a thorough cleaning today,room_cleaning
can you dispatch house keeping to my suite,room_cleaning
the floors are really dirty and need mopping,room_cleaning
i would like some cleaning supplies sent to my room,room_cleaning
please have someone come tidy up my room,room_cleaning
the bathroom is disgusting we need it cleaned immediately,room_cleaning
can i get some help cleaning in here,room_cleaning
my room is messy can someone come help,room_cleaning
the bed sheets need changing please send house keeping,room_cleaning
i need the room vacuumed and dusted today,room_cleaning
can you have someone come clean the bathroom,room_cleaning
please send house keeping to tidy my room,room_cleaning
i would like my bathroom cleaned right now,room_cleaning
can someone come do a quick room clean,room_cleaning
house keeping please come to my room soon,room_cleaning
the shower needs cleaning badly,room_cleaning
please send supplies and someone to clean my room,room_cleaning
i need my room serviced as soon as possible,room_cleaning
can you send a housekeeper up to clean,room_cleaning
my bathroom is a mess can you help,room_cleaning
the room needs dusting and vacuuming today,room_cleaning
please come clean my room when you have time,room_cleaning
can i get house keeping sent to my room,room_cleaning
i would appreciate a room cleaning service now,room_cleaning
the trash needs emptying and the room needs tidying,room_cleaning
send someone to clean up my bathroom please,room_cleaning
can you have cleaning staff come to my room,room_cleaning
my room needs a deep clean please,room_cleaning
i need towels and the bathroom cleaned,room_cleaning
please send a housekeeper to do a quick tidy,room_cleaning
the floor is sticky can you send someone,room_cleaning
can someone come clean and tidy my room,room_cleaning
i would like the room vacuumed and dusted,room_cleaning
please dispatch a house keeper to my room,room_cleaning
the bathroom mirror and sink need cleaning,room_cleaning
can you send house keeping for a full clean,room_cleaning
my room needs some attention from house keeping,room_cleaning
please have someone come polish the bathroom,room_cleaning
i need my sheets changed and room vacuumed,room_cleaning
can a housekeeper come do a quick clean up,room_cleaning
the room is messy and needs professional cleaning,room_cleaning
send house keeping to clean my room please,room_cleaning
can you have someone come straighten up in here,room_cleaning
i would like cleaning service in my room now,room_cleaning
the bathroom tiles need scrubbing please help,room_cleaning
can someone come do a full room cleaning,room_cleaning
please send a housekeeper to my room today,room_cleaning
my room needs tidying and the bathroom cleaned,room_cleaning
i need house keeping to come right away,room_cleaning
can you send someone to vacuum my room,room_cleaning
the bathroom is not clean can you fix it,room_cleaning
i need house keeping sent to my room right away,room_cleaning
please send someone to tidy up,room_cleaning
the floor is messy i need it cleaned,room_cleaning
send cleaning staff to room two oh five,room_cleaning
i would like the room cleaned today,room_cleaning
can you send someone to mop the floors,room_cleaning
could you please send cleaning to my room,room_cleaning
i would appreciate a room cleaning service,room_cleaning
send house keeping up to my room,room_cleaning
the shower area needs cleaning badly,room_cleaning
can you tidy my room this afternoon,room_cleaning
my bathroom is very dirty please help,room_cleaning
i need the room serviced as soon as possible,room_cleaning
can house keeping come clean my bathroom,room_cleaning
the room needs a thorough cleaning,room_cleaning
please send someone to clean up,room_cleaning
my floors need mopping right away,room_cleaning
the bathroom is filthy please send help,room_cleaning
can someone vacuum the carpet in my room,room_cleaning
my room needs cleaning before dinner,room_cleaning
the bathroom fixtures need cleaning,room_cleaning
can you clean my room within the hour,room_cleaning
i need my room tidied up,room_cleaning
my room is messy can you help,room_cleaning
the floor is dirty can you clean it,room_cleaning
i would like a room cleaning service,room_cleaning
can house keeping come straightaway,room_cleaning
my bathroom needs attention please,room_cleaning
the room is not clean enough,room_cleaning
can you send cleaning staff now,room_cleaning
i need the floor mopped in my room,room_cleaning
my room is quite dirty please clean it,room_cleaning
i would like house keeping to visit my room,room_cleaning
can you clean my room this morning,room_cleaning
my room needs some serious cleaning,room_cleaning
the bathtub is really dirty please clean it,room_cleaning
send house keeping to my room now,room_cleaning
can you come clean my bathroom please,room_cleaning
i need a room cleaning urgently,room_cleaning
my room requires cleaning today,room_cleaning
my room needs a proper clean,room_cleaning
please send house keeping to room two oh five,room_cleaning
the floors are dirty and sticky,room_cleaning
the toilet is dirty please fix it,room_cleaning
i need fresh towels and a clean room,room_cleaning
can they come clean the room soon,room_cleaning
the shower needs cleaning its disgusting,room_cleaning
please send house keeping as soon as possible,room_cleaning
can someone pick up the mess in my room,room_cleaning
can you have someone come clean,room_cleaning
my room hasnt been cleaned since i arrived,room_cleaning
the bathroom floor is filthy,room_cleaning
please arrange for house keeping to visit,room_cleaning
can they vacuum the room today,room_cleaning
someone should clean the bathroom mirrors,room_cleaning
the bed sheets need changing please,room_cleaning
the windows need cleaning theyre very dusty,room_cleaning
please send someone to tidy my room,room_cleaning
the trash needs emptying and the room swept,room_cleaning
i would like house keeping to come clean,room_cleaning
the room is messy and needs tidying,room_cleaning
please have someone come clean the bathroom,room_cleaning
can you send house keeping now please,room_cleaning
the floors need a good clean,room_cleaning
can house keeping come in the next hour,room_cleaning
the bathroom sink is dirty please clean it,room_cleaning
someone needs to dust the furniture,room_cleaning
please clean my room as soon as you can,room_cleaning
can they come clean and change the sheets,room_cleaning
the room is dusty and needs attention,room_cleaning
can you arrange a cleaning service,room_cleaning
i would like the bathroom cleaned properly,room_cleaning
please send house keeping to clean up,room_cleaning
the bathroom is not clean enough,room_cleaning
i need house keeping to come now,room_cleaning
the room is freezing can you turn up the heat,temperature_control
id like it warmer in here please,temperature_control
the air conditioning is too cold for me,temperature_control
can you adjust the temperature to twenty two degrees,temperature_control
its way too chilly in my room right now,temperature_control
the a c needs to be turned down,temperature_control
could you make it a bit warmer please,temperature_control
the room temperature is uncomfortable can you fix it,temperature_control
turn the heating up its cold,temperature_control
i need the room to be cooler,temperature_control
the a c is blasting too hard,temperature_control
can you lower the temperature a few degrees,temperature_control
its too hot in here please cool it down,temperature_control
the heating seems broken can you check it,temperature_control
could you warm up my room please,temperature_control
the temperature in my room is too high,temperature_control
can you turn the a c down a bit,temperature_control
id prefer it cooler in my room,temperature_control
the room is way too warm right now,temperature_control
please make the air conditioning stronger,temperature_control
can you adjust the thermostat for me,temperature_control
its boiling in here turn on the a c,temperature_control
the temperature needs to be lower please,temperature_control
could you make the room less cold,temperature_control
the a c is too weak i need it stronger,temperature_control
turn off some of the heating please,temperature_control
the room feels chilly can you help,temperature_control
can you set the temperature to twenty degrees,temperature_control
its too cold can you turn up the heat,temperature_control
the air in my room is too warm,temperature_control
could you please adjust the a c settings,temperature_control
the temperature is making me uncomfortable,temperature_control
turn the a c up its not cold enough,temperature_control
can you lower the thermostat please,temperature_control
the room is too hot turn it down,temperature_control
id like the temperature adjusted warmer,temperature_control
the heating is way too strong,temperature_control
can you cool down my room a bit,temperature_control
the a c doesnt seem to be working well,temperature_control
its uncomfortably warm in my room,temperature_control
please turn down the air conditioning,temperature_control
the temperature control doesnt seem right,temperature_control
could you make my room warmer please,temperature_control
turn up the a c its still too warm,temperature_control
the room temperature is not comfortable,temperature_control
can you fix the heating in my room,temperature_control
its too chilly i need more warmth,temperature_control
the a c is stuck on too cold,temperature_control
please adjust the room temperature for me,temperature_control
could you lower the heat a little,temperature_control
the air conditioning needs adjustment,temperature_control
turn the thermostat down please,temperature_control
the room is too cold turn up the heat,temperature_control
the room is freezing can you turn on the heat,temperature_control
i need it warmer in here please,temperature_control
can you increase the temperature for me,temperature_control
its too cold can you adjust the thermostat,temperature_control
please make it warmer,temperature_control
the a c is making it too cold,temperature_control
turn down the air conditioning please,temperature_control
i would like it a bit warmer in my room,temperature_control
can you lower the a c setting,temperature_control
its too hot in here can you cool it down,temperature_control
please reduce the temperature its uncomfortable,temperature_control
make the room cooler please,temperature_control
the heating isnt working properly,temperature_control
can you turn up the heat in my room,temperature_control
i need the a c turned on,temperature_control
its way too warm can you cool things down,temperature_control
could you please adjust the a c to a cooler setting,temperature_control
the temperature is not comfortable,temperature_control
turn the a c down its too strong,temperature_control
can you warm up my room please,temperature_control
please set the temperature to a comfortable level,temperature_control
its too chilly in my room,temperature_control
i would like the a c adjusted,temperature_control
the room feels cold please adjust it,temperature_control
can you turn the heat up a bit,temperature_control
please cool down the room for me,temperature_control
the a c is too cold can you reduce it,temperature_control
i need it warmer in my room,temperature_control
can you make my room a bit cooler,temperature_control
the temperature in my room is too low,temperature_control
please increase the heat,temperature_control
its too warm can you turn on the a c,temperature_control
can you adjust the temperature in my room,temperature_control
i would like it cooler please,temperature_control
make it warmer please im cold,temperature_control
the heating needs to be stronger,temperature_control
can you lower the temperature please,temperature_control
its too hot in my room right now,temperature_control
please turn up the temperature,temperature_control
the a c is working too hard,temperature_control
can you make it less cold please,temperature_control
i need the room warmer,temperature_control
the thermostat isnt set right,temperature_control
please make the room less cold,temperature_control
turn up the heat please,temperature_control
can you cool it down a bit,temperature_control
its uncomfortable how warm it is,temperature_control
the temperature is too high,temperature_control
please adjust the heating in my room,temperature_control
can you turn the a c up,temperature_control
the room temperature needs adjusting,temperature_control
its freezing in here please help,temperature_control
the a c is too strong in my room,temperature_control
can you warm this up a little,temperature_control
the room is freezing can you turn the heat up,temperature_control
its way too cold in my room,temperature_control
the a c is making it too chilly,temperature_control
please warm up the room a bit,temperature_control
can you adjust the thermostat higher,temperature_control
i would like it warmer please,temperature_control
can you turn off the a c,temperature_control
its too hot in here right now,temperature_control
can you cool down the room please,temperature_control
make the room cooler i am sweating,temperature_control
the temperature is uncomfortable can you fix it,temperature_control
i need the a c turned down,temperature_control
can you lower the temperature in my room,temperature_control
its too warm can you cool it down,temperature_control
please make it less cold in my room,temperature_control
can you increase the heat in here,temperature_control
the room temperature needs to be adjusted,temperature_control
i am cold can you warm things up,temperature_control
turn the a c down please,temperature_control
can you make it a bit warmer,temperature_control
the heating is not working properly,temperature_control
i would like the room cooler please,temperature_control
can you reduce the air conditioning,temperature_control
please adjust the temperature to twenty two degrees,temperature_control
its getting too hot in my room,temperature_control
turn up the heat in my room,temperature_control
can you lower the a c temperature,temperature_control
the room is too warm for me,temperature_control
i am feeling chilly can you help,temperature_control
can you turn on the heating please,temperature_control
make it warmer i am freezing,temperature_control
the a c is too strong in here,temperature_control
can you turn the temperature down,temperature_control
i need it cooler in my room,temperature_control
please turn down the a c please,temperature_control
can you make the room more comfortable,temperature_control
can you adjust the room temperature down,temperature_control
i would prefer it cooler in here,temperature_control
turn off the heating please its too hot,temperature_control
can you set a better temperature for me,temperature_control
the air conditioning needs to be turned down,temperature_control
i am too hot can you help,temperature_control
can you warm the room up please,temperature_control
please lower the room temperature for me,temperature_control
the a c is making me cold,temperature_control
can you increase the heat a little,temperature_control
make the room temperature warmer please,temperature_control
i need the temperature adjusted down,temperature_control
its too chilly in my room right now,temperature_control
can you make it less hot in here,temperature_control
the room is uncomfortably warm,temperature_control
the room is freezing can you please turn on the heat,temperature_control
i need it warmer in here right now,temperature_control
can you increase the temperature to twenty two degrees,temperature_control
the air conditioning is way too cold,temperature_control
make it warmer please,temperature_control
turn down the a c its too cold,temperature_control
can the temperature be adjusted its uncomfortably cold,temperature_control
i would like the room heated up a bit,temperature_control
the a c is blowing too much cold air,temperature_control
please warm up my room,temperature_control
can you set the temperature higher,temperature_control
its too chilly in my room can you help,temperature_control
turn up the heat i cant feel any warmth,temperature_control
the room temperature needs to be warmer,temperature_control
can you make it less cold in here,temperature_control
a c is too strong turn it down,temperature_control
i need the heating turned on right away,temperature_control
can you please warm this room up for me,temperature_control
turn the thermostat up to twenty five degrees,temperature_control
its way too cold in this room,temperature_control
the a c needs to be less intense,temperature_control
can you reduce the a c strength,temperature_control
make the room warmer im freezing,temperature_control
the air is too cold please adjust it,temperature_control
can the heat be turned up in my room,temperature_control
please increase the room temperature,temperature_control
the cooling is too much turn it down,temperature_control
i would like a warmer temperature setting,temperature_control
can you warm it up in here,temperature_control
turn off some of the air conditioning,temperature_control
make it hotter in my room please,temperature_control
the temperature needs adjustment its cold,temperature_control
can you heat up my room,temperature_control
turn the a c down its freezing,temperature_control
i need the room warmer right now,temperature_control
can the thermostat be set to warmer,temperature_control
please make the a c less strong,temperature_control
the room feels like a freezer,temperature_control
warm it up please,temperature_control
can you adjust the temperature upward,temperature_control
its too cold in here adjust it,temperature_control
the a c is way too strong,temperature_control
turn up the temperature in my room,temperature_control
can you please increase the heat,temperature_control
the air conditioning is too intense,temperature_control
make it warmer in my room,temperature_control
turn the thermostat up for me,temperature_control
the room temperature is too low for me,temperature_control
can you turn the heating on please,temperature_control
its cold in my room fix it,temperature_control
the a c needs to be reduced,temperature_control
warm up the room please,temperature_control
can you increase the temperature a bit,temperature_control
its too cold right now,temperature_control
turn up the heating please,temperature_control
make it warmer,temperature_control
can you adjust the temperature higher,temperature_control
i would like it a few degrees warmer,temperature_control
can you turn the a c down,temperature_control
the air conditioning is too strong,temperature_control
reduce the cooling please,temperature_control
turn the heat up,temperature_control
can you make it less cold,temperature_control
the temperature is too low,temperature_control
please increase the heat in my room,temperature_control
its freezing in here,temperature_control
the a c is blasting too much,temperature_control
i would like the room warmer,temperature_control
can you lower the a c,temperature_control
please make the room cooler,temperature_control
its too warm in here,temperature_control
can you cool it down,temperature_control
the room is too hot,temperature_control
reduce the temperature please,temperature_control
i need it cooler,temperature_control
turn down the heat,temperature_control
can you make it less hot,temperature_control
turn the a c up please,temperature_control
the room temperature is too high,temperature_control
can you lower the temperature,temperature_control
please cool the room down,temperature_control
its uncomfortably warm,temperature_control
can you adjust it to be cooler,temperature_control
the heating is too strong,temperature_control
turn it down,temperature_control
can you set the temperature to twenty two degrees,temperature_control
its getting too warm,temperature_control
the room feels stuffy turn on the a c,temperature_control
can you get the temperature right,temperature_control
the a c needs to be stronger,temperature_control
can you make the air conditioning colder,temperature_control
i need the a c on please,temperature_control
turn the cooling up,temperature_control
can you increase the a c,temperature_control
make it cold please,temperature_control
the temperature needs adjusting,temperature_control
its perfect now thank you,temperature_control
can you set it to a comfortable temperature,temperature_control
the room is just right now,temperature_control
i need the temperature warmer please,temperature_control
can you lower the a c its too cold in here,temperature_control
the air conditioning is way too strong,temperature_control
can you adjust the temperature to seventy five degrees,temperature_control
its too hot can you cool it down,temperature_control
i would like it a bit cooler please,temperature_control
please make the room warmer,temperature_control
its too chilly in here can you help,temperature_control
i feel cold can you adjust the temperature,temperature_control
can you set the temperature to a comfortable level,temperature_control
can you make it less cold in my room,temperature_control
please turn on the heat its freezing,temperature_control
the room is too warm can you cool it,temperature_control
its uncomfortably hot in my room,temperature_control
the a c is set too cold,temperature_control
can you turn down the air conditioning please,temperature_control
can you adjust the heating in my room,temperature_control
the room feels too cold right now,temperature_control
can you increase the temperature,temperature_control
the a c is too loud and cold,temperature_control
its way too hot in here,temperature_control
can you turn the temperature up,temperature_control
the room is not warm enough,temperature_control
can you lower the a c to a comfortable level,temperature_control
i would like it warmer in my room,temperature_control
the air conditioning is making it too cold,temperature_control
can you cool the room down a bit,temperature_control
the temperature needs to be adjusted,temperature_control
can you make the room cooler please,temperature_control
the heating needs to be turned on,temperature_control
can you reduce the temperature,temperature_control
the a c is too much for me,temperature_control
can you set it to a lower temperature,temperature_control
please turn down the heating its too hot,temperature_control
the room temperature is too low,temperature_control
can you warm up my room,temperature_control
its cold in here please help,temperature_control
can you turn down the air conditioning its cold,temperature_control
the room feels stuffy and warm,temperature_control
can you lower the heating please,temperature_control
the a c temperature is set wrong,temperature_control
i need the temperature warmer in here,temperature_control
the a c is way too cold right now,temperature_control
can you adjust the thermostat to seventy two degrees,temperature_control
its too hot in my room please cool it down,temperature_control
turn down the a c its uncomfortable,temperature_control
can you make it a bit warmer please,temperature_control
the air conditioning is blowing too hard,temperature_control
i would like it cooler in my room,temperature_control
can you increase the heat a little bit,temperature_control
the a c needs to be turned off,temperature_control
its way too cold can you help,temperature_control
please adjust the temperature to a comfortable level,temperature_control
the air is too cold in here,temperature_control
turn up the heat im freezing,temperature_control
the room needs to be much warmer,temperature_control
i need the room warmer for sleeping,temperature_control
can you set the temperature lower please,temperature_control
its too warm in my room right now,temperature_control
the heating needs to work better,temperature_control
the a c is on too high,temperature_control
can you turn the thermostat down,temperature_control
the temperature in here is too warm,temperature_control
i would like warmer air in my room,temperature_control
the room is uncomfortably cold right now,temperature_control
can you adjust the climate control please,temperature_control
the a c temperature is too low,temperature_control
turn off the heating its too hot,temperature_control
please increase the room temperature for me,temperature_control
the a c needs adjustment immediately,temperature_control
its cold in here can you help,temperature_control
the thermostat should be set higher,temperature_control
the room feels too warm to sleep,temperature_control
the a c is working too much,temperature_control
please set a warmer temperature for me,temperature_control
i need more heat in this room,temperature_control
the a c is making me uncomfortable,temperature_control
its too warm for comfortable sleeping,temperature_control
the heating system isnt working properly,temperature_control
can you adjust the a c settings,temperature_control
please turn the heat down a bit,temperature_control
the a c feels way too strong,temperature_control
i would prefer it warmer in here,temperature_control
the room is too warm right now,temperature_control
can you cool down my room please,temperature_control
the thermostat needs to be adjusted lower,temperature_control
the a c is bothering me please reduce it,temperature_control
the room needs to be less chilly,temperature_control
the temperature is way too cold right now,temperature_control
make it hotter in my room,temperature_control
i would like the room temperature increased,temperature_control
can you warm up the room for me,temperature_control
turn down the a c its freezing,temperature_control
can you increase the temperature by a few degrees,temperature_control
its way too cold can you fix it,temperature_control
please adjust the a c to warmer,temperature_control
the temperature needs to be higher,temperature_control
can you make it warmer please,temperature_control
turn off the a c its too cold,temperature_control
i would prefer it warmer in my room,temperature_control
the a c is blasting too much cold air,temperature_control
can you lower the a c settings,temperature_control
the room is uncomfortably cold,temperature_control
please turn up the heating system,temperature_control
can you set it to a warmer temperature,temperature_control
its too cool in here,temperature_control
make the room warmer for me,temperature_control
can you reduce the a c power,temperature_control
the temperature is too low in my room,temperature_control
i need it warmer in this room,temperature_control
can you adjust the room temperature please,temperature_control
its chilly in here can you help,temperature_control
can you make the room feel warmer,temperature_control
the a c is too powerful,temperature_control
please set a warmer temperature,temperature_control
i would like to increase the heat,temperature_control
the room is too cold right now,temperature_control
make it less cold please,temperature_control
can you warm this room up,temperature_control
please adjust the temperature for me,temperature_control
the room needs to be warmer,temperature_control
i need the heating turned up,temperature_control
can you set a higher temperature,temperature_control
the a c is blowing too cold,temperature_control
can you send more shampoo please,toiletries_request
we need some soap in the bathroom,toiletries_request
could you bring toothpaste to my room,toiletries_request
i need conditioner and body wash,toiletries_request
the toiletries in the bathroom have run out,toiletries_request
do you have any extra shampoo available,toiletries_request
could i get some more soap bars,toiletries_request
im out of toothpaste can you bring some,toiletries_request
we need conditioner for our hair,toiletries_request
send some body wash to room two oh five,toiletries_request
the shampoo bottle is empty,toiletries_request
could you please deliver toiletries to my room,toiletries_request
i need more moisturizer for my skin,toiletries_request
do you have travel size shampoo,toiletries_request
can i get some dental floss,toiletries_request
the conditioner ran out already,toiletries_request
send up some deodorant please,toiletries_request
could you bring shampoo and conditioner to my room,toiletries_request
we need soap and body wash,toiletries_request
im running low on toothpaste,toiletries_request
can you send some face wash,toiletries_request
the bathroom toiletries are all finished,toiletries_request
could i have some extra shampoo bottles,toiletries_request
i need some hair conditioner urgently,toiletries_request
do you have any lotion available,toiletries_request
send some toothpaste to the room,toiletries_request
the soap has run out in here,toiletries_request
could you bring more body wash please,toiletries_request
i need deodorant and shampoo,toiletries_request
can you deliver some toiletries items,toiletries_request
we would like some extra conditioner,toiletries_request
the shampoo is almost gone,toiletries_request
could you send up some face lotion,toiletries_request
im out of body soap,toiletries_request
can i get more toothpaste please,toiletries_request
send some grooming supplies to my room,toiletries_request
could you bring shampoo conditioner and soap,toiletries_request
we need bathroom toiletries delivered,toiletries_request
the toiletries are running low,toiletries_request
can you send more deodorant,toiletries_request
i need some extra moisturizing lotion,toiletries_request
could i get some shampoo bottles,toiletries_request
the body wash is finished,toiletries_request
send up some toothpaste and floss,toiletries_request
can you bring some hair conditioner,toiletries_request
we need more soap bars please,toiletries_request
could you deliver some bathroom supplies,toiletries_request
im out of shampoo and conditioner,toiletries_request
the toiletries in our bathroom are empty,toiletries_request
can you send some lotion to my room,toiletries_request
i need more personal care items,toiletries_request
could you bring deodorant and body wash,toiletries_request
send some shampoo up to room four twelve,toiletries_request
we would like additional toiletries,toiletries_request
the conditioner bottle is empty,toiletries_request
can i request some extra soap,toiletries_request
could you please send grooming supplies,toiletries_request
i need some toothpaste urgently,toiletries_request
id like some extra shampoo bottles,toiletries_request
can i get more soap bars,toiletries_request
do you have any toothpaste available,toiletries_request
i need conditioner for my hair,toiletries_request
could you please bring toiletries to my room,toiletries_request
the shampoo is finished,toiletries_request
send some body wash to room three twenty,toiletries_request
i would like some extra toiletries,toiletries_request
can you bring me soap and shampoo,toiletries_request
do we have any more toothpaste,toiletries_request
id appreciate some conditioner if possible,toiletries_request
could you send more bathroom toiletries,toiletries_request
we are out of shampoo,toiletries_request
can you provide some body wash,toiletries_request
could you bring some extra conditioner,toiletries_request
i would like more shampoo and soap,toiletries_request
can i get some toiletries sent up,toiletries_request
do you have toothpaste in stock,toiletries_request
i need shampoo conditioner and body wash,toiletries_request
could you please send toiletries to my room,toiletries_request
the bathroom toiletries need replenishing,toiletries_request
can you send extra soap bars,toiletries_request
i would appreciate some shampoo bottles,toiletries_request
could you bring me some toothpaste please,toiletries_request
we need more body wash,toiletries_request
the conditioner has finished,toiletries_request
can you top up the bathroom toiletries,toiletries_request
i need some shampoo for tomorrow morning,toiletries_request
could you send some soap to my room,toiletries_request
do you have any conditioner available,toiletries_request
i would like extra toiletries,toiletries_request
can you bring toiletries to my room soon,toiletries_request
the shampoo and soap are gone,toiletries_request
i need more bathroom supplies urgently,toiletries_request
could you please provide some body wash,toiletries_request
we require some additional toiletries,toiletries_request
can you send me some toothpaste,toiletries_request
i would like some conditioner please,toiletries_request
could you bring extra shampoo and soap,toiletries_request
i need conditioner and shampoo,toiletries_request
can you provide more bathroom toiletries,toiletries_request
do you have extra soap available,toiletries_request
i would appreciate some toothpaste,toiletries_request
could you send toiletries up quickly,toiletries_request
we need some more body wash,toiletries_request
the bathroom is out of shampoo,toiletries_request
can you bring me some conditioner,toiletries_request
i need some extra toiletries items,toiletries_request
could you please send some soap bars,toiletries_request
the toiletries supplies are finished,toiletries_request
can i get some shampoo and conditioner,toiletries_request
i would like some body wash sent up,toiletries_request
can you deliver shampoo to room two oh five,toiletries_request
we are out of soap,toiletries_request
could you please bring some toothpaste,toiletries_request
i need more conditioner for my hair,toiletries_request
the hotel shampoo is finished,toiletries_request
can you send body wash to my room,toiletries_request
we could use some extra soap bars,toiletries_request
im running low on shampoo,toiletries_request
could you bring conditioner up to my room,toiletries_request
we need toiletries in the bathroom,toiletries_request
can i get some more soap please,toiletries_request
the shampoo bottles are empty,toiletries_request
send some toothpaste to room three twelve,toiletries_request
could you please bring extra toiletries,toiletries_request
we are out of bathroom soap,toiletries_request
can you bring me some hair conditioner,toiletries_request
the toiletries have run out,toiletries_request
id like more shampoo bottles delivered,toiletries_request
can you send some soap bars,toiletries_request
we need some toothpaste in the room,toiletries_request
could you bring shampoo and conditioner,toiletries_request
im out of shampoo can you bring some,toiletries_request
the soap is finished in the bathroom,toiletries_request
can you send extra toiletries please,toiletries_request
i need some more body wash,toiletries_request
could you deliver shampoo to my room,toiletries_request
we need more soap and shampoo,toiletries_request
can i request some extra toiletries,toiletries_request
the shampoo is all gone,toiletries_request
could you bring some toothpaste up,toiletries_request
i need extra conditioner bottles,toiletries_request
can you send toiletries to room four oh one,toiletries_request
we are low on soap and shampoo,toiletries_request
the bathroom toiletries are running low,toiletries_request
can you bring more shampoo please,toiletries_request
i would like some extra body wash,toiletries_request
could you please send some soap,toiletries_request
we need toothpaste and shampoo,toiletries_request
can you deliver some toiletries,toiletries_request
i need more shampoo in my room,toiletries_request
could you bring extra soap bars,toiletries_request
we could use more conditioner,toiletries_request
the hotel shampoo has run out,toiletries_request
can you send more body wash please,toiletries_request
i am out of toothpaste,toiletries_request
could you bring some shampoo bottles,toiletries_request
we need more bathroom toiletries,toiletries_request
the soap and shampoo are finished,toiletries_request
can you bring me some soap,toiletries_request
we are out of toothpaste up here,toiletries_request
could you send conditioner to room four twenty,toiletries_request
i need body wash for the shower,toiletries_request
the shampoo has finished please send more,toiletries_request
can i get some toiletries delivered to my room,toiletries_request
could you bring toothpaste and conditioner please,toiletries_request
the bathroom toiletries are all used up,toiletries_request
send some shampoo to my room,toiletries_request
can you bring extra body wash,toiletries_request
i need toothpaste its all gone,toiletries_request
could you send more conditioner please,toiletries_request
we need some soap bottles,toiletries_request
the shampoo in the bathroom ran out,toiletries_request
can you deliver some toiletries to my room,toiletries_request
i would like some extra toothpaste,toiletries_request
could you bring me shampoo and conditioner,toiletries_request
we are out of body wash,toiletries_request
send more soap to room three fifteen,toiletries_request
can i get some toothpaste delivered,toiletries_request
the toiletries have run out in the bathroom,toiletries_request
i need shampoo conditioner and soap,toiletries_request
could you send some extra toiletries up,toiletries_request
can you bring some body wash to my room,toiletries_request
id like some extra toothpaste please,toiletries_request
the shampoo and conditioner are finished,toiletries_request
send me some soap please,toiletries_request
could you bring toothpaste to the room,toiletries_request
we need more of the bathroom supplies,toiletries_request
can you send up some shampoo,toiletries_request
i need some toiletries for the bathroom,toiletries_request
could you deliver body wash to my room,toiletries_request
the conditioner is all gone send more,toiletries_request
can i get some toothpaste,toiletries_request
send some conditioning to my room,toiletries_request
i would like some extra shampoo,toiletries_request
the bathroom is out of toothpaste,toiletries_request
we need some shampoo and soap,toiletries_request
can you send some toiletries up,toiletries_request
i need body wash and soap,toiletries_request
the conditioner ran out please send more,toiletries_request
could you deliver some shampoo to my room,toiletries_request
we would like some extra toothpaste,toiletries_request
send more shampoo bottles please,toiletries_request
can you bring toiletries to the bathroom,toiletries_request
i am out of body wash,toiletries_request
could you send me some conditioning,toiletries_request
can you bring me toothpaste and a toothbrush,toiletries_request
we are out of soap down here,toiletries_request
could you send conditioner to room two fourteen,toiletries_request
i need body lotion for my dry skin,toiletries_request
the shampoo bottle is empty can you replace it,toiletries_request
do you have any extra deodorant available,toiletries_request
could you bring some face wash to my room,toiletries_request
we need more toiletries in the bathroom please,toiletries_request
can you send hair conditioner up to my room,toiletries_request
the soap dispensers are all empty,toiletries_request
id appreciate some extra shampoo and conditioner,toiletries_request
could you bring toothpaste and mouthwash please,toiletries_request
we need some body wash urgently,toiletries_request
can you send moisturizer to my room,toiletries_request
the bathroom toiletries have all run out,toiletries_request
could you please bring some shampoo bottles,toiletries_request
i need some face soap for sensitive skin,toiletries_request
can you bring extra deodorant to the room,toiletries_request
we are running low on shampoo,toiletries_request
could you send some conditioner up please,toiletries_request
the body wash is finished can you replace it,toiletries_request
i need toothpaste and dental floss,toiletries_request
can you bring some hair gel to my room,toiletries_request
we need more soap and shampoo please,toiletries_request
could you send some moisturizer to room three oh five,toiletries_request
the toiletries need restocking in the bathroom,toiletries_request
can you bring me some body lotion,toiletries_request
i would like extra shampoo bottles please,toiletries_request
could you provide some toothpaste and toothbrushes,toiletries_request
we need some deodorant and body spray,toiletries_request
the shampoo in my bathroom is almost empty,toiletries_request
can you send conditioner and shampoo up,toiletries_request
could you bring some face wash please,toiletries_request
we are out of all the toiletries,toiletries_request
i need some shower gel for my room,toiletries_request
the soap has run out can you replace it,toiletries_request
could you bring some moisturizing cream to my room,toiletries_request
we need extra shampoo and conditioner bottles,toiletries_request
can you provide some toothpaste for my room,toiletries_request
i would appreciate some extra toiletries,toiletries_request
could you send some deodorant up please,toiletries_request
the bathroom is out of shampoo and soap,toiletries_request
can you bring hair conditioner to my room,toiletries_request
we need more toiletries restocked please,toiletries_request
could you provide some face soap and lotion,toiletries_request
i need some body wash and shampoo,toiletries_request
can you send extra deodorant to the room,toiletries_request
the toiletries in the bathroom have all finished,toiletries_request
can you bring me toothpaste and soap,toiletries_request
do you have any more conditioner,toiletries_request
i need shampoo please,toiletries_request
could you send some body wash to my room,toiletries_request
can house keeping bring toiletries,toiletries_request
id appreciate some extra toothpaste,toiletries_request
do you have conditioner available,toiletries_request
can you send toothpaste,toiletries_request
could you please send some shampoo to my room,toiletries_request
the soap is finished,toiletries_request
do you have extra shampoo,toiletries_request
send some conditioner to my room,toiletries_request
we need toothpaste in the bathroom,toiletries_request
can you bring some soap please,toiletries_request
theres no shampoo left,toiletries_request
could you send me a toothbrush and toothpaste,toiletries_request
i need more conditioner please,toiletries_request
can you send toothpaste and shampoo,toiletries_request
do you have any soap,toiletries_request
could you bring extra toiletries,toiletries_request
we need some shampoo and conditioner,toiletries_request
can house keeping send soap,toiletries_request
i would appreciate some extra shampoo,toiletries_request
could you send body wash please,toiletries_request
the toothpaste has run out,toiletries_request
i need some conditioner please,toiletries_request
send toothpaste to room two oh five,toiletries_request
could you please send some conditioner,toiletries_request
we need more soap,toiletries_request
do you have extra body wash,toiletries_request
can you send some shampoo bottles,toiletries_request
i need toothpaste and body wash,toiletries_request
could you bring conditioner to my room,toiletries_request
theres no conditioner left in the bathroom,toiletries_request
can you send more soap please,toiletries_request
could you send shampoo and soap to my room,toiletries_request
can you bring some toiletries,toiletries_request
i need more shampoo and soap,toiletries_request
send conditioner please,toiletries_request
could you bring me some toothpaste,toiletries_request
can you send extra conditioner,toiletries_request
can someone bring me shampoo,toiletries_request
could you please send toothpaste,toiletries_request
i need more body wash for my room,toiletries_request
can you bring conditioner to room three oh five,toiletries_request
we need toiletries urgently,toiletries_request
could i get some soap sent up,toiletries_request
theres no toothpaste in the bathroom,toiletries_request
i would like some shampoo please,toiletries_request
can you send bath products to my room,toiletries_request
we need more shampoo and conditioner,toiletries_request
could you bring some soap up,toiletries_request
id like to request some toiletries,toiletries_request
the conditioner has run out,toiletries_request
can you send toothpaste to my room,toiletries_request
we need some shampoo for the shower,toiletries_request
could you please bring soap to the bathroom,toiletries_request
i need body wash and shampoo,toiletries_request
theres no soap in my room,toiletries_request
can someone bring shampoo to room four two one,toiletries_request
could you send toiletries to my room,toiletries_request
id like some toothpaste please,toiletries_request
the bathroom is out of soap,toiletries_request
can you bring body wash up,toiletries_request
we need shampoo conditioner and soap,toiletries_request
could you please send some toiletries,toiletries_request
i need more shampoo bottles,toiletries_request
the toothpaste is all gone,toiletries_request
can you send soap and shampoo,toiletries_request
we are out of conditioner,toiletries_request
could i get some body wash,toiletries_request
id like to request toothpaste,toiletries_request
can someone bring me soap,toiletries_request
we need more toiletries in the bathroom,toiletries_request
could you send shampoo to room two one seven,toiletries_request
theres no body wash left,toiletries_request
can you bring toothpaste and soap,toiletries_request
we would like some extra shampoo,toiletries_request
could you please bring conditioner,toiletries_request
id like some soap for the shower,toiletries_request
can you send me some toiletries,toiletries_request
we need body wash urgently,toiletries_request
could you bring more shampoo please,toiletries_request
i need toothpaste for my room,toiletries_request
the conditioner and shampoo are finished,toiletries_request
can you send some soap up to my room,toiletries_request
we would like extra toiletries delivered,toiletries_request
im out of shampoo can you help,toiletries_request
could you please send some extra soap,toiletries_request
we need toothpaste urgently in room two oh five,toiletries_request
can i get some conditioner delivered,toiletries_request
the body wash is empty,toiletries_request
do you have any shampoo available right now,toiletries_request
could you bring me some toiletries,toiletries_request
we are running low on soap,toiletries_request
can you send conditioner to my room,toiletries_request
i need toothpaste and shampoo as soon as possible,toiletries_request
the bathroom doesnt have any body wash,toiletries_request
could you please bring some shampoo,toiletries_request
can i request some soap,toiletries_request
im out of toothpaste can you deliver some,toiletries_request
could you send some conditioner please,toiletries_request
the shampoo has finished we need more,toiletries_request
can you bring extra soap to the room,toiletries_request
we need toothpaste and body wash,toiletries_request
i need some conditioner urgently,toiletries_request
the body wash in the bathroom is gone,toiletries_request
can you send shampoo and soap,toiletries_request
we are out of all toiletries,toiletries_request
could you bring some toothpaste,toiletries_request
i need more shampoo in my bathroom,toiletries_request
can you deliver some conditioner today,toiletries_request
the toiletries are finished please send more,toiletries_request
could you send body wash to my room,toiletries_request
we need shampoo and conditioner,toiletries_request
can you bring toothpaste to room three oh two,toiletries_request
i am out of soap completely,toiletries_request
could you please deliver some shampoo,toiletries_request
we need extra toiletries for our room,toiletries_request
can i get some body wash,toiletries_request
the bathroom soap has run out,toiletries_request
could you send me some toothpaste,toiletries_request
we are low on all toiletries,toiletries_request
could you deliver toothpaste to my room,toiletries_request
can you send extra body wash,toiletries_request
i need some soap for the bathroom,toiletries_request
could you please bring some conditioner,toiletries_request
we need more toothpaste in the room,toiletries_request
can you help with toiletries,toiletries_request
could you send some toiletries up,toiletries_request
i need toothpaste urgently please,toiletries_request
can you bring body wash to my room,toiletries_request
we need soap and conditioner,toiletries_request
could you please send shampoo to my room,toiletries_request
can i get some towels sent to my room,towel_request
we need fresh towels up here please,towel_request
could you bring extra bath towels,towel_request
im out of clean towels in the bathroom,towel_request
send towels to room three twenty two,towel_request
can you replace these wet towels,towel_request
i need more hand towels for my room,towel_request
bring some towels please,towel_request
the towels in here are dirty,towel_request
could i get some fresh towels,towel_request
we need towel service right away,towel_request
send up extra towels to our room,towel_request
can you get us some bath towels,towel_request
i would like some clean towels,towel_request
there arent enough towels in the bathroom,towel_request
could you bring me some dry towels,towel_request
send fresh towels to my room immediately,towel_request
we need more towels by the pool,towel_request
can i have some extra towels please,towel_request
the towel rack is empty,towel_request
bring extra towels up to room four oh five,towel_request
could you replace the towels in here,towel_request
i need towels for the bathroom,towel_request
send some clean towels right away,towel_request
can you bring towels to my room,towel_request
we would like some more towels,towel_request
the towels are all wet,towel_request
i need hand towels and bath towels,towel_request
could you send up fresh towels,towel_request
bring me towels when you have a moment,towel_request
we need towels for the guest bathroom,towel_request
can i get extra towels for the pool area,towel_request
send towels up to room two fifteen,towel_request
i would appreciate some fresh towels,towel_request
the bathroom is out of towels,towel_request
could you bring some towels by soon,towel_request
we need more towels in our suite,towel_request
send extra towels right now,towel_request
can you provide some clean towels,towel_request
i need towels for the kids,towel_request
bring towels to my room please,towel_request
could i get some pool towels,towel_request
we are out of towels completely,towel_request
send some fresh bath towels,towel_request
can you bring me some towels,towel_request
i would like extra towels in my room,towel_request
the towels need to be replaced,towel_request
we need towels delivered to our room,towel_request
could you send towels up,towel_request
bring some towels when you get a chance,towel_request
i need several towels please,towel_request
can i have some fresh clean towels,towel_request
send more towels to room six oh eight,towel_request
we would like fresh towels now,towel_request
could you leave some towels outside my door,towel_request
can i get some fresh towels please,towel_request
send extra bath towels to my room,towel_request
we need more towels in the bathroom,towel_request
could you replace the towels they are wet,towel_request
i need two more hand towels please,towel_request
bring me some towels,towel_request
i would like some fresh towels for my bathroom,towel_request
can you send towels to room three twenty four,towel_request
we have run out of towels,towel_request
could you please bring extra towels to my room,towel_request
theres no towels in the bathroom,towel_request
i need towels urgently,towel_request
send bath towels now,towel_request
do you have any clean towels available,towel_request
can you replace these dirty towels,towel_request
towel delivery to my room please,towel_request
could we get more towels we have guests,towel_request
can i have some fluffy towels,towel_request
send me some dry towels right away,towel_request
the towels are all wet can you bring more,towel_request
i need hand towels and bath towels please,towel_request
towels needed in room four fifteen,towel_request
can you bring fresh towels to the pool area,towel_request
could you drop off some towels for me,towel_request
we need towels immediately,towel_request
do you have extra towels available now,towel_request
bring some towels to my room please,towel_request
i would like some additional towels,towel_request
towels for the bathroom please,towel_request
can you send more towels to our room,towel_request
the bathroom towels need to be replaced,towel_request
send fresh towels to room two oh eight,towel_request
could you please bring me some bath towels,towel_request
i need at least five more towels,towel_request
we require more towels for our stay,towel_request
can i get towels sent up right now,towel_request
towels are needed in the bathroom,towel_request
could you replace all the towels in my room,towel_request
send me some pool towels please,towel_request
i would really appreciate some fresh clean towels,towel_request
can you bring towels to my suite,towel_request
the towels here are not very clean,towel_request
i need more towels than you provided,towel_request
could you send extra towels up to my room,towel_request
we would like some additional bath towels,towel_request
bring some fresh towels when you get a chance,towel_request
can someone bring me towels please,towel_request
i need towels for my family,towel_request
towels to room five twelve as soon as possible,towel_request
could you provide some extra towels,towel_request
send up more towels im running low,towel_request
the towels are damp can you bring fresh ones,towel_request
i would like several more towels please,towel_request
can you supply extra towels for our group,towel_request
towel refresh needed in my bathroom,towel_request
can you bring towels to room two one five,towel_request
id like some clean towels for the bathroom,towel_request
we have no clean towels left in our room,towel_request
could you send fresh towels up to my room,towel_request
i need extra towels for the pool area,towel_request
can someone replace these wet towels,towel_request
send me some dry towels please,towel_request
we need additional towels in the bathroom,towel_request
towels are dirty can you replace them,towel_request
id appreciate some fresh bath towels,towel_request
can you bring me two extra hand towels,towel_request
more towels please we have guests,towel_request
the towels in my room are not clean,towel_request
could you send some pool towels to the deck,towel_request
i would like some fluffy fresh towels,towel_request
can you bring clean towels to my room,towel_request
we need more towels its urgent,towel_request
id like extra towels for my family,towel_request
towels in the bathroom are soiled,towel_request
send towels to my room right away,towel_request
could you please bring me some new towels,towel_request
i need bath towels and hand towels,towel_request
can someone bring fresh towels to the bathroom,towel_request
we would like more towels in our suite,towel_request
the towels are all used up,towel_request
can you send some towels to room three two eight,towel_request
id like some extra towels for the pool,towel_request
bring me clean towels please,towel_request
we need fresh towels immediately,towel_request
can i have some more bath towels,towel_request
towels sent to the bathroom please,towel_request
i would appreciate some clean towels,towel_request
send dry towels to my room now,towel_request
we need additional towels for our guests,towel_request
could you bring extra towels to the pool,towel_request
more clean towels please,towel_request
can you send towels up to my room,towel_request
the bathroom towels need replacing,towel_request
id like fresh towels for my shower,towel_request
could you please send some extra towels,towel_request
we need towels in the bathroom right now,towel_request
can someone bring me some towels,towel_request
send fresh towels to room four one two,towel_request
i need some clean towels asap,towel_request
could you bring towels to my suite,towel_request
we would like more towels please,towel_request
the towels are wet can you change them,towel_request
can i get extra towels for the bathroom,towel_request
send towels up right away,towel_request
send towels to room three twelve,towel_request
the towels in my room are damp,towel_request
could you bring me some clean towels,towel_request
i would like additional towels for the bathroom,towel_request
can you send up fresh towels right away,towel_request
id like some extra pool towels please,towel_request
bring more towels to my room immediately,towel_request
the towels are dirty can you replace them,towel_request
i need fresh towels in my bathroom,towel_request
could you please send some towels to my room,towel_request
extra towels needed in room four oh five,towel_request
can i get more bath towels,towel_request
we need additional towels for our family,towel_request
the towels smell can you send new ones,towel_request
send me some clean towels as soon as possible,towel_request
i would appreciate some fresh towels please,towel_request
more hand towels needed,towel_request
we need extra towels by the pool,towel_request
could you bring some towels up,towel_request
i need at least three more towels,towel_request
the bath towels are all used up,towel_request
can you send towels right now,towel_request
we would like some fresh towels for the bathroom,towel_request
id like more towels in my room,towel_request
send extra towels to room two twenty,towel_request
can i have some clean towels please,towel_request
we need more bath and hand towels,towel_request
the towels in the bathroom need replacing,towel_request
could you please bring me fresh towels,towel_request
i need towels for the pool area,towel_request
send up some towels whenever you can,towel_request
can you provide more towels for our guests,towel_request
we have guests arriving and need extra towels,towel_request
i would like some additional bath towels,towel_request
more towels please we have a family,towel_request
can you change the towels in the bathroom,towel_request
the towel supply is running low,towel_request
could you send some fresh pool towels,towel_request
i need clean towels for my room,towel_request
towels to room five oh one please,towel_request
can you bring extra towels up to my room,towel_request
we need more towels there are four of us,towel_request
could i get some additional towels,towel_request
more towels to room three oh five,towel_request
can you bring some dry towels up,towel_request
id like some fresh towels for the bathroom,towel_request
we are out of towels in here,towel_request
send me some extra towels as soon as possible,towel_request
i need towels,towel_request
could i get a few more bath towels,towel_request
towels for the pool please,towel_request
bring some fresh towels to my room,towel_request
we need more hand towels and bath towels,towel_request
can you send up some extra towels,towel_request
id like some replacement towels please,towel_request
send towels to room four twelve,towel_request
more towels needed in the bathroom,towel_request
can i have some fresh dry towels,towel_request
we need at least four more towels,towel_request
towels are wet and gross send new ones,towel_request
i need some extra towels for guests,towel_request
can you replace these towels with clean ones,towel_request
send some big fluffy towels please,towel_request
more bath towels needed urgently,towel_request
towels please bring them soon,towel_request
id appreciate some fresh towels in my room,towel_request
can we get some extra hand towels,towel_request
the towel situation is bad can you help,towel_request
need towels for the bathroom right away,towel_request
we only have one towel can you send more,towel_request
send extra towels i have guests,towel_request
can i request some additional towels,towel_request
towels needed for the pool area,towel_request
i would like some fresh towels delivered,towel_request
can you send some soft towels to my room,towel_request
more towels please we have company,towel_request
the towels are all wet send dry ones,towel_request
id like to request fresh bathroom towels,towel_request
bring me some towels whenever you can,towel_request
can you provide extra towels for our group,towel_request
we need replacement towels right now,towel_request
send towels to the room immediately,towel_request
the towels provided are not enough,towel_request
could you bring extra towels to room five oh one,towel_request
more towels for the bathroom please,towel_request
i need some towels as soon as you can,towel_request
can i get replacement towels,towel_request
towels are needed in my room,towel_request
send some quality towels up please,towel_request
more towels for the bathroom,towel_request
can you bring me some clean towels,towel_request
id like some extra towels delivered to my room,towel_request
the towels in here are damp can you replace them,towel_request
we have guests arriving can we get more towels,towel_request
could i get some fresh bath towels,towel_request
send towels to room three twelve please,towel_request
the towels are dirty please bring clean ones,towel_request
i would like some additional towels in my room,towel_request
more bath towels please,towel_request
can we get some pool towels,towel_request
send fresh towels to my room right away,towel_request
towel service please,towel_request
could you please bring me some extra hand towels,towel_request
we need more towels for the pool area,towel_request
can i have some clean towels delivered,towel_request
the towels are wet can you replace them,towel_request
i need some fresh towels for the bathroom,towel_request
send me two extra towels please,towel_request
could you bring fresh towels to my room,towel_request
we would like some additional towels,towel_request
can you send some towels up to my room,towel_request
towels needed please,towel_request
i would appreciate some extra towels,towel_request
can i get more towels for my room,towel_request
send extra towels to room two oh five,towel_request
we need additional towels in here,towel_request
could you deliver some clean towels please,towel_request
fresh towels please,towel_request
more hand towels for the bathroom,towel_request
can you bring me clean towels,towel_request
id like some extra pool towels,towel_request
send fresh bath towels to my room,towel_request
the towels are soaked can you bring new ones,towel_request
we need more towels for the guests,towel_request
could i please have some additional towels,towel_request
towels to my room please,towel_request
can you replace these towels they are wet,towel_request
send some fresh towels up,towel_request
i need extra towels in my bathroom,towel_request
more towels needed,towel_request
could you send some towels to room four sixteen,towel_request
we would like additional bath towels,towel_request
can i have some clean hand towels,towel_request
the towels here need replacing,towel_request
send extra towels please,towel_request
i would like fresh towels delivered to my room,towel_request
fresh towels to room three twenty,towel_request
we need additional towels in our suite,towel_request
could you send some bath towels up,towel_request
i require fresh towels for the bathroom,towel_request
towels are missing from the bathroom,towel_request
can we get more hand towels,towel_request
send towels to room five twelve please,towel_request
could you please bring extra towels,towel_request
we need more bath towels in here,towel_request
towels in the bathroom are wet,towel_request
can i get towels delivered to my room,towel_request
extra towels needed for the bathroom,towel_request
bring me some towels please,towel_request
the bathroom needs more towels,towel_request
could you send towels up to room four oh eight,towel_request
we require more towels in the bathroom,towel_request
fresh towels please to my room,towel_request
can you bring some extra hand towels,towel_request
towels needed urgently,towel_request
send towels now please,towel_request
the towels need to be changed,towel_request
i need towels for my room,towel_request
could we get some extra bath towels,towel_request
can you deliver towels to room six fifteen,towel_request
fresh bath towels needed,towel_request
i require more towels in my suite,towel_request
towels are wet can you change them,towel_request
could you please send fresh towels,towel_request
we dont have enough towels in the bathroom,towel_request
send some towels to my room,towel_request
can i get additional towels please,towel_request
the towels here are not clean,towel_request
i need fresh towels brought to my room,towel_request
extra towels for the pool please,towel_request
could you bring towels to my room soon,towel_request
we need replacement towels in the bathroom,towel_request
towels for my suite please,towel_request
send house keeping with fresh towels,towel_request
can you get me some towels,towel_request
i would like more towels in my bathroom,towel_request
the towels are damp please replace them,towel_request
additional bath towels needed,towel_request
fresh towels to room two twenty three,towel_request
send towels to room three twenty four,towel_request
we have no towels in our room,towel_request
send me four bath towels please,towel_request
can i get towels sent to my room,towel_request
we need fresh towels in the bedroom,towel_request
could i have some hand towels please,towel_request
send some pool towels to my room,towel_request
the towel is wet can you bring a dry one,towel_request
i need more towels for my family,towel_request
can you send fresh towels right away,towel_request
do you have any extra towels available,towel_request
send bath towels and hand towels please,towel_request
could you bring some clean towels up,towel_request
can i get some towels sent up,towel_request
we need more towels for the bathroom,towel_request
send extra towels to room four oh five,towel_request
towels needed in my room please,towel_request
do you have more towels,towel_request
i need some dry towels please,towel_request
could you send some towels to my room,towel_request
we would like some fresh towels,towel_request
send some beach towels please,towel_request
can i have extra towels for my guests,towel_request
can you send towels to the bathroom,towel_request
there are no clean towels here,towel_request
i need towel service please,towel_request
send me some large bath towels,towel_request
could you bring me towels,towel_request
the towel supply is low in my room,towel_request
we need additional towels for the room,towel_request
send clean towels right away please,towel_request
can you replace the towels in my bathroom,towel_request
i would like some extra hand towels,towel_request
do you have towels available now,towel_request
send some towels up to my room immediately,towel_request
the towels need changing,towel_request
could you send up some bath towels please,towel_request
we require more towels in our suite,towel_request
send towels asap please,towel_request
please set a wake up call for six am,wake_up_call
i need to be woken up at seven in the morning,wake_up_call
can you wake me at five thirty tomorrow,wake_up_call
set an alarm call for eight o clock please,wake_up_call
wake me up at six thirty am,wake_up_call
i would like a wake up call at nine am,wake_up_call
please give me a wake up call at half past seven,wake_up_call
can i get a wake up call for four am,wake_up_call
wake me tomorrow morning at seven am please,wake_up_call
i need a wake up call at six o clock,wake_up_call
set a wake up call for five am tomorrow,wake_up_call
please wake me up at half past six,wake_up_call
can you set a wake up call for eight am,wake_up_call
i would like to be woken up at seven thirty,wake_up_call
wake me at nine o clock in the morning,wake_up_call
please set an alarm call for half past five,wake_up_call
can you give me a wake up call at six am,wake_up_call
i need a wake up call for seven am,wake_up_call
set a wake up call for four thirty am please,wake_up_call
wake me up at eight am tomorrow,wake_up_call
please arrange a wake up call at five thirty,wake_up_call
i would like a morning call at six thirty,wake_up_call
can you wake me up at seven in the morning,wake_up_call
set an alarm for nine am please,wake_up_call
wake me at half past seven tomorrow morning,wake_up_call
i need to be woken at six am,wake_up_call
please give me a wake up call at nine thirty,wake_up_call
can i get a wake up call at eight am tomorrow,wake_up_call
wake me up at five o clock in the morning,wake_up_call
i would like a wake up call at four am,wake_up_call
set a wake up call for seven thirty please,wake_up_call
please wake me at six thirty tomorrow morning,wake_up_call
can you set an alarm call for five am,wake_up_call
i need a wake up call at eight thirty,wake_up_call
wake me up at nine am in the morning,wake_up_call
please arrange a wake up call at seven am,wake_up_call
set an alarm for half past six please,wake_up_call
can you wake me at four thirty am,wake_up_call
i would like to be woken up at nine am,wake_up_call
wake me tomorrow at six am please,wake_up_call
please set a wake up call for eight thirty,wake_up_call
i need a wake up call at five thirty am,wake_up_call
can you give me an alarm call at seven am,wake_up_call
wake me up at half past eight in the morning,wake_up_call
set a wake up call for six o clock please,wake_up_call
please wake me at seven thirty tomorrow,wake_up_call
i would like a morning call at eight am,wake_up_call
can i get a wake up call at nine o clock,wake_up_call
wake me at five am tomorrow morning please,wake_up_call
i need to be woken up at half past six,wake_up_call
please set an alarm call for six thirty am,wake_up_call
set a wake up call for nine thirty am,wake_up_call
can you wake me up at four am tomorrow,wake_up_call
i would like a wake up call at half past nine,wake_up_call
wake me up at seven o clock in the morning,wake_up_call
please arrange a wake up call at eight am,wake_up_call
i need a wake up call at six thirty am,wake_up_call
can you set a wake up call at five o clock,wake_up_call
please wake me up at six in the morning,wake_up_call
i need a wake up call at seven thirty,wake_up_call
wake me up tomorrow at half past six please,wake_up_call
i would like a morning call at eight o clock,wake_up_call
set a wake up call for nine am tomorrow,wake_up_call
could you please give me a wake up call at six thirty,wake_up_call
i need to be woken up at five o clock sharp,wake_up_call
wake me up at seven in the morning please,wake_up_call
can i get a wake up call at half past seven,wake_up_call
i would like an alarm call for eight thirty am,wake_up_call
wake me up tomorrow morning at nine o clock,wake_up_call
can you wake me up at five thirty please,wake_up_call
i need a morning call at seven am tomorrow,wake_up_call
set an alarm call for eight o clock in the morning,wake_up_call
could you give me a wake up call at six thirty am,wake_up_call
wake me up at half past five please,wake_up_call
i would like a wake up call at nine thirty am,wake_up_call
please wake me up at eight am tomorrow morning,wake_up_call
can you set a wake up call for seven am,wake_up_call
i need to be woken up at six o clock tomorrow,wake_up_call
wake me up at four thirty in the morning please,wake_up_call
can i get an alarm call for nine am,wake_up_call
set a wake up call for half past six tomorrow,wake_up_call
please give me a wake up call at seven thirty am,wake_up_call
i would like to be woken up at five am,wake_up_call
wake me up tomorrow at eight thirty please,wake_up_call
can you wake me up at six thirty tomorrow,wake_up_call
i need a wake up call for nine o clock,wake_up_call
set an alarm for seven o clock in the morning,wake_up_call
please set a wake up call for five thirty am,wake_up_call
could you give me a morning call at eight am,wake_up_call
wake me up at nine am tomorrow please,wake_up_call
i would like a wake up call at half past eight,wake_up_call
can you set an alarm call for six am tomorrow,wake_up_call
please wake me up at seven thirty in the morning,wake_up_call
i need a wake up call at eight o clock sharp,wake_up_call
wake me up at five am tomorrow morning,wake_up_call
can i get a wake up call for half past nine,wake_up_call
set a wake up call at six o clock please,wake_up_call
i would like to be woken up at nine thirty,wake_up_call
please give me a morning call at seven am tomorrow,wake_up_call
wake me up at eight thirty am please,wake_up_call
can you wake me up at half past seven tomorrow,wake_up_call
i need an alarm call for five thirty am,wake_up_call
set a wake up call for nine am tomorrow morning,wake_up_call
could you please wake me up at six am,wake_up_call
i would like a wake up call at seven am sharp,wake_up_call
wake me up tomorrow at half past five please,wake_up_call
can you set an alarm call at eight am,wake_up_call
please set a wake up call for half past six,wake_up_call
i need to be woken up at seven thirty tomorrow,wake_up_call
wake me up at four am in the morning please,wake_up_call
can i get a morning call at nine thirty am,wake_up_call
please wake me up at six am tomorrow morning,wake_up_call
can you set an alarm for five o clock,wake_up_call
wake me up at half past eight please,wake_up_call
i would like a morning call at nine am,wake_up_call
set a wake up call for four thirty am,wake_up_call
can i get a wake up call at six,wake_up_call
please give me a wake up call at seven,wake_up_call
i need to be woken up at five am,wake_up_call
wake me up at half past six tomorrow,wake_up_call
can you wake me up at eight am,wake_up_call
id like a wake up call at nine thirty,wake_up_call
please set an alarm call for six am,wake_up_call
wake me up tomorrow at seven o clock,wake_up_call
i need a wake up call at half past seven,wake_up_call
can you set a wake up call for five,wake_up_call
please wake me at six thirty in the morning,wake_up_call
i would like to be woken up at eight,wake_up_call
set an alarm call for four am please,wake_up_call
wake me up at nine am tomorrow morning,wake_up_call
can i have a wake up call at seven,wake_up_call
please set a wake up call for six thirty,wake_up_call
i need a wake up call at half past five,wake_up_call
wake me up at five thirty am please,wake_up_call
can you give me a wake up call at eight,wake_up_call
id like a morning call at six am,wake_up_call
please wake me up at seven am,wake_up_call
set a wake up call for nine am,wake_up_call
i need to wake up at half past six,wake_up_call
id like a wake up call at five am,wake_up_call
please set an alarm for seven thirty am,wake_up_call
can you set a wake up call at six,wake_up_call
i would like a wake up call at four,wake_up_call
wake me up at half past eight tomorrow,wake_up_call
please wake me up at nine o clock,wake_up_call
i need a wake up call at six thirty,wake_up_call
set an alarm call for half past seven,wake_up_call
can i get a wake up call at five,wake_up_call
wake me up at seven thirty in the morning,wake_up_call
id like to be woken up at nine,wake_up_call
please give me a wake up call at four,wake_up_call
i need a morning call at eight am,wake_up_call
can you wake me up at half past six,wake_up_call
set a wake up call for eight thirty please,wake_up_call
wake me up at six am tomorrow,wake_up_call
please set a wake up call at seven,wake_up_call
can you set an alarm for five thirty am,wake_up_call
wake me up tomorrow at four o clock,wake_up_call
id like a wake up call at seven thirty,wake_up_call
please wake me at half past eight am,wake_up_call
i need to be woken up at nine,wake_up_call
set an alarm call for six thirty am,wake_up_call
can i have a wake up call at four,wake_up_call
wake me up at eight o clock please,wake_up_call
please set a wake up call for half past five,wake_up_call
can i get a wake up call at nine,wake_up_call
i need to be woken up at six am tomorrow,wake_up_call
wake me at half past five in the morning,wake_up_call
can you wake me up at eight thirty please,wake_up_call
i would like a wake up call at five am,wake_up_call
set an alarm for six thirty tomorrow morning,wake_up_call
can you please wake me at nine am,wake_up_call
i need a wake up call for six thirty,wake_up_call
set a wake up call for four am please,wake_up_call
wake me at five o clock tomorrow morning,wake_up_call
can i have a wake up call at eight,wake_up_call
please set a wake up call for seven am,wake_up_call
i would like to be woken at six thirty,wake_up_call
wake me up at half past seven please,wake_up_call
set an alarm call for nine am tomorrow,wake_up_call
can you give me a wake up call at five,wake_up_call
i need a wake up call at four thirty am,wake_up_call
please wake me at eight o clock in the morning,wake_up_call
wake me up tomorrow morning at seven thirty,wake_up_call
can you set a wake up call for six am,wake_up_call
i would like a morning call at half past five,wake_up_call
wake me at nine thirty in the morning,wake_up_call
can i get a wake up call at six thirty,wake_up_call
please set an alarm for seven in the morning,wake_up_call
wake me up at four o clock please,wake_up_call
can you wake me at eight am tomorrow,wake_up_call
i would like a wake up call at nine thirty,wake_up_call
set a wake up call for half past eight,wake_up_call
wake me at six in the morning please,wake_up_call
can you please set a wake up call for seven,wake_up_call
i need a morning call at five thirty am,wake_up_call
please wake me up at eight thirty tomorrow,wake_up_call
set an alarm for six am in the morning,wake_up_call
wake me up at seven o clock please,wake_up_call
can i have a wake up call at half past six,wake_up_call
i would like to be woken at seven am,wake_up_call
set a wake up call for nine am please,wake_up_call
wake me at five thirty tomorrow morning,wake_up_call
can you give me a wake up call at eight thirty,wake_up_call
please set a wake up call for four am,wake_up_call
wake me up at six thirty in the morning,wake_up_call
can you set an alarm call for eight am,wake_up_call
set an alarm for eight o clock please,wake_up_call
wake me up at half past six,wake_up_call
can i get a morning call at seven am,wake_up_call
please arrange a wake up call for four am,wake_up_call
wake me at six thirty in the morning,wake_up_call
i need an alarm call for five am tomorrow,wake_up_call
can you wake me up at half past seven,wake_up_call
please wake me at nine o clock tomorrow,wake_up_call
i would like to be woken at six am,wake_up_call
wake me up at seven thirty please,wake_up_call
set an alarm call for ten am,wake_up_call
can you arrange a wake up call for five am,wake_up_call
please set an alarm for half past eight,wake_up_call
wake me at eight o clock in the morning,wake_up_call
can you call me at seven am tomorrow,wake_up_call
please wake me up at four thirty am,wake_up_call
set a wake up call for nine thirty,wake_up_call
wake me at half past five please,wake_up_call
can i get a wake up call at six am,wake_up_call
please arrange an alarm call for seven am,wake_up_call
set an alarm for half past nine tomorrow,wake_up_call
i need to be woken at eight thirty,wake_up_call
wake me up at five o clock please,wake_up_call
can you set a wake up call for four am,wake_up_call
please wake me at nine thirty tomorrow,wake_up_call
i would like an alarm call at six am,wake_up_call
wake me at seven o clock in the morning,wake_up_call
set a wake up call for half past six,wake_up_call
can you wake me up at eight am tomorrow,wake_up_call
please set an alarm for five thirty am,wake_up_call
i need a morning call at seven thirty,wake_up_call
wake me at six o clock please,wake_up_call
can you arrange a wake up call at nine am,wake_up_call
please wake me up at half past eight tomorrow,wake_up_call
set an alarm call for ten thirty am,wake_up_call
i would like to be woken at five am,wake_up_call
wake me up at eight thirty in the morning,wake_up_call
can i get an alarm call for six thirty,wake_up_call
wake me at four o clock tomorrow morning,wake_up_call
set an alarm for nine o clock please,wake_up_call
please arrange a wake up call for eight am,wake_up_call
i would like a morning call at half past six,wake_up_call
wake me up at ten o clock in the morning,wake_up_call
can you set an alarm for six am tomorrow,wake_up_call
please wake me at seven thirty am,wake_up_call
i need to be woken up at nine am,wake_up_call
wake me at half past four in the morning,wake_up_call
can you wake me at half past five tomorrow,wake_up_call
set an alarm for six thirty in the morning,wake_up_call
can you give me a morning call at seven am,wake_up_call
wake me up at five thirty tomorrow morning,wake_up_call
i need a wake up call at half past eight,wake_up_call
please wake me at six am sharp,wake_up_call
can you set a wake up call for four thirty am,wake_up_call
set a wake up call for eight thirty in the morning,wake_up_call
can you wake me at half past six,wake_up_call
wake me up at nine thirty tomorrow morning,wake_up_call
please set an alarm for seven am,wake_up_call
i need a morning call at five am,wake_up_call
wake me at eight am in the morning,wake_up_call
set a wake up call for half past seven please,wake_up_call
can you please wake me at seven thirty,wake_up_call
wake me up tomorrow at four thirty am,wake_up_call
please set an alarm call for nine am,wake_up_call
i need a wake up call at eight am,wake_up_call
can you set an alarm for half past five,wake_up_call
wake me at six o clock in the morning,wake_up_call
set a morning call for seven thirty am,wake_up_call
i would like a wake up call at five thirty,wake_up_call
can you wake me up at nine am tomorrow,wake_up_call
please wake me at seven am sharp,wake_up_call
wake me up at eight thirty tomorrow morning,wake_up_call
i need an alarm call at half past six,wake_up_call
set an alarm for six am please,wake_up_call
can you wake me at five am in the morning,wake_up_call
wake me up tomorrow at nine thirty am,wake_up_call
can you give me an alarm call at six thirty,wake_up_call
wake me at half past eight in the morning,wake_up_call
i need to be woken at seven am tomorrow,wake_up_call
set a wake up call at five o clock am,wake_up_call
can you please wake me at half past seven,wake_up_call
wake me up at six thirty tomorrow morning,wake_up_call
please wake me at eight am tomorrow,wake_up_call
can you set an alarm for seven thirty am,wake_up_call
wake me up at four am in the morning,wake_up_call
i need a morning call at half past nine,wake_up_call
set an alarm call for eight am please,wake_up_call
can you wake me tomorrow at six am,wake_up_call
wake me up at half past five in the morning,wake_up_call
i would like to be woken at seven thirty,wake_up_call
can you give me a morning call at nine am,wake_up_call
wake me at five o clock in the morning,wake_up_call
i need a wake up call for tomorrow at six am,wake_up_call
please give me a wake up call at six am,wake_up_call
can i get a wake up call at four am,wake_up_call
please wake me up at half past seven,wake_up_call
i need an alarm call for six in the morning,wake_up_call
wake me tomorrow at seven thirty am,wake_up_call
can you set a wake up call for five am,wake_up_call
i would like to be woken at eight am,wake_up_call
set an alarm call for six am please,wake_up_call
can you give me a wake up call at nine,wake_up_call
i need a morning call at half past six,wake_up_call
wake me at six o clock tomorrow morning,wake_up_call
can you wake me up at four thirty,wake_up_call
i would like a wake up call at ten am,wake_up_call
wake me up at five in the morning,wake_up_call
please give me an alarm call at seven am,wake_up_call
i need to be woken at half past eight,wake_up_call
can you set an alarm for six thirty am,wake_up_call
i would like a morning call at five am,wake_up_call
set a wake up call for half past nine,wake_up_call
can you wake me at seven am tomorrow,wake_up_call
please wake me up at four in the morning,wake_up_call
i need an alarm call at eight thirty am,wake_up_call
wake me up tomorrow at half past six,wake_up_call
can you give me a wake up call at six,wake_up_call
set an alarm call for nine thirty am please,wake_up_call
wake me at ten o clock in the morning,wake_up_call
please set a wake up call at half past seven,wake_up_call
i need a morning call at four thirty am,wake_up_call
can you wake me up at eight o clock,wake_up_call
set a wake up call for five thirty please,wake_up_call
wake me tomorrow at six am,wake_up_call
i would like an alarm call at seven thirty,wake_up_call
can you set a wake up call at half past five,wake_up_call
please give me a morning call at nine am,wake_up_call
i need to be woken at five thirty am,wake_up_call
can you wake me at six thirty tomorrow,wake_up_call
i would like a wake up call at eight thirty,wake_up_call
please wake me up at seven in the morning,wake_up_call
i need a wake up call for half past four,wake_up_call
wake me up at nine thirty am tomorrow,wake_up_call
can you give me an alarm call at six am,wake_up_call
set a wake up call for ten o clock,wake_up_call
i would like to be woken at half past nine,wake_up_call
set an alarm for half past six,wake_up_call
can i get a morning call at six thirty,wake_up_call
please wake me up at four am,wake_up_call
i need a wake up call for tomorrow at seven,wake_up_call
id like to be woken at six am sharp,wake_up_call
can you wake me up at seven thirty please,wake_up_call
i need an alarm call at half past seven,wake_up_call
wake me up tomorrow morning at eight o clock,wake_up_call
please set an alarm for six thirty am,wake_up_call
can i get a wake up call at five am,wake_up_call
id like a morning call at half past eight,wake_up_call
set an alarm call for nine am please,wake_up_call
wake me at seven in the morning please,wake_up_call
please wake me up at half past six tomorrow,wake_up_call
set a wake up call for seven am,wake_up_call
please give me an alarm call at six am,wake_up_call
can i get a wake up call at half past nine,wake_up_call
id like a wake up call at seven thirty am,wake_up_call
wake me at five am tomorrow morning,wake_up_call
please set a wake up call for half past seven,wake_up_call
i need a wake up call at nine o clock,wake_up_call
set an alarm call for half past eight,wake_up_call
can you give me an alarm call at eight thirty,wake_up_call
id like to be woken at half past six,wake_up_call
wake me up at six in the morning please,wake_up_call
set a wake up call at five thirty am,wake_up_call
please give me a wake up call at half past five,wake_up_call
can you set an alarm for seven am,wake_up_call
i need a wake up call at half past nine,wake_up_call
wake me at eight thirty in the morning,wake_up_call
please set an alarm call for nine thirty am,wake_up_call
can i get a wake up call at six thirty am,wake_up_call
id like a wake up call at four am,wake_up_call
set an alarm for half past nine please,wake_up_call
wake me up at half past seven tomorrow,wake_up_call
please wake me up at five o clock,wake_up_call
can you give me a wake up call at seven am,wake_up_call
i would like an alarm call at six thirty,wake_up_call
can i have an extra blanket please,blanket_request
im cold can you bring a blanket,blanket_request
need a blanket for my room,blanket_request
the room is too cold send blankets,blanket_request
we need more blankets in here,blanket_request
can you get us another duvet,blanket_request
i need two extra blankets tonight,blanket_request
its freezing can i get a blanket,blanket_request
bring a blanket to room please,blanket_request
can you send up a blanket,blanket_request
need blankets im really cold right now,blanket_request
could we get an extra duvet,blanket_request
the room needs more blankets please,blanket_request
im freezing can you help me,blanket_request
can you bring blankets to my room,blanket_request
i need another blanket for the bed,blanket_request
its too cold need a blanket,blanket_request
could you send a blanket up,blanket_request
can we get extra blankets please,blanket_request
bring me a blanket right away,blanket_request
the room is cold i need blankets,blanket_request
can you provide another blanket,blanket_request
need one more blanket please,blanket_request
im cold can you send a blanket,blanket_request
could we have an extra duvet,blanket_request
can i get blankets sent to my room,blanket_request
the bed needs another blanket,blanket_request
i need a warmer blanket please,blanket_request
can you bring an extra blanket,blanket_request
could you send up two blankets,blanket_request
im freezing bring me a blanket,blanket_request
can i have another duvet please,blanket_request
need blankets im shivering in here,blanket_request
the room is chilly need a blanket,blanket_request
can you deliver a blanket to me,blanket_request
i would like an extra blanket,blanket_request
could we get warmer blankets please,blanket_request
im very cold can you help,blanket_request
send up a duvet to my room,blanket_request
can you bring us more blankets,blanket_request
need an extra blanket for tonight,blanket_request
its cold in my room bring blankets,blanket_request
can i request more blankets please,blanket_request
could you send a warm blanket,blanket_request
i need blankets the room is freezing,blanket_request
can you add a blanket to my bed,blanket_request
bring more blankets to my room now,blanket_request
we need additional blankets for our room,blanket_request
can you get me a blanket immediately,blanket_request
the temperature is cold send a blanket,blanket_request
i would like more blankets please,blanket_request
can i get another blanket,blanket_request
the room is too cold please bring a blanket,blanket_request
i need a extra blanket for my bed,blanket_request
could you send up a warm blanket,blanket_request
do you have any spare blankets available,blanket_request
im cold can someone bring me a blanket,blanket_request
can house keeping bring blankets to my room,blanket_request
i would like an additional blanket please,blanket_request
the temperature is too low send a duvet,blanket_request
could i get two more blankets tonight,blanket_request
we are cold please send extra blankets,blanket_request
can you bring me a warm blanket soon,blanket_request
i need blankets the room is really cold,blanket_request
do you have thicker blankets for the room,blanket_request
could house keeping bring more blankets up,blanket_request
im freezing can you help with blankets,blanket_request
can i request some extra blankets please,blanket_request
the bed needs another blanket its chilly,blanket_request
could you bring a few more blankets,blanket_request
can you send up two blankets right away,blanket_request
im cold and need an extra blanket now,blanket_request
could i get another duvet for tonight,blanket_request
the room is too chilly need a blanket,blanket_request
can house keeping bring me a warm blanket,blanket_request
i would like more blankets in my room,blanket_request
could you please send extra blankets up,blanket_request
we need blankets we are very cold,blanket_request
can someone bring blankets to room quickly,blanket_request
the ac is too high send blankets,blanket_request
could i have a thicker blanket please,blanket_request
we need at least two more blankets,blanket_request
i need extra blankets its cold at night,blanket_request
could house keeping bring blankets right now,blanket_request
the room is freezing can i get blankets,blanket_request
can i have more blankets for sleeping,blanket_request
we would like additional blankets for warmth,blanket_request
could you send some extra blankets up please,blanket_request
i am cold and need more blankets,blanket_request
can you bring extra blankets to the room,blanket_request
the bedroom is too cold for comfort,blanket_request
we need more blankets the room is chilly,blanket_request
can house keeping bring warmer bedding please,blanket_request
i need a blanket right away im freezing,blanket_request
could you provide extra blankets for my stay,blanket_request
can i request additional blankets for tonight,blanket_request
we are freezing can you send blankets,blanket_request
i would appreciate some extra blankets please,blanket_request
the bed needs more blankets for warmth,blanket_request
can you send blankets to my room now,blanket_request
im really cold can you send a blanket,blanket_request
we need more blankets in our room,blanket_request
could you bring us a duvet please,blanket_request
the room is too cold i need a blanket,blanket_request
can you send two blankets to room two oh five,blanket_request
could you please bring a warm blanket,blanket_request
we need more blankets were freezing,blanket_request
send a blanket to my room please,blanket_request
can i have another duvet,blanket_request
the room feels cold can you bring a blanket,blanket_request
i would like two more blankets please,blanket_request
can you bring us some extra blankets,blanket_request
we need blankets our room is freezing,blanket_request
could you bring a thick blanket to my room,blanket_request
can i get a warmer blanket,blanket_request
the a c is too cold send a blanket,blanket_request
bring me another blanket please,blanket_request
can you send two duvets to my room,blanket_request
the room is cold we need blankets,blanket_request
could i get an extra duvet,blanket_request
im freezing can you bring blankets,blanket_request
can you bring a warm duvet please,blanket_request
we need additional blankets in our room,blanket_request
send blankets to room three oh eight,blanket_request
the room temperature is cold i need a blanket,blanket_request
could you bring us two more blankets,blanket_request
can you please send another blanket,blanket_request
im cold send a blanket right away,blanket_request
we would like some extra blankets,blanket_request
can i get blankets brought to my room,blanket_request
the room is too cold for blankets we have,blanket_request
could you bring a duvet to my room,blanket_request
can you send warm blankets please,blanket_request
i need an extra blanket for my bed,blanket_request
we need more blankets were very cold,blanket_request
could i get another blanket brought up,blanket_request
the room feels cold can i have a blanket,blanket_request
can you bring us blankets please,blanket_request
im really cold i need another blanket,blanket_request
can i have two more blankets,blanket_request
could you send a thick warm blanket,blanket_request
the a c is making it cold send a blanket,blanket_request
can you bring extra blankets to our room,blanket_request
we need blankets right away please,blanket_request
im freezing can i get a blanket,blanket_request
could you bring blankets to my room,blanket_request
the temperature is cold we need more blankets,blanket_request
can you send a blanket up to my room,blanket_request
i would like an extra warm blanket please,blanket_request
can you bring us a duvet,blanket_request
extra blanket please to my room,blanket_request
id like a duvet for my room,blanket_request
can you bring two blankets please,blanket_request
send a blanket to room immediately,blanket_request
can i get a extra duvet,blanket_request
we could use another blanket or two,blanket_request
i need to settle my bill before leaving,checkout_billing
can i get a late check out tomorrow,checkout_billing
what are the charges on my room,checkout_billing
i would like to extend my stay for two more nights,checkout_billing
can you print out my bill please,checkout_billing
i want to pay my bill now,checkout_billing
what time is check out in the morning,checkout_billing
i need a copy of my invoice,checkout_billing
can i check out late tomorrow please,checkout_billing
what did i spend on room service,checkout_billing
how much do i owe you,checkout_billing
can i extend my reservation by one night,checkout_billing
i would like to check out at noon instead,checkout_billing
can you give me an itemized bill,checkout_billing
i want to add another night to my stay,checkout_billing
can i have a detailed breakdown of my charges,checkout_billing
can i extend by three more nights please,checkout_billing
whats included in my total bill,checkout_billing
i would like to request a late check out,checkout_billing
can you tell me my balance please,checkout_billing
are there minibar charges on my bill,checkout_billing
i need to know about any additional fees,checkout_billing
can you add one more night to my booking,checkout_billing
what are the room charges versus other charges,checkout_billing
i would like the wi fi charges explained,checkout_billing
i want to check out at two oclock,checkout_billing
can i extend my stay through the weekend,checkout_billing
what time should i leave my room,checkout_billing
are there any spa charges on my account,checkout_billing
i need a receipt for my bill,checkout_billing
can you do a late check out for me,checkout_billing
what are the total charges for my stay,checkout_billing
i would like to extend my reservation please,checkout_billing
i need more time can i stay longer,checkout_billing
what are the a c charges on my bill,checkout_billing
i would like to settle my account now,checkout_billing
can i check out at three pm instead,checkout_billing
what is included in my room rate,checkout_billing
are there charges for local calls on my bill,checkout_billing
i need to extend my stay by two nights,checkout_billing
can you provide an early check out option,checkout_billing
im ready to check out now,checkout_billing
what time is the check out deadline,checkout_billing
what is on my bill,checkout_billing
when do i have to leave my room,checkout_billing
can i stay until noon tomorrow,checkout_billing
what time must i vacate the room,checkout_billing
i want to see all the charges,checkout_billing
can you explain my bill to me,checkout_billing
what time is standard check out,checkout_billing
id like to add another night,checkout_billing
can i get a detailed breakdown of my bill,checkout_billing
id like to know my total bill,checkout_billing
can you send my bill to my email,checkout_billing
what time should i be out of my room,checkout_billing
do i owe anything else on my bill,checkout_billing
can i extend for three more nights,checkout_billing
what is the latest i can check out,checkout_billing
i need the bill for my room,checkout_billing
can i stay until evening tomorrow,checkout_billing
what time is check out on my last day,checkout_billing
do you have an express check out option,checkout_billing
what charges am i responsible for,checkout_billing
can i request a late departure,checkout_billing
what is included in my room charge,checkout_billing
when is my check out time,checkout_billing
can you itemize everything on my bill,checkout_billing
what time would late check out be,checkout_billing
id like to extend my stay please,checkout_billing
are there extra fees i should know about,checkout_billing
what is the check out procedure,checkout_billing
what time do i need to vacate,checkout_billing
can i stay longer than one more night,checkout_billing
what will my total be,checkout_billing
is check out at ten or eleven,checkout_billing
what are the room charges exactly,checkout_billing
can i request to stay until evening,checkout_billing
can you tell me my final bill please,checkout_billing
do you have my bill ready,checkout_billing
im checking out in the morning what time,checkout_billing
i need to see an itemized bill,checkout_billing
can i have a detailed breakdown of charges,checkout_billing
i want to extend my booking by three nights,checkout_billing
do i owe anything on my bill,checkout_billing
what time can i do late check out until,checkout_billing
can you prepare my bill for checkout,checkout_billing
i need to stay longer can i extend,checkout_billing
what is the check out time here,checkout_billing
can i get a copy of my bill emailed,checkout_billing
i would like to book another night please,checkout_billing
what time is late check out available until,checkout_billing
can you tell me when i have to leave,checkout_billing
im wondering about extending my stay,checkout_billing
what are the fees for late check out,checkout_billing
can i check out tomorrow at four pm,checkout_billing
do you have an itemized bill for me,checkout_billing
what is the standard check out time,checkout_billing
can i extend my room for one more day,checkout_billing
i want to know all the charges,checkout_billing
what time do i need to vacate my room,checkout_billing
is there anything else on my bill,checkout_billing
can i get my bill printed please,checkout_billing
what is charged to my room account,checkout_billing
can you prepare a late check out for me,checkout_billing
what time can i have late check out,checkout_billing
do you offer extensions on rooms,checkout_billing
i would like to check out later tomorrow,checkout_billing
what time do i have to be out by,checkout_billing
what is on my final bill,checkout_billing
is late check out available tomorrow,checkout_billing
what time is check out and how much does it cost,checkout_billing
can i extend by one more night please,checkout_billing
what charges should i expect on my bill,checkout_billing
how much is my room charge for tonight,checkout_billing
can i stay one more night here,checkout_billing
what is the check out time at this hotel,checkout_billing
i need a copy of my bill immediately,checkout_billing
can i extend my stay by two nights,checkout_billing
whats the total amount i owe you,checkout_billing
is there a late check out fee,checkout_billing
when do i have to vacate my room,checkout_billing
can i get an itemized bill please,checkout_billing
what time must i leave the hotel,checkout_billing
can you print out my final bill for me,checkout_billing
do you have any late check out options available,checkout_billing
what is included in my bill total,checkout_billing
how much is a late check out here,checkout_billing
can i stay until two pm tomorrow,checkout_billing
what time is standard check out time,checkout_billing
can i review my charges before checkout,checkout_billing
how much do i owe for my stay,checkout_billing
can you extend my reservation one more night,checkout_billing
what are the extra fees on my bill,checkout_billing
what time should i check out by,checkout_billing
how much was my mini bar bill,checkout_billing
can i keep my room until evening,checkout_billing
what is the cost of staying extra nights,checkout_billing
do you offer late check out service,checkout_billing
what time is check out on my day,checkout_billing
how much are the room charges total,checkout_billing
can you charge my room to my card,checkout_billing
what fees are on my final bill,checkout_billing
can i have more time before check out,checkout_billing
what is the check out deadline tomorrow,checkout_billing
can i stay past the normal check out time,checkout_billing
how much did i spend at the hotel,checkout_billing
what time is the earliest i must leave,checkout_billing
can i reserve the room for one more night,checkout_billing
what are the total costs for my stay,checkout_billing
can you give me an updated bill please,checkout_billing
is there any way to get late check out,checkout_billing
what time do guests typically check out here,checkout_billing
how much will one more night cost me,checkout_billing
can i extend checkout time to evening,checkout_billing
what is my bill amount right now,checkout_billing
can you review my charges with me,checkout_billing
how much extra for staying one more day,checkout_billing
can you send my bill to my room please,checkout_billing
how much is my total bill right now,checkout_billing
what is the check out time,checkout_billing
i need a late check out for tomorrow,checkout_billing
can you tell me the charges on my bill,checkout_billing
is there a way to extend my stay,checkout_billing
what are some good restaurants around here,concierge_general
can you recommend a spa nearby,concierge_general
wheres the nearest grocery store,concierge_general
do you have any suggestions for dinner tonight,concierge_general
can i book a massage appointment,concierge_general
what attractions are close to the hotel,concierge_general
can you reserve a table for four,concierge_general
wheres a good coffee shop,concierge_general
do you know any nice bars in the area,concierge_general
can you recommend a movie theater,concierge_general
wheres the nearest train station,concierge_general
do you have restaurant recommendations for tonight,concierge_general
can you suggest a good italian place,concierge_general
wheres the closest pharmacy,concierge_general
what activities are there for families,concierge_general
can you help me find a taxi,concierge_general
are there any shopping centers near here,concierge_general
wheres a good place to get breakfast,concierge_general
do you have suggestions for lunch,concierge_general
can you book a dinner reservation for two,concierge_general
what entertainment options are nearby,concierge_general
can you recommend a fitness center,concierge_general
wheres the nearest hospital,concierge_general
are there any parks i can visit,concierge_general
can you suggest a nice hotel restaurant,concierge_general
whats near the hotel,concierge_general
do you have any show recommendations,concierge_general
can you book concert tickets for me,concierge_general
wheres a good bar around here,concierge_general
can you recommend a clothing store,concierge_general
what time does the pool close,concierge_general
are there any hiking trails nearby,concierge_general
can you suggest a romantic restaurant,concierge_general
wheres the nearest bank,concierge_general
do you have golf course recommendations,concierge_general
can you recommend a local wine bar,concierge_general
what museums are worth visiting,concierge_general
wheres the best pizza in town,concierge_general
can you book a restaurant for tonight,concierge_general
are there any beaches nearby,concierge_general
can you suggest an indian restaurant,concierge_general
wheres a good place for lunch,concierge_general
do you have any casino recommendations,concierge_general
what outdoor activities are available,concierge_general
wheres the nearest supermarket,concierge_general
can you book me a restaurant,concierge_general
are there any theaters in the area,concierge_general
do you have suggestions for entertainment,concierge_general
can you recommend a sushi place,concierge_general
wheres a good breakfast spot,concierge_general
what time does the concierge close,concierge_general
can you suggest a thai restaurant,concierge_general
what restaurants would you recommend near here,concierge_general
can you book me a table for dinner tonight,concierge_general
can you help me find a pharmacy nearby,concierge_general
what time does breakfast start tomorrow,concierge_general
can you recommend some local attractions,concierge_general
i need a reservation at a nice restaurant,concierge_general
can you book a spa appointment for me,concierge_general
can you suggest a good bar around here,concierge_general
how late is room service open,concierge_general
where can i get laundry done,concierge_general
wheres a good place to get lunch,concierge_general
can you recommend a pizza place nearby,concierge_general
is there a swimming pool here,concierge_general
when does the gift shop close,concierge_general
can you suggest some things to do tonight,concierge_general
where can i find the nearest atm,concierge_general
can you book a restaurant reservation please,concierge_general
is there a concierge available right now,concierge_general
can you recommend a steakhouse restaurant,concierge_general
can you help me arrange transportation,concierge_general
can you suggest a nice place for dinner,concierge_general
is there a late night diner nearby,concierge_general
can you book a massage for me,concierge_general
where is the business center located,concierge_general
what time does the pool close today,concierge_general
where can i get my clothes ironed,concierge_general
can you help book a babysitter,concierge_general
whats there to do in the area,concierge_general
can you suggest a good wine bar,concierge_general
can you book theatre tickets for us,concierge_general
what time is dinner service available,concierge_general
is there a convenience store nearby,concierge_general
can you help with restaurant reservations,concierge_general
what activities does the hotel offer,concierge_general
where can i find a barber or salon,concierge_general
can you suggest local nightlife options,concierge_general
can you arrange a car rental,concierge_general
what are the best restaurants nearby,concierge_general
is there a yoga class available,concierge_general
what are the best restaurants around here,concierge_general
can you suggest a nice place for dinner tonight,concierge_general
how late is the front desk open,concierge_general
do you have recommendations for coffee shops,concierge_general
can you make a dinner reservation for four people,concierge_general
where can i find a good bar nearby,concierge_general
what time does the a c work,concierge_general
can you recommend a nice italian restaurant,concierge_general
how do i get to the train station from here,concierge_general
is there room service available twenty four hours,concierge_general
what are the nearby shopping areas,concierge_general
how far is the airport from the hotel,concierge_general
can you suggest activities for kids nearby,concierge_general
what time does the t v lounge close,concierge_general
can you book a table for three tomorrow evening,concierge_general
are there any museums near the hotel,concierge_general
do you have a wi fi password for me,concierge_general
what time does the mini bar close,concierge_general
is there a hair dryer in my room,concierge_general
can you suggest a romantic restaurant nearby,concierge_general
how do i get a wake up call,concierge_general
what local attractions do you recommend,concierge_general
what restaurants have good reviews nearby,concierge_general
how far is the beach from here,concierge_general
what time does check out happen,concierge_general
can you suggest a nice wine bar,concierge_general
is there a pharmacy near the hotel,concierge_general
do you recommend any local tours,concierge_general
is there a grocery store close by,concierge_general
can you suggest a restaurant with outdoor seating,concierge_general
what time does the pool open tomorrow,concierge_general
can you recommend a place with live music,concierge_general
is there a dentist nearby if needed,concierge_general
what are some good vegetarian restaurants around,concierge_general
how do i order from room service,concierge_general
can you recommend a steakhouse nearby,concierge_general
is there a park or garden near the hotel,concierge_general
can you book a taxi for tomorrow morning,concierge_general
what local dishes should i try here,concierge_general
is there a twenty four hour convenience store,concierge_general
what restaurants do you recommend nearby,concierge_general
where is the nearest pharmacy from here,concierge_general
what time does the gym open in the morning,concierge_general
can you suggest a good place to eat italian food,concierge_general
is there a spa in the hotel,concierge_general
where can i find a coffee shop nearby,concierge_general
can you book tickets for a show tonight,concierge_general
are there any museums within walking distance,concierge_general
what is the best seafood restaurant around here,concierge_general
can you recommend a good bar nearby,concierge_general
can you help me find a dentist,concierge_general
are there any parks near the hotel,concierge_general
what restaurants have vegetarian options nearby,concierge_general
where can i get a massage in the hotel,concierge_general
what time does the fitness center open,concierge_general
can you recommend a good italian restaurant,concierge_general
what attractions should i visit while im here,concierge_general
can you book a taxi for me tonight,concierge_general
what time is the hotel restaurant open,concierge_general
can you recommend a good seafood place,concierge_general
are there any theaters near the hotel,concierge_general
can you help me find a good steakhouse,concierge_general
where can i buy souvenirs nearby,concierge_general
what time does the bar open tonight,concierge_general
can you make dinner reservations for us,concierge_general
are there any shopping malls close by,concierge_general
what is nearby that i should see,concierge_general
can you recommend a good chinese restaurant,concierge_general
where is the nearest hospital from here,concierge_general
what time can i check out tomorrow,concierge_general
can you book a restaurant for tomorrow night,concierge_general
are there any good nightclubs around here,concierge_general
can you help me find a good hotel nearby,concierge_general
where can i rent a car around here,concierge_general
can you recommend a place for brunch,concierge_general
what time is the pool open tomorrow,concierge_general
are there any wine bars near the hotel,concierge_general
can you book me a table somewhere nice,concierge_general
what is there to do in this area,concierge_general
can you help me find a good bakery,concierge_general
what time does the hotel lobby bar open,concierge_general
are there any good day trips from here,concierge_general
do you have any restaurant recommendations,concierge_general
is there a gym i can use,concierge_general
what time is check out tomorrow,concierge_general
do you know any good bars around here,concierge_general
can you recommend a italian restaurant,concierge_general
where can i get room service,concierge_general
what time does the fitness center close,concierge_general
are there any museums in walking distance,concierge_general
do you have restaurant suggestions for tonight,concierge_general
can you recommend a seafood place,concierge_general
is there a wi fi password i need,concierge_general
what are the best local restaurants,concierge_general
can you make a restaurant reservation please,concierge_general
where is the nearest a t m machine,concierge_general
can you recommend somewhere for lunch,concierge_general
what time does the a c need adjusting,concierge_general
do you know any good sushi restaurants,concierge_general
where is the nearest hospital or clinic,concierge_general
can you help with dinner reservations,concierge_general
is there a mini bar in my room,concierge_general
where can i get a hair dryer,concierge_general
what time does the business center open,concierge_general
where is the nearest police station,concierge_general
what are some good cafes nearby,concierge_general
do you have any nightlife recommendations,concierge_general
where can i get fresh flowers,concierge_general
what time is breakfast served tomorrow,concierge_general
is there a concierge service available,concierge_general
where is the nearest pharmacy open now,concierge_general
can you book me on a city tour,concierge_general
what restaurants have good wine selections,concierge_general
where can i rent a bicycle,concierge_general
do you know any good dessert places,concierge_general
can you suggest a good restaurant nearby,concierge_general
whats near the hotel that i can visit,concierge_general
do you have any spa recommendations for me,concierge_general
can i book a massage appointment tomorrow,concierge_general
what attractions are close to here,concierge_general
can you recommend a nice cafe for breakfast,concierge_general
whats the best shopping area around here,concierge_general
can you book me a restaurant reservation,concierge_general
are there museums within walking distance,concierge_general
can you help me find a good bar,concierge_general
can you recommend activities for tonight,concierge_general
what entertainment options do you have,concierge_general
do you know any local attractions,concierge_general
can you suggest a nice dinner spot,concierge_general
is there a business center here,concierge_general
can you help me book a taxi,concierge_general
whats nearby that would be fun,concierge_general
do you have any evening activity recommendations,concierge_general
what spa services are available here,concierge_general
can you book a table for tomorrow night,concierge_general
are there any shows or events tonight,concierge_general
whats a good place to get dinner,concierge_general
can you suggest outdoor activities,concierge_general
do you have restaurant suggestions,concierge_general
whats the wi fi password for the hotel,concierge_general
can you book an early breakfast for me,concierge_general
what local restaurants do you suggest,concierge_general
can you help with transportation booking,concierge_general
are there any bars within walking distance,concierge_general
can you recommend places for families,concierge_general
can i get a recommendation for a good italian restaurant nearby,concierge_general
book a car for tomorrow morning,concierge_taxi
please book a taxi for six am,concierge_taxi
can you call a cab for checkout time,concierge_taxi
arrange a car for eight thirty in the morning,concierge_taxi
can you get a taxi for the airport,concierge_taxi
i need a ride right away please,concierge_taxi
book a cab for two pm tomorrow,concierge_taxi
i need a taxi to the shopping mall,concierge_taxi
call a car for me in thirty minutes,concierge_taxi
please get me a taxi for the theater,concierge_taxi
can you book a cab for the train station,concierge_taxi
i need transport to the beach right now,concierge_taxi
arrange a taxi for half past nine,concierge_taxi
can you call a car for checkout,concierge_taxi
book a taxi for five thirty am please,concierge_taxi
can you get me a cab to the airport,concierge_taxi
i need transport to the museum tomorrow,concierge_taxi
call a taxi for the evening please,concierge_taxi
please arrange a car for the morning,concierge_taxi
can you book a cab for the conference,concierge_taxi
taxi to the airport as soon as possible,concierge_taxi
can you arrange a car for tonight at seven,concierge_taxi
book a cab for the station please,concierge_taxi
can you call a taxi for the wedding venue,concierge_taxi
i need a ride downtown in an hour,concierge_taxi
arrange a car for the airport tomorrow,concierge_taxi
i need transport to the restaurant at eight,concierge_taxi
book a taxi for the checkout time,concierge_taxi
please call a cab for the theater district,concierge_taxi
can you arrange a car for the event,concierge_taxi
taxi please to the main railway station,concierge_taxi
can you book a cab for tomorrow at six,concierge_taxi
i need transport for three people to downtown,concierge_taxi
arrange a taxi for the morning checkout,concierge_taxi
can you call a car for the university,concierge_taxi
i need a ride to the beach tomorrow morning,concierge_taxi
book a taxi for the sports stadium,concierge_taxi
please get me a cab to the airport,concierge_taxi
can you arrange transport to the shopping center,concierge_taxi
call a car for me at half past six,concierge_taxi
can you book a cab for the night,concierge_taxi
i need a ride to the airport terminal,concierge_taxi
can you get me a cab at six am,concierge_taxi
please book a car for this evening,concierge_taxi
can you arrange a taxi for eight thirty,concierge_taxi
i need a ride to the hospital immediately,concierge_taxi
book me a cab to the restaurant district,concierge_taxi
can you call a taxi for checkout time,concierge_taxi
i need transport to the conference center,concierge_taxi
please arrange a car for nine in the morning,concierge_taxi
book a taxi for me at half past six,concierge_taxi
can you arrange transport to the beach,concierge_taxi
i need a cab to the train station tomorrow,concierge_taxi
please call a taxi for seven am sharp,concierge_taxi
can you book a car for the evening,concierge_taxi
i need transport to the downtown area,concierge_taxi
arrange a taxi for me as soon as you can,concierge_taxi
can you get a cab to the airport for me,concierge_taxi
i need a ride to the museum please,concierge_taxi
book me a cab for tonight at eight,concierge_taxi
can you call a taxi to the hotel entrance,concierge_taxi
please arrange a car for checkout tomorrow,concierge_taxi
can you book a taxi for the morning,concierge_taxi
i need a cab to the hospital right now,concierge_taxi
arrange transport to the city for me please,concierge_taxi
can you get me a cab for nine thirty,concierge_taxi
i need a ride to the shopping center today,concierge_taxi
book a taxi to the airport for tomorrow,concierge_taxi
can you arrange a car for six in the morning,concierge_taxi
i need transport to the station immediately,concierge_taxi
please call a taxi for me this afternoon,concierge_taxi
i need a ride to the airport at seven am,concierge_taxi
arrange a taxi for the evening please,concierge_taxi
can you get transport to downtown for me,concierge_taxi
i need a cab for tomorrow morning early,concierge_taxi
book me a car to the city center now,concierge_taxi
can you call a taxi for checkout day,concierge_taxi
i need transport to the airport terminal tomorrow,concierge_taxi
please arrange a cab for eight in the morning sharp,concierge_taxi
can you book a taxi for my departure,concierge_taxi
i need a ride to the theater district,concierge_taxi
arrange a car for me to the station please,concierge_taxi
can you get a cab for the airport trip,concierge_taxi
i need transport for the morning at nine,concierge_taxi
book a taxi for me to leave the hotel,concierge_taxi
call a taxi for six pm,concierge_taxi
can you arrange a ride for me,concierge_taxi
i need a car to the city center,concierge_taxi
please order a cab for eight am,concierge_taxi
taxi to the hotel please,concierge_taxi
book a car for check out time,concierge_taxi
arrange a cab for half past nine,concierge_taxi
can you get a taxi in ten minutes,concierge_taxi
i need a ride to the restaurant,concierge_taxi
call a car for the airport run,concierge_taxi
please book transport for tomorrow,concierge_taxi
can you arrange a taxi for tonight,concierge_taxi
i need a cab to the shopping district,concierge_taxi
taxi to the train station please,concierge_taxi
book a ride for five thirty am,concierge_taxi
can you order a car for me now,concierge_taxi
arrange a taxi for my departure,concierge_taxi
please get a cab for the evening,concierge_taxi
can you call transport right away,concierge_taxi
i need a ride to the museum,concierge_taxi
book a car for noon tomorrow,concierge_taxi
taxi to the beach please,concierge_taxi
can you arrange a ride to the airport,concierge_taxi
i need a cab for the morning,concierge_taxi
call a taxi for checkout time,concierge_taxi
please book a car for tonight,concierge_taxi
can you get transport to downtown,concierge_taxi
i need a ride for six am,concierge_taxi
arrange a cab for the afternoon,concierge_taxi
can you call a taxi for me,concierge_taxi
i need transport to the station,concierge_taxi
book a car for early morning,concierge_taxi
taxi to the office please,concierge_taxi
can you order a cab right now,concierge_taxi
i need a ride to the theater,concierge_taxi
please arrange a taxi for tomorrow evening,concierge_taxi
can you get a car for tonight,concierge_taxi
i need transport for the airport,concierge_taxi
book a taxi for half past eight,concierge_taxi
call a car for my departure time,concierge_taxi
can you arrange a ride to the city,concierge_taxi
i need a cab for the morning departure,concierge_taxi
please book transport immediately,concierge_taxi
can you get a taxi for afternoon,concierge_taxi
i need a ride to the convention center,concierge_taxi
arrange a car for check out day,concierge_taxi
taxi please for the airport run,concierge_taxi
can you call a cab for tomorrow morning,concierge_taxi
please arrange a taxi for checkout time,concierge_taxi
can you call a cab for me now,concierge_taxi
book me a car for this evening,concierge_taxi
can you get a taxi to the restaurant,concierge_taxi
arrange a cab for nine am please,concierge_taxi
can you call a taxi for the theater,concierge_taxi
i need a ride to the hospital,concierge_taxi
book a car for the conference center,concierge_taxi
arrange a taxi for half past six,concierge_taxi
can you call a car for dinner time,concierge_taxi
i need a ride to the airport immediately,concierge_taxi
book a taxi for tomorrow at eight am,concierge_taxi
i need a cab to the train station now,concierge_taxi
please get me a taxi as soon as possible,concierge_taxi
arrange a cab for five thirty pm,concierge_taxi
can you call a taxi to the port,concierge_taxi
book a car for checkout at eleven am,concierge_taxi
can you get a cab for the show,concierge_taxi
i need a ride downtown right now,concierge_taxi
arrange a taxi for the morning please,concierge_taxi
can you call a car to the airport,concierge_taxi
i need transport to the nearby town,concierge_taxi
can you arrange a cab for lunch time,concierge_taxi
i need a ride to the station immediately,concierge_taxi
can you get me a taxi for tonight,concierge_taxi
i need a car to the harbor area,concierge_taxi
arrange transport to the soccer stadium,concierge_taxi
book a cab for tomorrow afternoon,concierge_taxi
can you call a taxi very soon,concierge_taxi
i need a ride to the local market,concierge_taxi
book a car for tomorrow morning at nine,concierge_taxi
arrange a cab to the city center,concierge_taxi
book me a car for check out time,concierge_taxi
can you order a taxi to the hospital,concierge_taxi
get me a cab for six thirty am,concierge_taxi
i need a taxi to the train station asap,concierge_taxi
book a ride to the airport for me please,concierge_taxi
skip house keeping for now thanks,do_not_disturb
leave me alone this afternoon,do_not_disturb
i dont want any interruptions please,do_not_disturb
house keeping can come back later,do_not_disturb
skip the house keeping visit,do_not_disturb
dont disturb me im sleeping,do_not_disturb
house keeping should skip my room,do_not_disturb
please no disturbances for a while,do_not_disturb
im not ready for house keeping yet,do_not_disturb
dont let anyone in my room,do_not_disturb
please come back later for house keeping,do_not_disturb
house keeping not needed today thanks,do_not_disturb
i want no interruptions please,do_not_disturb
leave me be for a few hours,do_not_disturb
no one come to my room,do_not_disturb
please dont bother me right now,do_not_disturb
i need quiet time alone,do_not_disturb
house keeping can wait until later,do_not_disturb
im trying to sleep please,do_not_disturb
no visitors or service please,do_not_disturb
please leave my room untouched,do_not_disturb
no house keeping visit today thank you,do_not_disturb
please respect my privacy right now,do_not_disturb
dont send house keeping to my room,do_not_disturb
no cleaning needed at this time,do_not_disturb
i prefer not to have any service,do_not_disturb
house keeping please skip me,do_not_disturb
i want to be left alone now,do_not_disturb
please no house keeping this afternoon,do_not_disturb
no disturbances please im resting,do_not_disturb
please dont come in right now,do_not_disturb
house keeping can come much later,do_not_disturb
i prefer no service today thanks,do_not_disturb
please no interruptions at all,do_not_disturb
skip any house keeping for today,do_not_disturb
i need to not be disturbed,do_not_disturb
please leave me undisturbed for now,do_not_disturb
no house keeping needed thank you,do_not_disturb
do not disturb me please,do_not_disturb
please dont come to my room,do_not_disturb
leave me alone right now,do_not_disturb
i need some quiet time,do_not_disturb
skip cleaning today thank you,do_not_disturb
dont send anyone up here,do_not_disturb
please no service this morning,do_not_disturb
i dont want to be bothered,do_not_disturb
i want to be left alone,do_not_disturb
dont disturb me im resting,do_not_disturb
i dont need any assistance right now,do_not_disturb
please do not send house keeping,do_not_disturb
leave the room alone today,do_not_disturb
do not want any service,do_not_disturb
skip the cleaning please,do_not_disturb
im sleeping do not disturb,do_not_disturb
please keep away from my room,do_not_disturb
i dont want visitors or service,do_not_disturb
do not come in here,do_not_disturb
skip house keeping im tired,do_not_disturb
no service needed at all,do_not_disturb
keep house keeping away please,do_not_disturb
please do not enter,do_not_disturb
dont send house keeping up,do_not_disturb
i want to sleep undisturbed,do_not_disturb
please no interruptions today,do_not_disturb
skip all service for now,do_not_disturb
i dont want anyone here,do_not_disturb
no house keeping thank you,do_not_disturb
im not taking visitors right now,do_not_disturb
please dont disturb me im sleeping,do_not_disturb
skip house keeping i need rest,do_not_disturb
no service calls please,do_not_disturb
do not want house keeping today,do_not_disturb
please just leave me alone,do_not_disturb
i dont want to see anyone,do_not_disturb
i dont want any service right now,do_not_disturb
dont send anyone up to my room,do_not_disturb
skip the service today thank you,do_not_disturb
dont come in my room right now,do_not_disturb
no service calls today,do_not_disturb
house keeping skip my room please,do_not_disturb
cant have anyone come by right now,do_not_disturb
skip house keeping i am resting,do_not_disturb
please do not interrupt me,do_not_disturb
dont need house keeping today thanks,do_not_disturb
leave me alone for a while,do_not_disturb
skip service today please,do_not_disturb
no house keeping needed at this time,do_not_disturb
please keep everyone out of my room,do_not_disturb
i would like to be undisturbed,do_not_disturb
no service is needed thank you,do_not_disturb
i need to rest undisturbed,do_not_disturb
no interruptions at all today,do_not_disturb
please leave the do not disturb on,do_not_disturb
dont need any help right now,do_not_disturb
house keeping skip this time,do_not_disturb
i want no disturbances please,do_not_disturb
please i need to sleep,do_not_disturb
cant have house keeping come today,do_not_disturb
i prefer to be left undisturbed,do_not_disturb
skip house keeping this is important,do_not_disturb
i dont want house keeping right now,do_not_disturb
please skip the service today,do_not_disturb
skip house keeping for today thanks,do_not_disturb
dont send anyone to clean my room,do_not_disturb
nobody should come in here,do_not_disturb
i would like to rest undisturbed,do_not_disturb
no cleaning service today please,do_not_disturb
keep the house keeping staff away,do_not_disturb
i want peace and quiet,do_not_disturb
no disturbances please im sleeping,do_not_disturb
skip my room during house keeping,do_not_disturb
please skip house keeping today,do_not_disturb
i need some alone time,do_not_disturb
dont bother me right now,do_not_disturb
house keeping can skip my room,do_not_disturb
i would prefer no interruptions,do_not_disturb
keep everyone out of my room,do_not_disturb
i dont want any visitors or staff,do_not_disturb
skip my room please,do_not_disturb
nobody needs to come clean,do_not_disturb
i will call if i need service,do_not_disturb
skip house keeping my room,do_not_disturb
please no disturbances today,do_not_disturb
i dont need cleaning service,do_not_disturb
please keep staff away from my room,do_not_disturb
skip house keeping thanks,do_not_disturb
no interruptions please im resting,do_not_disturb
i dont want service right now,do_not_disturb
dont disturb me at all,do_not_disturb
please leave me alone,do_not_disturb
no service for a few hours,do_not_disturb
i dont want any visitors right now,do_not_disturb
quiet please no disturbances,do_not_disturb
house keeping skip it today,do_not_disturb
dont bother me im resting,do_not_disturb
house keeping can come later,do_not_disturb
skip room service and cleaning,do_not_disturb
im not accepting any service today,do_not_disturb
house keeping not needed today,do_not_disturb
im in do not disturb mode,do_not_disturb
no interruptions for the next few hours,do_not_disturb
skip everything today please,do_not_disturb
please no noise or disturbances,do_not_disturb
leave me be for a while,do_not_disturb
house keeping you can skip,do_not_disturb
dont bother me with anything,do_not_disturb
no one in my room today,do_not_disturb
please skip all services today,do_not_disturb
house keeping not coming today,do_not_disturb
im requesting no disturbances,do_not_disturb
no house keeping or service today,do_not_disturb
skip house keeping and cleaning,do_not_disturb
dont send any staff to my room,do_not_disturb
please leave the do not disturb sign,do_not_disturb
no cleaning or service for now,do_not_disturb
house keeping can skip today entirely,do_not_disturb
skip house keeping today,do_not_disturb
im sleeping please do not disturb,do_not_disturb
please no house keeping this morning,do_not_disturb
im taking a nap do not disturb,do_not_disturb
skip house keeping this afternoon,do_not_disturb
do not allow house keeping in,do_not_disturb
leave the room alone,do_not_disturb
im occupied please do not disturb,do_not_disturb
no cleaning crew needed,do_not_disturb
please skip cleaning today,do_not_disturb
dont bother me,do_not_disturb
no one in the room,do_not_disturb
please no house keeping visits,do_not_disturb
skip house keeping this evening,do_not_disturb
please keep the room as is,do_not_disturb
i dont want anyone in here,do_not_disturb
skip cleaning for now,do_not_disturb
do not allow anyone in,do_not_disturb
please leave the room untouched,do_not_disturb
no house keeping service needed,do_not_disturb
nobody should come to my room,do_not_disturb
no house keeping needed thanks,do_not_disturb
please dont send anyone up,do_not_disturb
dont let house keeping in,do_not_disturb
no one is allowed in here,do_not_disturb
leave the room alone please,do_not_disturb
skip me for house keeping today,do_not_disturb
im resting please do not disturb,do_not_disturb
nobody in my room thanks,do_not_disturb
no interruptions please im tired,do_not_disturb
please keep house keeping away,do_not_disturb
skip house keeping im sleeping,do_not_disturb
dont bother me at all,do_not_disturb
i dont want any visitors or service,do_not_disturb
keep out of my room please,do_not_disturb
skip the house keeping service,do_not_disturb
skip the cleaning today,do_not_disturb
please no service right now,do_not_disturb
leave me alone thanks,do_not_disturb
dont send anyone up,do_not_disturb
no house keeping needed,do_not_disturb
i dont need anything today,do_not_disturb
please leave the room alone,do_not_disturb
dont disturb me for a few hours,do_not_disturb
i want no interruptions,do_not_disturb
please skip house keeping tomorrow,do_not_disturb
im resting no house keeping,do_not_disturb
i need help immediately someone is at my door,emergency
the door lock is broken and wont open,emergency
i smell gas in the hallway please help,emergency
can someone come to my room right away,emergency
there is water leaking from the ceiling badly,emergency
i heard breaking glass outside my room,emergency
someone is banging on my door loudly,emergency
i cannot get out of my room the door is stuck,emergency
there is a strange person in the hallway,emergency
i feel threatened and need security now,emergency
the air conditioning unit is making a burning smell,emergency
can you send house keeping i have an emergency,emergency
i locked myself out please send someone quickly,emergency
there is yelling and fighting in the next room,emergency
i need urgent assistance to my room immediately,emergency
the smoke detector keeps going off repeatedly,emergency
i am trapped in my room send help,emergency
there is broken glass in my bathroom,emergency
someone knocked on my door at three am,emergency
i smell something burning in the walls,emergency
the lock on my door is not working,emergency
please send security to my room right now,emergency
i heard an explosion sound from downstairs,emergency
the window is broken and wont close,emergency
i feel unsafe in this room please help,emergency
there is flooding coming under my door,emergency
i cannot access my room at all,emergency
someone is loitering outside my door area,emergency
the mini bar caught fire somehow,emergency
can security come to my room immediately,emergency
i think there is an intruder in the hotel,emergency
the door handle came off in my hand,emergency
i am very scared please send someone now,emergency
there is a chemical smell coming through the a c,emergency
i locked my keys inside the room,emergency
the window latch is broken it wont lock,emergency
i saw someone suspicious on this floor,emergency
the smoke is getting thicker in the hallway,emergency
can you help me i am stuck outside,emergency
there is water pouring into my room,emergency
i heard gunshots or something like that,emergency
the t v caught fire or is smoking,emergency
i need to get out of this room now,emergency
the toilet is overflowing everywhere,emergency
the hallway is filling with smoke fast,emergency
can someone unlock my door immediately please,emergency
i am being threatened by another guest,emergency
the electricity went out and i am scared,emergency
there is a chemical leak on my floor,emergency
i need security in my room immediately,emergency
i smell gas coming from under the door,emergency
there is water flooding my bathroom right now,emergency
i heard breaking glass in the hallway outside,emergency
can you send help to my room now,emergency
the air conditioning unit is making a loud noise,emergency
i am trapped in the elevator please help,emergency
the window is stuck and wont close properly,emergency
i feel unsafe in this room please move me,emergency
there is a power outage in my room,emergency
someone stole my wallet from the safe,emergency
i heard gunshots in the corridor,emergency
the smoke detector keeps going off,emergency
i need a security guard right away,emergency
the bathroom door is locked from inside,emergency
i cannot reach anyone at the front desk,emergency
there is blood on the hallway floor,emergency
my room key is not working at all,emergency
i see flames coming from another room,emergency
the lock on my door is hanging off,emergency
someone is following me in the hallway,emergency
the guest next to me is being very violent,emergency
the window glass is cracked and falling,emergency
there is an intruder on my floor,emergency
i need emergency services in my room now,emergency
the door handle broke off in my hand,emergency
there is a gas leak smell everywhere,emergency
the corridor is filling with smoke,emergency
i am scared please send someone immediately,emergency
there is ice on the floor its very dangerous,emergency
i cannot breathe properly in this room,emergency
there is blood coming from the room next door,emergency
the mini bar door is stuck and broken,emergency
the elevator is stuck with people inside,emergency
i heard screaming from the floor above,emergency
there is toxic fumes coming from the hallway,emergency
my child is missing from the room,emergency
someone is threatening me through the door,emergency
the house keeping staff member is acting strange,emergency
there is mold growing on the ceiling,emergency
i see sparks coming from the wall outlet,emergency
the bathroom floor is flooded with water,emergency
the wi fi router is sparking and smoking,emergency
there is a very strong chemical smell,emergency
i need help i am locked in,emergency
there is a fire in my room please help,emergency
i need security to come to my room immediately,emergency
i smell gas coming from the bathroom,emergency
i heard breaking glass in the hallway,emergency
the air conditioning is making a dangerous noise,emergency
i found a stranger in my room,emergency
my room door will not lock properly,emergency
there is a chemical smell in my room,emergency
please send someone to my room right away,emergency
the window is broken and wide open,emergency
someone tried to enter my room without permission,emergency
there is something burning in the corridor,emergency
the bathroom is filling with smoke,emergency
i am locked in the bathroom help me,emergency
i think there is an intruder on this floor,emergency
the elevator is stuck between floors,emergency
my room has no power and its dark,emergency
someone is being aggressive in the hallway,emergency
i need help immediately im very scared,emergency
the door handle is broken completely,emergency
there is a loud explosion sound coming from downstairs,emergency
i believe there is a gas leak somewhere,emergency
the window latch is broken it wont close,emergency
there is water pouring from the ceiling,emergency
i think someone broke into my room,emergency
the lock on my door is jammed shut,emergency
i am hearing strange noises in the walls,emergency
please send security right now im scared,emergency
there is an electrical fire in my room,emergency
the balcony railing seems very unstable,emergency
i found the door to my room open,emergency
someone in the hallway is being very threatening,emergency
the heating is dangerously hot i cant breathe,emergency
i see smoke coming from the air vents,emergency
my room key does not work at all,emergency
there is a gas smell coming from the stove,emergency
the fire exit is blocked by furniture,emergency
i am locked in my room and very afraid,emergency
i found broken glass all over the floor,emergency
i am stuck outside my room and i cannot get in,emergency
there is a fire alarm going off on my floor right now,emergency
please send help to my room immediately i am in danger,emergency
someone is banging on my door and i am scared,emergency
i smell gas in my room please come quick,emergency
the lock on my door is broken and wont open,emergency
i want to order some food to my room,food_order
id like to see the room service menu please,food_order
send me a pizza to room two oh five,food_order
can you bring up some tea and biscuits,food_order
i would like to order breakfast for tomorrow morning,food_order
get me a salad and a bottle of wine,food_order
can i have some ice cream sent to my room,food_order
please bring me a sandwich and some chips,food_order
id like to order from the mini bar,food_order
can you send up some coffee and pastries,food_order
i want a steak with vegetables please,food_order
bring me some soup and bread rolls,food_order
can i order some fruit and yogurt,food_order
id like a burger with extra cheese,food_order
send up two beers and some nuts,food_order
can you bring me some dessert,food_order
i would like to order pasta carbonara,food_order
get me a coffee and a croissant please,food_order
can i have some nachos and salsa,food_order
id like to see what you have for lunch,food_order
bring me a chicken sandwich and fries,food_order
can you order me some sushi,food_order
i want some chocolate cake and coffee,food_order
send me a greek salad to my room,food_order
can i get a full breakfast delivered,food_order
id like some grilled fish with lemon,food_order
bring up some orange juice and cereal,food_order
can you send me some garlic bread,food_order
i would like to order a club sandwich,food_order
get me some water and fruit juice,food_order
can i have some pasta and red wine,food_order
id like a margherita pizza please,food_order
send some hot chocolate and cookies,food_order
can you bring me a caesar salad,food_order
i want pancakes and maple syrup,food_order
id like to order some tapas,food_order
can you send up some champagne and glasses,food_order
bring me a tuna sandwich and pickles,food_order
can i get some barbecue chicken,food_order
id like some pad thai delivered to my room,food_order
send me an omelette with toast,food_order
can you order some spring rolls,food_order
i want a ribeye steak medium rare,food_order
id like some mozzarella sticks and dip,food_order
bring me some lemonade and a sandwich,food_order
can i have a turkey club and fries,food_order
i would like to order some seafood pasta,food_order
get me some nachos with melted cheese,food_order
can you send some apple pie and cream,food_order
send me some shrimp and garlic butter,food_order
can i order some vegetable soup,food_order
i want some brownies and cold milk,food_order
id like some thai green curry,food_order
please bring me a coffee to room two one five,food_order
can i get a pizza delivered to my room,food_order
i want to order from the room service menu,food_order
send me a bottle of wine and two glasses,food_order
can you bring some snacks to my room,food_order
id like a caesar salad with dressing on the side,food_order
please order me a steak with vegetables,food_order
can i get some tea and biscuits sent up,food_order
i would like to see what food you have available,food_order
bring me a sandwich and a soft drink please,food_order
can you order dessert for me,food_order
id like some soup and bread rolls,food_order
can i order breakfast at seven am,food_order
i want a pasta dish with garlic bread,food_order
can you send some chocolate to my room,food_order
id like to order a full breakfast,food_order
bring me a salad and mineral water,food_order
can i get coffee and pastries in the morning,food_order
i would like a grilled cheese sandwich,food_order
send up some appetizers please,food_order
id like some ice cream sent to my room,food_order
please bring whiskey and some ice,food_order
i want to order lunch delivered now,food_order
can i get a fruit platter,food_order
send me a club sandwich and fries,food_order
id like to order champagne for a celebration,food_order
bring some cookies and milk to my room,food_order
can you send up chicken with rice,food_order
i would like a vegetarian meal,food_order
please order me some sushi,food_order
can i get a burger with cheese and bacon,food_order
send up bottled water and fresh fruit,food_order
id like to order a late night snack,food_order
bring me a grilled fish with lemon,food_order
can you send some wine to my room,food_order
i want to order afternoon tea service,food_order
can i get pizza with extra cheese,food_order
id like some soup and a sandwich please,food_order
send me a bottle of sparkling water,food_order
can you bring me a turkey club sandwich,food_order
please send up a chocolate cake,food_order
can i get a mediterranean salad,food_order
bring me a cappuccino and a muffin,food_order
can you send some nachos and guacamole,food_order
i want to order a full breakfast spread,food_order
can i get grilled vegetables and chicken,food_order
send me a dessert menu please,food_order
i would like some french onion soup,food_order
id like to see what drinks you have,food_order
send up a pasta dish please,food_order
can i get pancakes for breakfast,food_order
i need some snacks delivered to room two oh five,food_order
what sandwiches do you have available,food_order
bring me a salad and some tea,food_order
do you have any desserts on the menu,food_order
i would like to order from room service,food_order
can you send two beers up to my room,food_order
id like some pizza with extra cheese,food_order
what can i get delivered right now,food_order
send up some juice and fruit please,food_order
i want breakfast in bed tomorrow morning,food_order
can i order chinese food,food_order
bring me a steak and a glass of wine,food_order
what time can you deliver my food,food_order
i need a snack sent to my room,food_order
can you get me some cookies and milk,food_order
send up some chicken wings and fries,food_order
what appetizers are available,food_order
i want a sandwich and some chips,food_order
can i get a salad delivered,food_order
bring me some coffee and a muffin,food_order
do you deliver ice cream to rooms,food_order
id like some nachos and guacamole,food_order
send up a burger with extra bacon,food_order
what soups do you have today,food_order
i need some protein bars sent up,food_order
can you order me some noodles,food_order
bring me a fruit plate please,food_order
what are the lunch specials today,food_order
id like some chocolate cake and coffee,food_order
send a club sandwich to my room,food_order
can i get some fresh orange juice,food_order
what kind of cheese do you have,food_order
i want some grilled fish and vegetables,food_order
bring me some popcorn and a soda,food_order
do you have any hot food available right now,food_order
what pastries do you have in stock,food_order
send up some pasta and garlic bread,food_order
can you bring me some soup,food_order
i need laundry service right away,laundry_service
can you wash these clothes for me,laundry_service
please pick up my dirty laundry,laundry_service
i have some items that need ironing,laundry_service
i need my suit cleaned and pressed,laundry_service
can you send house keeping for my clothes,laundry_service
i need these shirts washed and ironed,laundry_service
please collect my laundry from the room,laundry_service
i need my dress dry cleaned,laundry_service
can you pick up my laundry in an hour,laundry_service
i have laundry that needs urgent service,laundry_service
please wash and fold my clothes,laundry_service
when can you pick up my dirty clothes,laundry_service
i need my pants pressed for tomorrow,laundry_service
can someone collect my laundry today,laundry_service
i need express laundry service please,laundry_service
when will my laundry be back,laundry_service
please send someone to get my clothes,laundry_service
i need my jacket cleaned,laundry_service
i have some washing that needs doing,laundry_service
please iron my shirts for the morning,laundry_service
when can you pick up laundry,laundry_service
i need my clothes washed and returned,laundry_service
can you collect laundry from room three zero five,laundry_service
i need this cleaned as soon as possible,laundry_service
when is the laundry service available,laundry_service
i need my dress ironed for dinner,laundry_service
i need laundry service for my items,laundry_service
please collect my washing from the bathroom,laundry_service
when will laundry service come to my room,laundry_service
i need my clothes back by checkout,laundry_service
please send house keeping for my laundry,laundry_service
i need my suit ready by morning,laundry_service
when can you pick up my garments,laundry_service
i need express ironing service please,laundry_service
can someone pick up my clothes soon,laundry_service
i need my laundry done urgently,laundry_service
please collect and wash my clothes,laundry_service
when is laundry service available today,laundry_service
i need my items cleaned and pressed,laundry_service
can you do same day laundry service,laundry_service
i have dirty clothes that need washing,laundry_service
please iron my clothes for tonight,laundry_service
when will someone collect my laundry,laundry_service
i need my outfit ready for tomorrow,laundry_service
can you pick up laundry from my room,laundry_service
i need urgent laundry service please,laundry_service
please wash my clothes before checkout,laundry_service
when can laundry service pick up my items,laundry_service
can you do my laundry please,laundry_service
i have some clothes that need washing,laundry_service
i need my shirts ironed,laundry_service
can house keeping take my laundry,laundry_service
i need these pants pressed for tonight,laundry_service
do you have same day laundry service,laundry_service
i need my dress cleaned urgently,laundry_service
can you wash and iron my clothes,laundry_service
i need my suit cleaned for tomorrow,laundry_service
can someone pick up my dirty clothes,laundry_service
my laundry needs ironing please,laundry_service
what time can you do laundry pickup,laundry_service
can you clean my clothes by morning,laundry_service
please send someone for laundry collection,laundry_service
how much is the laundry service,laundry_service
can you do my laundry today,laundry_service
when will you pick up my laundry,laundry_service
please laundry service to my room now,laundry_service
can you iron these shirts please,laundry_service
i need dry cleaning service please,laundry_service
i need my clothes back tomorrow morning,laundry_service
please take my laundry downstairs,laundry_service
what are your laundry service hours,laundry_service
i have delicate clothes that need cleaning,laundry_service
can you do express laundry for me,laundry_service
i need my blouse ironed for tomorrow,laundry_service
please collect my laundry bag,laundry_service
my clothes need urgent washing,laundry_service
i need my trousers pressed today,laundry_service
can you clean these clothes by tonight,laundry_service
i need laundry picked up from my room,laundry_service
what time does laundry service end,laundry_service
i have clothes that need to be pressed,laundry_service
please do my laundry as soon as possible,laundry_service
i need my outfit cleaned for the event,laundry_service
i need laundry service for my room,laundry_service
when can someone come get my clothes,laundry_service
i need my shirts ironed this evening,laundry_service
can the house keeping do my laundry,laundry_service
id like laundry service as soon as possible,laundry_service
can you send someone to collect my garments,laundry_service
i need my pants cleaned and ironed,laundry_service
my dress needs dry cleaning please,laundry_service
please send house keeping for laundry collection,laundry_service
i have delicate items that need washing,laundry_service
my shirts need to be ironed,laundry_service
can laundry be delivered by morning,laundry_service
i need my clothes cleaned and pressed,laundry_service
please arrange laundry service for me,laundry_service
can you do rush laundry service,laundry_service
i need my jackets cleaned,laundry_service
when will laundry service arrive,laundry_service
can you pick up clothes from my room,laundry_service
i need laundry done before tonight,laundry_service
please wash and iron my garments,laundry_service
i need urgent laundry service now,laundry_service
when is laundry pickup available,laundry_service
can you clean my clothes today,laundry_service
i need my outfit ready for dinner,laundry_service
please collect and wash my laundry,laundry_service
can you do laundry while im out,laundry_service
i need my clothes folded and hung,laundry_service
my dress needs to be ironed,laundry_service
can laundry be ready by checkout,laundry_service
i have clothes for dry cleaning,laundry_service
i need my clothes pressed this afternoon,laundry_service
can you handle delicate laundry items,laundry_service
my suit needs urgent cleaning please,laundry_service
i need clothes washed and dried,laundry_service
please wash these clothes for me,laundry_service
please iron this shirt for tomorrow,laundry_service
send house keeping to collect laundry,laundry_service
i need these pants ironed urgently,laundry_service
i have laundry that needs washing,laundry_service
please do dry cleaning on this jacket,laundry_service
can laundry service come to my room,laundry_service
i need these items washed today,laundry_service
can you iron these clothes for me,laundry_service
please wash my clothes and deliver them,laundry_service
can you do laundry in a few hours,laundry_service
please wash these clothes quickly,laundry_service
can you iron my clothes by evening,laundry_service
i need my suit for tomorrow morning,laundry_service
can someone come pick up my laundry,laundry_service
please collect these dirty clothes now,laundry_service
i need these shirts ironed for tonight,laundry_service
when can laundry service come by,laundry_service
can you do my laundry in two hours,laundry_service
please send someone for laundry pickup,laundry_service
can you iron this dress for tomorrow,laundry_service
i need my clothes cleaned and returned,laundry_service
can laundry service iron my clothes,laundry_service
please wash and iron these items,laundry_service
i need laundry done by checkout time,laundry_service
can you collect my dirty clothes today,laundry_service
please pick up my dirty laundry today,laundry_service
when can someone collect my clothes,laundry_service
i need my pants pressed by tomorrow,laundry_service
can house keeping do my laundry,laundry_service
send someone to get my clothes please,laundry_service
i need these items cleaned urgently,laundry_service
what time can you pick up laundry,laundry_service
can you iron my dress shirt please,laundry_service
i need my clothes back by check out,laundry_service
please collect the laundry from my room,laundry_service
can i get express laundry service,laundry_service
what is your laundry turnaround time,laundry_service
can you do my laundry overnight,laundry_service
i have some clothes that need dry cleaning,laundry_service
i need my jacket pressed for tonight,laundry_service
when can laundry service come to my room,laundry_service
i need this cleaned before tomorrow morning,laundry_service
do you have laundry available right now,laundry_service
can someone come pick up my dirty clothes,laundry_service
can you turn on the lights in here,lighting_control
i need more light to read,lighting_control
can the lights be softer,lighting_control
its too bright in here can you help,lighting_control
lower the brightness a little bit,lighting_control
switch off the hallway light,lighting_control
turn on the bedside lamp please,lighting_control
the lighting is making me squint,lighting_control
can you adjust the lights,lighting_control
switch on the living room lights,lighting_control
i cant see very well can you help,lighting_control
brighten up the space,lighting_control
turn off the t v light,lighting_control
dim it down a few notches,lighting_control
make the lights warmer please,lighting_control
turn on all the lights now,lighting_control
the lights are bothering my eyes,lighting_control
can you lower them,lighting_control
switch off that light over there,lighting_control
i need the lights brighter for work,lighting_control
make it less bright,lighting_control
turn on the reading light please,lighting_control
dim the bedroom light,lighting_control
switch on the entrance light,lighting_control
can you make it dimmer,lighting_control
brighten the bathroom please,lighting_control
switch the lamp on,lighting_control
lower the light level please,lighting_control
make the lights a bit softer,lighting_control
dim everything down,lighting_control
its dark in here can you turn them on,lighting_control
switch off the closet light,lighting_control
can you brighten this space up,lighting_control
make the lights less intense,lighting_control
turn on the night light,lighting_control
switch on the wall light,lighting_control
i need it darker in here,lighting_control
switch off the overhead light,lighting_control
can you turn on more lights,lighting_control
the lighting needs adjustment,lighting_control
turn the light on please,lighting_control
its too dark in the room,lighting_control
the room is too bright can you dim it,lighting_control
can you turn the lights up,lighting_control
switch on the main light,lighting_control
turn off the bedside light,lighting_control
its too bright please dim the lights,lighting_control
can you switch off the light,lighting_control
turn the bathroom light on,lighting_control
dim it please,lighting_control
can the lights be dimmed please,lighting_control
its dark can you turn the lights on,lighting_control
turn the lights down a bit,lighting_control
switch on the light please,lighting_control
the brightness is too low,lighting_control
can you turn the bedroom light off,lighting_control
can the room be darker,lighting_control
turn the light down,lighting_control
turn on the overhead light,lighting_control
can you brighten the lights,lighting_control
switch the light off,lighting_control
dim the lights for me,lighting_control
i need more light in the bathroom,lighting_control
can the lights be a little less bright,lighting_control
its too bright can you lower it,lighting_control
the lights are way too dim,lighting_control
make the lights dimmer please,lighting_control
can i get the lights turned on,lighting_control
turn off the lamp by the bed,lighting_control
the lighting is too harsh,lighting_control
switch on the hallway light,lighting_control
can you brighten up the room,lighting_control
turn off the lights when youre done,lighting_control
make it a bit less bright please,lighting_control
can the bedroom light be on,lighting_control
dim it down a little bit,lighting_control
turn on the air conditioning and the lights,lighting_control
switch off the reading light,lighting_control
turn on all the lights please,lighting_control
can i have more light please,lighting_control
the lights are bothering me,lighting_control
turn on the lamp over there,lighting_control
turn off the ceiling light,lighting_control
can the lights be turned down,lighting_control
switch on the kitchen light,lighting_control
turn on the bedside lights please,lighting_control
the brightness is too much,lighting_control
can you make it less bright,lighting_control
turn on the lights by the mirror,lighting_control
dim the bedroom light please,lighting_control
can the lights be dimmed,lighting_control
switch off the desk lamp,lighting_control
turn on the corridor light,lighting_control
the room is way too bright right now,lighting_control
please make it brighter,lighting_control
i need the bathroom light on,lighting_control
dim these lights for me,lighting_control
switch the bedside lamp on,lighting_control
the hallway light isnt working,lighting_control
can i get some light in the bedroom,lighting_control
these lights are way too bright,lighting_control
i cant see can you turn them on,lighting_control
darken the room a little bit,lighting_control
the living room is too dark,lighting_control
switch off the entrance light,lighting_control
the lights need to be lower,lighting_control
turn on the closet light please,lighting_control
turn off the bathroom lights,lighting_control
can you dim it down a bit,lighting_control
the bedroom light is too dim,lighting_control
switch on all the main lights,lighting_control
turn the lights off when you leave,lighting_control
dim the overhead lights for me,lighting_control
can you turn on the night light,lighting_control
its dark in the hallway,lighting_control
turn off the side lamps,lighting_control
the light in the bedroom is broken,lighting_control
turn on the main light please,lighting_control
these lights are hurting my eyes,lighting_control
make it a bit less bright,lighting_control
dim the lights to half brightness,lighting_control
turn off everything except the lamp,lighting_control
the room needs to be darker,lighting_control
switch the lights off for me,lighting_control
turn on the a c and lights,lighting_control
can you lower the brightness level,lighting_control
turn off the t v and lights,lighting_control
the lights should be dimmer now,lighting_control
switch on the bedside light please,lighting_control
turn the lamp off please,lighting_control
i need more light in the room,lighting_control
dim the lights a little bit,lighting_control
lights are too bright,lighting_control
can i get the lights brighter,lighting_control
i want the lights off now,lighting_control
turn off the bedside lamp,lighting_control
i need the lights dimmed,lighting_control
make it a bit dimmer,lighting_control
can you lower the brightness in here,lighting_control
lights too bright please dim them,lighting_control
i want it darker,lighting_control
dim the bedroom light for me,lighting_control
turn down the light please,lighting_control
lights need to be brighter,lighting_control
switch on the bedside light,lighting_control
i want the lights dimmed,lighting_control
i need the lights dimmer please,lighting_control
turn on the bedside lamp for me,lighting_control
can the lights be a little lower,lighting_control
dim the lights in the bedroom please,lighting_control
turn all the lights on,lighting_control
its too dark can you brighten it,lighting_control
switch on the desk light please,lighting_control
the room is too bright right now,lighting_control
i need some light in the bathroom,lighting_control
can you dim it down a little,lighting_control
switch the lights off in the living room,lighting_control
its really dark in here,lighting_control
the lights are too dim can you help,lighting_control
turn the bedroom lights off,lighting_control
turn on the lights by the bed,lighting_control
dim the lights a little bit please,lighting_control
i want the lights dimmer,lighting_control
turn off the tv light,lighting_control
can you make it brighter in the bedroom,lighting_control
switch off the main lights,lighting_control
its too dark can you turn on lights,lighting_control
make the lights less bright please,lighting_control
can you lower the lights please,lighting_control
the lights are too low turn them up,lighting_control
switch on all the lights in here,lighting_control
turn off the side table lamp,lighting_control
can the bedroom be brighter,lighting_control
dim the lights down a bit,lighting_control
its too bright can you dim it,lighting_control
can you turn on some lights please,lighting_control
make it darker in the room,lighting_control
can you brighten this up for me,lighting_control
turn off the reading lamp,lighting_control
dim these lights a little bit,lighting_control
switch the light on for me,lighting_control
i need more light in the bedroom,lighting_control
turn on the light by the bed,lighting_control
turn the lights on in the bedroom,lighting_control
dim it down a little,lighting_control
make the lighting brighter,lighting_control
turn off all the lights in here,lighting_control
can you brighten the lights up,lighting_control
switch the lights on please,lighting_control
make it less bright in here,lighting_control
switch off the lights please,lighting_control
can you turn them on,lighting_control
the room is very dark right now,lighting_control
make the lights less dim,lighting_control
i need more light right now,lighting_control
turn on the bathroom light for me,lighting_control
switch off all the lights please,lighting_control
can the lights be a bit brighter,lighting_control
turn the bedroom light on please,lighting_control
i want the lights completely off now,lighting_control
make the room brighter for me thanks,lighting_control
can you dim the lights down,lighting_control
switch the lights on in the bathroom,lighting_control
can you brighten up the room please,lighting_control
turn off the light in the bedroom,lighting_control
i need the lights turned on please,lighting_control
the brightness is too high for me,lighting_control
turn on the reading light in here,lighting_control
switch off the bedroom lights for me,lighting_control
make it brighter in the living area,lighting_control
dim the lights down a little please,lighting_control
can the light be turned off please,lighting_control
i want more light in this room,lighting_control
the lights are too bright in here,lighting_control
turn on the lights in the bathroom,lighting_control
can you make the room less bright,lighting_control
switch on the lights for me please,lighting_control
make the room darker please thanks,lighting_control
turn the lights off in here,lighting_control
lower the light level a little bit,lighting_control
turn on the main light right now,lighting_control
the room needs to be brighter now,lighting_control
can you dim these lights please,lighting_control
switch the light off in the bedroom,lighting_control
make the lights brighter in the room,lighting_control
turn off all the lights right now,lighting_control
i need the light on please thanks,lighting_control
can you lower the light brightness,lighting_control
the lights need to be dimmer please,lighting_control
make it less bright in this room,lighting_control
can the bedroom light be turned off,lighting_control
switch on the lights in the bedroom,lighting_control
turn the lights on in the room,lighting_control
can you make it darker in here,lighting_control
turn off the bathroom light for me,lighting_control
can you turn on the lights please,lighting_control
the light is too bright for me,lighting_control
the air conditioning in my room is broken,maintenance
i need someone to fix the bathroom sink,maintenance
the television wont turn on,maintenance
can you send maintenance to fix the door lock,maintenance
my toilet is running constantly,maintenance
the light in the bedroom is flickering,maintenance
the heating system is not working at all,maintenance
can someone come fix the bathroom tap,maintenance
the window is stuck and wont open,maintenance
theres a leak under the bathroom sink,maintenance
the air conditioner is making a strange noise,maintenance
my shower curtain rail is falling down,maintenance
can you fix the bedroom door it wont close properly,maintenance
theres a problem with the a c unit,maintenance
the mini fridge is leaking water,maintenance
the bedroom curtains wont close,maintenance
the lamp in the living area is broken,maintenance
can someone fix the shower temperature control,maintenance
the t v picture is very blurry,maintenance
theres mold growing in the bathroom,maintenance
can you send maintenance for the air conditioning,maintenance
the bedside table drawer is stuck,maintenance
the hot water is not working in the shower,maintenance
theres a stain on the carpet that looks fresh,maintenance
can you fix the flickering lights in my room,maintenance
the bathroom sink is completely blocked,maintenance
the bedroom closet door is off its hinges,maintenance
theres a problem with the room temperature,maintenance
the bathroom mirror is fogged up permanently,maintenance
the shower head is leaking badly,maintenance
the toilet paper holder is broken,maintenance
can someone fix the a c it is too cold,maintenance
the television screen is cracked,maintenance
the bedroom floor has a wet spot,maintenance
the mini bar door wont stay closed,maintenance
can you send housekeeping to fix the leak,maintenance
the shower is draining very slowly,maintenance
the bedroom window latch is broken,maintenance
the air conditioning is broken in my room,maintenance
my t v remote isnt working,maintenance
theres a leak coming from the ceiling,maintenance
the bed is really uncomfortable,maintenance
the a c is making a loud noise,maintenance
my room key card isnt working,maintenance
the hallway light outside my door is out,maintenance
the shower head is not spraying water,maintenance
the elevator seems to be broken,maintenance
theres mold in the bathroom,maintenance
the mini fridge is not cold,maintenance
the bathroom exhaust fan isnt working,maintenance
theres a stain on the carpet that wont come out,maintenance
the hair dryer is broken,maintenance
the wall outlet isnt working,maintenance
the shower is dripping all night,maintenance
the a c smells really bad,maintenance
my room is way too cold,maintenance
the bedside lamp is not turning on,maintenance
the sink faucet handle is broken,maintenance
the shower temperature wont change,maintenance
the mini bar is not keeping things cold,maintenance
my a c is blowing hot air,maintenance
the television picture is all fuzzy,maintenance
theres a gap under the door,maintenance
the window wont stay open,maintenance
theres no pressure on the hot water,maintenance
my t v wont turn off,maintenance
the bathroom vent is too noisy,maintenance
the closet light is out,maintenance
the a c filter needs changing,maintenance
the door hinge is loose,maintenance
theres water pooling on the bathroom floor,maintenance
the t v remote is stuck,maintenance
the bedside alarm clock isnt working,maintenance
the air conditioning unit is broken in my room,maintenance
theres water dripping from the ceiling in my bedroom,maintenance
my television wont turn on at all,maintenance
the shower head is not working properly,maintenance
can someone fix the broken lamp by the bed,maintenance
the mini bar door is stuck and wont close,maintenance
theres a problem with the heating system in here,maintenance
my room key card is not working anymore,maintenance
the toilet seat is cracked and uncomfortable,maintenance
theres a leak coming from under the sink,maintenance
can you send someone to fix the broken air con,maintenance
my hair dryer stopped working this morning,maintenance
the bed frame is making a lot of noise,maintenance
the door lock seems to be jammed,maintenance
theres mold growing in the bathroom corner,maintenance
the t v remote is not responding to anything,maintenance
my phone in the room isnt getting a dial tone,maintenance
the windows wont open at all,maintenance
the mini fridge is making a strange humming sound,maintenance
can someone come look at the broken desk lamp,maintenance
the blinds are stuck in the closed position,maintenance
my television has no sound coming out,maintenance
the heating in my room is way too hot,maintenance
can you fix the broken outlet by the desk,maintenance
theres condensation all over the windows,maintenance
the bathroom door wont stay closed,maintenance
the ice bucket has a hole in the bottom,maintenance
the t v keeps changing channels by itself,maintenance
theres a problem with the wi fi connection,maintenance
can someone repair the broken coffee maker,maintenance
the air con is making a weird noise,maintenance
theres a leak in the bathroom ceiling,maintenance
the room door is very hard to open,maintenance
my television picture is all fuzzy and distorted,maintenance
the bathroom sink is completely clogged up,maintenance
theres no water pressure in the shower at all,maintenance
the bed lamp keeps turning off by itself,maintenance
the air conditioning is leaking water everywhere,maintenance
can you come fix the broken thermostat,maintenance
theres a loose electrical outlet near the bed,maintenance
the television keeps losing the picture signal,maintenance
the bathroom heater isnt producing any heat,maintenance
my room is way too cold at night,maintenance
theres a gap under the door letting in cold air,maintenance
can someone look at the broken window latch,maintenance
the light switch in the bathroom is broken,maintenance
theres crackling noise coming from the speakers,maintenance
can someone fix the light in the bathroom,maintenance
my mini bar door wont close,maintenance
the remote control for the t v is not working,maintenance
the toilet is clogged,maintenance
can you send house keeping to fix the blinds,maintenance
the heater in my room is too cold,maintenance
the door lock is stuck,maintenance
my lamp is flickering on and off,maintenance
the sink is backing up with water,maintenance
the curtains are torn and need replacing,maintenance
can someone come fix the coffee maker,maintenance
the bed frame is broken,maintenance
my alarm clock is not working,maintenance
the bathroom fan is making a strange noise,maintenance
can house keeping come fix the broken chair,maintenance
the air con is making a loud noise,maintenance
my key card is not working,maintenance
the heating system is not on,maintenance
can you fix the broken picture frame,maintenance
the bathroom light is burnt out,maintenance
theres a crack in the window,maintenance
the door handle is broken,maintenance
my t v wont turn on,maintenance
can someone fix the toilet seat,maintenance
the air conditioning is too loud,maintenance
my phone is not working,maintenance
can house keeping fix the broken drawer,maintenance
the kettle is not heating water,maintenance
my room smells like mold,maintenance
the wardrobe door handle is loose,maintenance
the shower is ice cold,maintenance
can you send someone to fix the heater,maintenance
the bathroom vent is not working,maintenance
theres condensation on the windows,maintenance
the side table lamp wont turn off,maintenance
my room key doesnt work anymore,maintenance
the bathroom exhaust fan is broken,maintenance
can someone come fix the broken blind cord,maintenance
the t v channels are not working,maintenance
the air conditioning in my room isnt working,maintenance
could you send someone to fix the shower,maintenance
the light in the bathroom is broken,maintenance
my bed has a broken spring,maintenance
the mini bar door wont close,maintenance
theres no hot water in my room,maintenance
can someone fix the t v remote,maintenance
the window blinds are stuck,maintenance
the door lock isnt working properly,maintenance
theres a leak under the kitchen sink,maintenance
could you repair the coffee maker,maintenance
the closet door is off its hinges,maintenance
my tv screen is cracked,maintenance
the desk lamp wont turn on,maintenance
the telephone is not working,maintenance
can you fix the bathroom exhaust fan,maintenance
the door is stuck and wont open,maintenance
theres no pressure in the shower,maintenance
the room key card isnt working,maintenance
the microwave in my room is broken,maintenance
could someone come fix the shower please,maintenance
can i get some hangers for my room,misc_request
i need a phone charger right away,misc_request
could you bring me an umbrella please,misc_request
i would like some stationary items,misc_request
do you have any adapters available,misc_request
i need a bottle opener for my room,misc_request
could you send up a hair brush,misc_request
can i get a desk lamp please,misc_request
i would like some writing paper,misc_request
do you have any extension cords,misc_request
can you bring me a phone charger,misc_request
i need some notepads and pens,misc_request
could you send up an umbrella to my room,misc_request
can i get some scotch tape,misc_request
i need a bottle opener please,misc_request
can you send up a needle and thread,misc_request
i would like a power adapter,misc_request
can i get some stationery please,misc_request
could you bring me a shoe horn,misc_request
could i get a nightlight please,misc_request
i would like some extra blankets,misc_request
can i get a phone charger cable,misc_request
i need an umbrella for tonight,misc_request
could you send up some hangers please,misc_request
i need a usb adapter for my phone,misc_request
could i get some writing supplies,misc_request
can you send up a hair dryer to my room,misc_request
i would like some extra towels please,misc_request
can i get a desk calendar,misc_request
i need some batteries please,misc_request
could you bring me an umbrella right away,misc_request
can you send up a luggage rack,misc_request
could i get some notepaper and envelopes,misc_request
can you bring me some hangers for my closet,misc_request
i would like a clothing iron,misc_request
can i get some tissues please,misc_request
could you send up a sewing kit,misc_request
can you bring me a telephone charger,misc_request
i need some extra coat hangers,misc_request
could i get a night light for my room,misc_request
can you send up an adapter cable,misc_request
i would like some pens and paper please,misc_request
can i get an umbrella to borrow,misc_request
i need a bottle opener for my wine,misc_request
could you bring me some towels please,misc_request
can you send up a bottle opener,misc_request
i would like a sewing kit please,misc_request
could i get a hair dryer,misc_request
do you have any adapters for my phone,misc_request
can you bring me some stationery supplies,misc_request
could you send up a corkscrew,misc_request
i need a iron for my clothes,misc_request
do you have any extension cords available,misc_request
can i get a desk lamp for my room,misc_request
i would like some shoe polish please,misc_request
could you send up some coat hangers,misc_request
i need a usb cable right now,misc_request
do you have any reading glasses available,misc_request
can you bring me some notepads and pens,misc_request
could i get a wake up call at six am,misc_request
can you send up a box of tissues,misc_request
i need an extra blanket for tonight,misc_request
could you bring me some matches or a lighter,misc_request
do you have any flashlights available,misc_request
i would like a desk chair for my room,misc_request
can you send me some hangers please,misc_request
i need a laptop charger cable urgently,misc_request
do you have any batteries for my remote,misc_request
could i get a nightlight for the room,misc_request
i need some safety pins right away,misc_request
can you bring me a clothes steamer,misc_request
i would like a magnifying glass please,misc_request
could you send up an iron and board,misc_request
can you bring some extra bed pillows up,misc_request
do you have any universal power adapters,misc_request
i need a phone cable for charging,misc_request
could you send up a laundry bag please,misc_request
i would like a mini sewing kit,misc_request
do you have any nail files available,misc_request
i need a desk organizer for my room,misc_request
could i get a bathroom scale please,misc_request
do you have any earplugs or ear plugs,misc_request
i would like some index cards please,misc_request
i need some tape and scissors right now,misc_request
do you have a flashlight i can borrow,misc_request
could you bring me some extra pillows please,misc_request
i need a laptop stand for my desk,misc_request
can you send me a universal charger,misc_request
can i get some extra hangers,misc_request
could you send up some notepads,misc_request
i need a power adapter right away,misc_request
could i get a pen and paper,misc_request
do you have any hair clips,misc_request
can you send an umbrella to my room,misc_request
i need a sewing kit please,misc_request
could you bring me some matches,misc_request
do you you have any extension cords,misc_request
can i get a desk lamp,misc_request
i need a towel rack for my bathroom,misc_request
could you send up some stationery,misc_request
could i get some scotch tape,misc_request
can you send me some pens,misc_request
i need a desk organizer,misc_request
could you bring up an iron,misc_request
do you have a surge protector,misc_request
i need some picture hanging supplies,misc_request
can you send up some notepads please,misc_request
i need a clothes steamer,misc_request
could you get me a luggage rack,misc_request
do you have any batteries,misc_request
can i get a night light,misc_request
i need a fan for my room,misc_request
could you send up a bath mat,misc_request
can you bring me some envelopes,misc_request
do you have any outlet adapters,misc_request
could i get some writing paper,misc_request
can you send a luggage stand to my room,misc_request
i need a mirror for my vanity,misc_request
could you bring me a magnifying glass,misc_request
do you have any electrical adapters,misc_request
i need some masking tape please,misc_request
can you send up some blank envelopes,misc_request
i need an extension cord for my computer,misc_request
could you get me a iron board,misc_request
do you have any sticky notes,misc_request
can i get a tissue box,misc_request
i need a reading lamp in my room,misc_request
could you send up a shower caddy,misc_request
can you bring me a shoe horn,misc_request
i need some clear tape,misc_request
do you have any phone cables,misc_request
could i get some business cards,misc_request
can you send me a luggage carrier,misc_request
i need a straightening iron,misc_request
could you bring up some postcards,misc_request
do you you have a curling iron,misc_request
can i get some writing materials,misc_request
i need a desk chair cushion,misc_request
could you send up an extra pillow,misc_request
i need a phone charger do you have one,misc_request
do you have any adapters i can use,misc_request
i need some extra towels and washcloths,misc_request
could you bring me some stationery,misc_request
can you send up a desk lamp,misc_request
i need a ironing board and iron,misc_request
could i get a phone book please,misc_request
i need some coat hangers for my closet,misc_request
i need a alarm clock for my room,misc_request
i need a flashlight do you have one,misc_request
can i get some tape and scissors,misc_request
i need a umbrella its raining outside,misc_request
could you bring me a fan please,misc_request
can you send up a mirror please,misc_request
i need a phone extension cord,misc_request
i need some hangers my closet is empty,misc_request
could you bring me a clock radio,misc_request
can i get a magnifying glass,misc_request
i need some matches for the candles,misc_request
could you send up a laundry bag,misc_request
i need a suitcase stand please,misc_request
i need a hair straightener do you have it,misc_request
could you get me a night light,misc_request
i need some bobby pins and hair clips,misc_request
can i get a board and some games,misc_request
i need a humidifier for my room,misc_request
could you bring me a luggage rack,misc_request
i need some pens different colors please,misc_request
can you send up a desk chair,misc_request
i need a safe for my valuables,misc_request
could you get me a wake up call,misc_request
i need some blank dvds or cds,misc_request
can i get a telescope or binoculars,misc_request
i need a step stool for the closet,misc_request
could you bring me a door stop please,misc_request
i need some light bulbs for my lamps,misc_request
can you send up a clothes steamer,misc_request
can i have some extra towels brought to my room,misc_request
could you send up some stationary and envelopes please,misc_request
there is too much noise in the hallway right now,noise_complaint
the guests upstairs are stomping around loudly,noise_complaint
can you do something about the noise next door,noise_complaint
someone is playing music way too loud near me,noise_complaint
the noise from neighboring rooms wont stop,noise_complaint
please tell the people next door to keep it down,noise_complaint
theres loud voices coming from the corridor outside my room,noise_complaint
loud music is coming from somewhere on this floor,noise_complaint
the people in the next room are being very noisy,noise_complaint
i am hearing a lot of noise from above,noise_complaint
someone keep making loud noises its very disruptive,noise_complaint
can you contact the guests next to me,noise_complaint
theres banging sounds coming from the room beside mine,noise_complaint
loud talking from neighbors is bothering my family,noise_complaint
can someone address the noise issue immediately,noise_complaint
the room next door has had loud music all night,noise_complaint
theres constant noise coming from down the corridor,noise_complaint
someone is being extremely loud and i need help,noise_complaint
the noise from the adjacent room is too much,noise_complaint
can you tell neighboring guests to be more quiet,noise_complaint
loud footsteps from upstairs keep waking me up,noise_complaint
the people nearby are making too much commotion,noise_complaint
i am complaining about excessive noise in the hallway,noise_complaint
theres really loud voices outside my door right now,noise_complaint
the noise from the corridor is very annoying,noise_complaint
someone next door is playing their t v too loud,noise_complaint
the guests around me need to be quieter,noise_complaint
loud music and noise from the room upstairs,noise_complaint
can you please do something about the neighbors,noise_complaint
theres way too much noise happening right now,noise_complaint
the noise from adjoining rooms is disturbing me,noise_complaint
someone is making a lot of noise near my room,noise_complaint
the hallway has been loud all evening long,noise_complaint
can you ask the loud guests to settle down,noise_complaint
the noise level here is way too high,noise_complaint
theres banging and loud voices from next door,noise_complaint
the people upstairs are making excessive noise,noise_complaint
i cannot sleep because of the noise around me,noise_complaint
loud commotion from the room beside me right now,noise_complaint
can you send someone to address this noise,noise_complaint
the noise from the corridor needs to stop,noise_complaint
someone on this floor is being way too loud,noise_complaint
there is too much noise coming from neighbors,noise_complaint
the guests next door keep making loud noises,noise_complaint
can you help with the noise from upstairs,noise_complaint
loud music is playing from a nearby room,noise_complaint
theres a lot of commotion coming from above,noise_complaint
the noise from the hallway wont let me rest,noise_complaint
can you please reduce the noise near my room,noise_complaint
someone is creating too much noise right now,noise_complaint
there is too much noise in my room right now,noise_complaint
the guests upstairs are being really loud,noise_complaint
can you tell them to keep it down please,noise_complaint
theres banging coming from next door,noise_complaint
someone is making a lot of noise outside,noise_complaint
the noise is too loud i cant sleep,noise_complaint
please ask the people nearby to be quieter,noise_complaint
theres loud music coming from somewhere in the hall,noise_complaint
the noise from above is very disturbing,noise_complaint
can you help with the noise problem,noise_complaint
someone is shouting in the corridor,noise_complaint
the room next to me is too noisy,noise_complaint
theres a lot of commotion coming from upstairs,noise_complaint
the noise level is keeping me awake at night,noise_complaint
can you ask them to turn it down,noise_complaint
theres loud talking outside my room door,noise_complaint
the noise from the neighboring room is unbearable,noise_complaint
someone keeps making loud noises in the hall,noise_complaint
please send someone to address the noise complaint,noise_complaint
the guests above me are stomping around,noise_complaint
theres excessive noise coming from the corridor,noise_complaint
can you tell them to be quiet please,noise_complaint
the noise is really bothering me right now,noise_complaint
someone is playing music too loudly nearby,noise_complaint
the room next door has loud people in it,noise_complaint
please do something about the noise from upstairs,noise_complaint
theres constant noise coming from the hallway,noise_complaint
the guests are being way too loud,noise_complaint
can you ask the neighbors to quiet down,noise_complaint
the noise level here is unacceptable,noise_complaint
theres loud partying happening near my room,noise_complaint
someone keeps slamming doors in the corridor,noise_complaint
the noise from the adjacent room wont stop,noise_complaint
please make them stop making so much noise,noise_complaint
the people upstairs are very loud tonight,noise_complaint
can you call the room next to me,noise_complaint
theres banging and shouting coming from above,noise_complaint
the noise in this area is really bad,noise_complaint
someone is being very loud in the hallway,noise_complaint
the noise from neighboring guests is disturbing me,noise_complaint
please ask them to keep the noise down,noise_complaint
theres loud music or something playing nearby,noise_complaint
the corridor is very loud right now,noise_complaint
the people next door wont be quiet,noise_complaint
someone keeps making loud noises late at night,noise_complaint
the noise from upstairs is becoming a problem,noise_complaint
please send help for the noise complaint,noise_complaint
theres way too much noise coming through,noise_complaint
the guests nearby are disturbing my rest,noise_complaint
can you tell them to turn down the noise,noise_complaint
the noise level is way too high here,noise_complaint
theres continuous loud noise from the hallway,noise_complaint
someone in this area is being extremely loud,noise_complaint
theres too much noise in the hallway right now,noise_complaint
can someone tell the neighboring rooms to keep it down,noise_complaint
i hear loud talking outside my door,noise_complaint
the noise from next door wont stop,noise_complaint
someone is banging around in the room beside me,noise_complaint
theres music playing way too loud nearby,noise_complaint
the corridor is super noisy i cant sleep,noise_complaint
guests next to me are making too much racket,noise_complaint
theres loud voices coming from the room above me,noise_complaint
the noise level is way too high right now,noise_complaint
someone next door is being very loud,noise_complaint
can you ask them to be quiet please,noise_complaint
theres constant banging and noise from upstairs,noise_complaint
the room beside mine is incredibly loud,noise_complaint
i need you to address the noise situation,noise_complaint
theres people talking very loudly in the corridor,noise_complaint
someone is playing music too loud near here,noise_complaint
can the guests next door please be quieter,noise_complaint
the noise outside my room is really bothering me,noise_complaint
theres excessive noise coming from the adjacent room,noise_complaint
someone in the next room wont be quiet,noise_complaint
the corridor noise is really disturbing my stay,noise_complaint
can you please quiet down the guests nearby,noise_complaint
theres too much commotion from the room next door,noise_complaint
the noise from upstairs is keeping me awake,noise_complaint
the neighboring room is being extremely loud,noise_complaint
can you do something about this noise problem,noise_complaint
can i have an extra pillow,pillow_request
i need a pillow that is more firm,pillow_request
send me another pillow please,pillow_request
could you bring me a softer pillow,pillow_request
i would like two more pillows for my room,pillow_request
can you replace this pillow,pillow_request
my pillow is too hard can i get another,pillow_request
i need a different pillow,pillow_request
can house keeping bring me a pillow,pillow_request
id like one more pillow on the bed,pillow_request
could i get a hypoallergenic pillow please,pillow_request
send an extra pillow to my room right away,pillow_request
i need pillows that are not so soft,pillow_request
can you swap out my pillow for a firmer one,pillow_request
id like a down pillow instead,pillow_request
could you bring two pillows to my room,pillow_request
can i have a pillow with memory foam,pillow_request
my pillow is uncomfortable can you replace it,pillow_request
i need a fluffier pillow,pillow_request
send me a pillow that is less soft,pillow_request
can you get me another pillow im cold,pillow_request
i would like pillows that support my neck better,pillow_request
can house keeping bring extra pillows,pillow_request
could you please bring me an additional pillow,pillow_request
my pillow is flat can i get a new one,pillow_request
i need pillows for the couch in my room,pillow_request
can you send up two more pillows,pillow_request
id like a hypoallergenic option for my pillow,pillow_request
could i get a pillow thats firmer,pillow_request
send me pillows that are fluffier please,pillow_request
i need a pillow that is not down,pillow_request
can you bring me some extra pillows for guests,pillow_request
my pillow needs to be replaced right away,pillow_request
id like pillows without feathers,pillow_request
could you get me a pillow from another room,pillow_request
i would like thicker pillows on the bed,pillow_request
can i have pillows that are hypoallergenic,pillow_request
send house keeping to bring me a pillow,pillow_request
id like an extra pillow for the sofa,pillow_request
my pillow is too thin can you bring another,pillow_request
could i get a second pillow please,pillow_request
i need pillows that are more comfortable,pillow_request
can you replace my pillow with a better one,pillow_request
id like pillows that are not feather filled,pillow_request
send me pillows with better support,pillow_request
i would like one additional pillow in my room,pillow_request
can i have a pillow thats softer,pillow_request
my pillows need to be fluffed up or replaced,pillow_request
id like pillows that are good for neck support,pillow_request
could house keeping bring extra pillows soon,pillow_request
i need different pillows the ones here are bad,pillow_request
can you send up some pillows right now,pillow_request
id like to request additional pillows for my bed,pillow_request
can i have another pillow,pillow_request
i need a pillow that is firmer,pillow_request
the pillow is too soft can you replace it,pillow_request
i would like a different pillow for my room,pillow_request
send up another pillow to room two oh five,pillow_request
do you have any harder pillows available,pillow_request
can you get me a pillow with more support,pillow_request
could the house keeping bring me a pillow,pillow_request
the pillow on my bed is too flat,pillow_request
can i request a fluffier pillow please,pillow_request
send another pillow up to my room right away,pillow_request
do you have pillows that are less firm,pillow_request
can you replace this pillow with a softer one,pillow_request
i need a pillow that is not so hard,pillow_request
i would like a hypoallergenic pillow if you have one,pillow_request
can i get two more pillows please,pillow_request
send a pillow to my room as soon as possible,pillow_request
i need a pillow for my neck,pillow_request
could you provide an additional pillow for my bed,pillow_request
can you bring me a different pillow,pillow_request
i would like the pillows fluffed up,pillow_request
do you have any memory foam pillows,pillow_request
can i have a pillow delivered to my room,pillow_request
i need a thinner pillow for sleeping,pillow_request
could you send up one more pillow please,pillow_request
the pillow feels like its too compressed,pillow_request
can you replace the pillow in my room,pillow_request
send two pillows to my room right now,pillow_request
i need pillows that are less lumpy,pillow_request
could the house keeping bring extra pillows,pillow_request
i would like a softer pillow for tonight,pillow_request
can i get a pillow that is more comfortable,pillow_request
the pillow is not supportive enough,pillow_request
i need one additional pillow for my bed,pillow_request
could you deliver a pillow to room three twenty one,pillow_request
i would like my pillow fluffed or replaced,pillow_request
can you bring me a pillow with cooling gel,pillow_request
i need a pillow that does not go flat,pillow_request
could you provide pillows without feathers,pillow_request
the pillow is too warm can you bring a cooler one,pillow_request
can i have a pillow for reading in bed,pillow_request
i would like extra pillows sent to my room,pillow_request
the pillow is giving me neck pain,pillow_request
can you replace it with a firmer option,pillow_request
i need a pillow that is hypoallergenic,pillow_request
could you bring me pillows as soon as you can,pillow_request
i would like to request additional pillows now,pillow_request
i need a different pillow please,pillow_request
send up an extra pillow to my room,pillow_request
the pillow is too hard can you replace it,pillow_request
could you bring me two more pillows,pillow_request
my pillow is flat i need a new one,pillow_request
can you get me a firmer pillow,pillow_request
i need pillows that are less firm,pillow_request
extra pillow please for my bed,pillow_request
send another pillow up right away,pillow_request
i would like one more pillow,pillow_request
can i get a fluffier pillow,pillow_request
could you replace this pillow with a softer one,pillow_request
send me two pillows please,pillow_request
can you bring extra pillows to the room,pillow_request
i dont like this pillow send a different one,pillow_request
could i get a pillow thats less flat,pillow_request
i would like pillows that are more comfortable,pillow_request
extra pillows for my room please,pillow_request
the pillow needs to be softer,pillow_request
can you send up another pillow,pillow_request
i need a pillow thats firmer for my neck,pillow_request
could you bring me one more pillow,pillow_request
this pillow is making my neck hurt,pillow_request
i would like two additional pillows,pillow_request
can i get pillows that are fluffier,pillow_request
send some extra pillows to room three zero five,pillow_request
could you replace the pillow on my bed,pillow_request
i need pillows for my bed please,pillow_request
can you bring me additional pillows right now,pillow_request
the pillows are uncomfortable send new ones,pillow_request
could i get one more pillow for sleeping,pillow_request
send pillows to my room as soon as possible,pillow_request
can you get me a pillow with better support,pillow_request
the pillow is too flat please replace it,pillow_request
i would like pillows that are more fluffy,pillow_request
i need pillows that are not too firm,pillow_request
send me more pillows i need at least three,pillow_request
can i have a pillow thats less lumpy,pillow_request
i would like a pillow for my head,pillow_request
the pillow could you make it softer,pillow_request
could you replace my pillow with a better one,pillow_request
i need pillows for the bed in my room,pillow_request
can you send up more pillows,pillow_request
the pillow is bothering me send a new pillow,pillow_request
can you send a firmer pillow to room two twelve,pillow_request
id like one more pillow on the bed please,pillow_request
bring me an extra pillow when you have a moment,pillow_request
i need a pillow thats not so firm,pillow_request
could i get another pillow for my room,pillow_request
the pillow is uncomfortable can i get a different one,pillow_request
send up a softer pillow please,pillow_request
i would like two additional pillows for my bed,pillow_request
could you bring up one more pillow,pillow_request
i would like to exchange this pillow for a softer one,pillow_request
can i have a pillow with more support,pillow_request
do you have any down pillows i could use instead,pillow_request
could you bring two extra pillows to my room,pillow_request
the pillow here is too soft for me,pillow_request
can you send up a memory foam pillow,pillow_request
could i get another pillow for the couch,pillow_request
send a firmer pillow to my room right away,pillow_request
the pillow is making me uncomfortable,pillow_request
can you bring me a fluffier pillow please,pillow_request
i need a pillow for my lower back support,pillow_request
do you have any extra pillows i could have,pillow_request
i would like one more pillow for sleeping,pillow_request
can you send up two pillows to my room,pillow_request
can i have an extra pillow for my room,pillow_request
i need a pillow that is more firm please,pillow_request
could you bring me another pillow,pillow_request
id like two more pillows sent to my room,pillow_request
can you send up a pillow,pillow_request
i need a harder pillow for sleeping,pillow_request
can you send house keeping up please,room_cleaning
the bathroom is really dirty can someone help,room_cleaning
please send someone to clean my room,room_cleaning
house keeping to room two one three,room_cleaning
can house keeping come clean the bathroom,room_cleaning
the floors need mopping,room_cleaning
please can someone come and clean,room_cleaning
send house keeping to my suite please,room_cleaning
the bathroom needs attention,room_cleaning
can you clean my room this afternoon,room_cleaning
i need house keeping services,room_cleaning
the room is quite messy,room_cleaning
can someone tidy up my room,room_cleaning
house keeping i need cleaning supplies,room_cleaning
the bathroom is not very clean,room_cleaning
please come clean my room,room_cleaning
i would like room cleaning service,room_cleaning
can you send someone to clean,room_cleaning
the floor needs cleaning urgently,room_cleaning
please service my room today,room_cleaning
house keeping please come to room four oh five,room_cleaning
my room needs tidying,room_cleaning
can someone come clean the bathroom,room_cleaning
i need the room cleaned as soon as possible,room_cleaning
the room is dirty can you clean it,room_cleaning
can you do a room clean for me,room_cleaning
i would like house keeping please,room_cleaning
the bathroom needs a proper clean,room_cleaning
please come clean my bathroom,room_cleaning
can someone come and tidy my room,room_cleaning
send house keeping to me now,room_cleaning
the carpet needs vacuuming,room_cleaning
i need my room cleaned and the bathroom,room_cleaning
can house keeping come soon,room_cleaning
please can house keeping come to my room,room_cleaning
i would like cleaning service in my room,room_cleaning
can you clean the room for me,room_cleaning
house keeping i need you,room_cleaning
please come clean my room as soon as you can,room_cleaning
the bathroom is messy,room_cleaning
can someone come clean up after me,room_cleaning
i need the bathroom cleaned,room_cleaning
please send a cleaner up now,room_cleaning
can you do cleaning service in my room,room_cleaning
the room is in need of cleaning,room_cleaning
i would like someone to clean my room,room_cleaning
house keeping come to room three one two,room_cleaning
the floors are dirty please clean them,room_cleaning
can you come and clean my room,room_cleaning
please clean my bathroom today,room_cleaning
can someone tidy the room for me,room_cleaning
can you send someone to clean my room,room_cleaning
id like house keeping sent up please,room_cleaning
the bathroom is dirty can someone clean it,room_cleaning
please come clean my room today,room_cleaning
my room needs cleaning urgently,room_cleaning
my room is messy please send house keeping,room_cleaning
can you send house keeping up right away,room_cleaning
please come and tidy my room,room_cleaning
house keeping can you come to my room,room_cleaning
the mirrors need cleaning,room_cleaning
can someone please clean my bathroom,room_cleaning
my room requires cleaning,room_cleaning
please tidy up my room,room_cleaning
the trash needs to be taken out,room_cleaning
can house keeping service my room,room_cleaning
i need cleaning service in my room,room_cleaning
the walls have marks can you clean them,room_cleaning
please send someone to mop the floor,room_cleaning
my bathroom is a mess,room_cleaning
can you clean my room before five pm,room_cleaning
the room needs a full clean,room_cleaning
please dust my room,room_cleaning
someone should clean the windows,room_cleaning
can you clean in here right now,room_cleaning
i would like my room cleaned today,room_cleaning
the bathroom mirror is dirty,room_cleaning
please come clean my room urgently,room_cleaning
can you vacuum the carpet,room_cleaning
my room needs tidying up,room_cleaning
the a c unit is dusty,room_cleaning
the floor needs sweeping,room_cleaning
can someone come tidy my room,room_cleaning
i need my room cleaned before checkout,room_cleaning
the lights and surfaces need cleaning,room_cleaning
can you clean the television screen,room_cleaning
my bathroom needs a deep clean,room_cleaning
the door handles need cleaning,room_cleaning
please come to my room and clean,room_cleaning
can you service my room soon,room_cleaning
the room is quite dirty,room_cleaning
someone needs to come clean my room urgently,room_cleaning
i need house keeping right now,room_cleaning
please come clean the bathroom,room_cleaning
can house keeping come to room two twelve,room_cleaning
the room is dirty i need it cleaned,room_cleaning
send a cleaner to my room please,room_cleaning
i would like the bathroom cleaned today,room_cleaning
can someone mop the floor in here,room_cleaning
please service my room as soon as possible,room_cleaning
the bathroom is messy can you help,room_cleaning
please clean my room this afternoon,room_cleaning
the bathroom needs a good clean,room_cleaning
please send a cleaner right away,room_cleaning
i need the floors mopped today,room_cleaning
the place is a mess please clean it,room_cleaning
please can you clean my bathroom,room_cleaning
i would like my room serviced,room_cleaning
the bathroom is quite dirty,room_cleaning
can someone tidy my room please,room_cleaning
send house keeping to my room right now,room_cleaning
i need cleaning done in my room,room_cleaning
please clean the bathroom and bedroom,room_cleaning
i would appreciate house keeping today,room_cleaning
can someone clean the floors,room_cleaning
please service the room as soon as you can,room_cleaning
the bathroom requires cleaning,room_cleaning
can you send a house keeper up,room_cleaning
please clean my room before tonight,room_cleaning
the place needs cleaning urgently,room_cleaning
please send someone to clean,room_cleaning
can you clean in here for me,room_cleaning
the bathroom and bedroom need cleaning,room_cleaning
i need house keeping sent over,room_cleaning
please come and clean my room,room_cleaning
can someone come do some cleaning,room_cleaning
i would like my bathroom cleaned,room_cleaning
can you send a cleaner please,room_cleaning
please clean the room right away,room_cleaning
i need the bathroom cleaned badly,room_cleaning
can someone help me clean up,room_cleaning
the floor is dirty please mop it,room_cleaning
can you clean my room today,room_cleaning
please send cleaning to my room,room_cleaning
the bathroom is disgusting help me,room_cleaning
can someone come and tidy the room,room_cleaning
i need the bathroom cleaned right away,room_cleaning
my room is quite messy could someone clean it,room_cleaning
can house keeping come up here,room_cleaning
id like my room tidied up,room_cleaning
can you tidy my room for me,room_cleaning
the bed needs fresh sheets,room_cleaning
i would like house keeping sent to my room now,room_cleaning
can someone come clean up in here,room_cleaning
my room needs a thorough cleaning please,room_cleaning
id like someone to clean my bathroom,room_cleaning
the carpet looks dirty can you clean it,room_cleaning
can house keeping service my room today,room_cleaning
my room is dirty please send someone,room_cleaning
can you clean the floor in my room,room_cleaning
i need my room cleaned before tonight,room_cleaning
house keeping to room number please,room_cleaning
id really appreciate a room cleaning,room_cleaning
can someone come tidy up my bathroom,room_cleaning
please send house keeping this afternoon,room_cleaning
my room could use a good cleaning,room_cleaning
can you clean my room right now,room_cleaning
i would like my bathroom cleaned today,room_cleaning
the room needs straightening up,room_cleaning
house keeping can you come clean please,room_cleaning
my bathroom is in need of cleaning,room_cleaning
the floor in here needs mopping urgently,room_cleaning
id like my room serviced today please,room_cleaning
can house keeping come do my room,room_cleaning
the bed linens need changing please,room_cleaning
i need house keeping please,room_cleaning
can you make the a c less cold,temperature_control
the temperature is too low right now,temperature_control
its too chilly can you warm it up,temperature_control
can you turn down the a c,temperature_control
i need the room temperature turned up,temperature_control
could you increase the heat please,temperature_control
its really cold in my room right now,temperature_control
the heating needs to be turned up,temperature_control
id like the room a bit warmer,temperature_control
the temperature feels too cold for me,temperature_control
please make it warmer in my room,temperature_control
can you adjust the a c down,temperature_control
its uncomfortably cold in here,temperature_control
can you turn the heat up higher,temperature_control
id like to adjust the room temperature,temperature_control
can you make the room less cold,temperature_control
please turn down the a c strength,temperature_control
the heating in my room isnt working well,temperature_control
can you increase the room temperature,temperature_control
its too cold in my bedroom,temperature_control
the air conditioning is too powerful,temperature_control
can you lower the temperature settings,temperature_control
the a c needs to be adjusted,temperature_control
can you reduce the air conditioning strength,temperature_control
its way too cold right now,temperature_control
the heating could be turned up please,temperature_control
the temperature is uncomfortable right now,temperature_control
please lower the a c settings,temperature_control
the room is cold can you help,temperature_control
can you turn up the room heat,temperature_control
i would like warmer temperature settings,temperature_control
the cooling is too strong for me,temperature_control
can you adjust the heating please,temperature_control
can you turn down the cold air,temperature_control
the a c is set too high,temperature_control
i need the heat turned up,temperature_control
the room temperature needs adjustment,temperature_control
its cold in here right now,temperature_control
make it warmer in here please,temperature_control
a c is way too cold right now,temperature_control
can you adjust the temperature up a bit,temperature_control
the a c needs to be less cold,temperature_control
turn down the a c its too strong,temperature_control
can i get some heat going in this room,temperature_control
the room feels cold please adjust the temperature,temperature_control
make this room warmer for me,temperature_control
its way too warm in here,temperature_control
cool down the room a little bit,temperature_control
can you turn the heat up please,temperature_control
please reduce the a c temperature,temperature_control
i need the room warmer than this,temperature_control
can i get the a c turned down,temperature_control
its freezing in here can you help,temperature_control
can you increase the heat in my room,temperature_control
make the a c less strong please,temperature_control
im cold can you turn up the heating,temperature_control
turn the temperature down its too hot,temperature_control
the a c is too powerful can you lower it,temperature_control
its too cold in this room,temperature_control
the heat needs to be turned up,temperature_control
turn down the temperature please its too hot,temperature_control
please make my room warmer,temperature_control
turn up the heat in my room please,temperature_control
its uncomfortably hot in here,temperature_control
can you cool things down a bit,temperature_control
make it cooler in my room please,temperature_control
im too warm can you cool the room,temperature_control
the heating should be turned up,temperature_control
the room is way too hot for me,temperature_control
make the temperature more comfortable please,temperature_control
the room is too cold please turn up the heat,temperature_control
can you make it warmer in here,temperature_control
a c is too cold turn it up,temperature_control
please adjust the temperature its freezing,temperature_control
room is too warm can you cool it down,temperature_control
please make the a c cooler,temperature_control
its too hot in my room,temperature_control
turn down the a c please,temperature_control
can you lower the temperature for me,temperature_control
the heating is not strong enough,temperature_control
please set the temperature higher,temperature_control
a c is making it too cold in here,temperature_control
make it cooler please,temperature_control
can you turn on more heat,temperature_control
the temperature is uncomfortable,temperature_control
can you make the room warmer,temperature_control
a c is too strong please reduce it,temperature_control
please lower the temperature its too hot,temperature_control
can you adjust the room temperature,temperature_control
the heating is too weak,temperature_control
turn down the temperature a bit,temperature_control
the a c is freezing me out,temperature_control
its uncomfortably warm in here,temperature_control
please adjust the a c to cooler,temperature_control
turn up the temperature please,temperature_control
please reduce the a c,temperature_control
a c temperature is too low,temperature_control
please set it to a warmer setting,temperature_control
the heating could be stronger,temperature_control
its too hot please cool it down,temperature_control
please make the a c warmer,temperature_control
can you turn up the a c,temperature_control
please turn down the heat,temperature_control
can you cool the room down,temperature_control
a c needs to be turned up,temperature_control
the temperature should be warmer,temperature_control
please adjust to a cooler temperature,temperature_control
can you adjust the a c for me,temperature_control
its too cold in my room right now,temperature_control
make the temperature a bit warmer would you,temperature_control
can i get the heat turned up,temperature_control
please increase the temperature in my bedroom,temperature_control
its way too cold in here,temperature_control
can you make it warmer,temperature_control
i need the room warmer please,temperature_control
can you adjust the temperature up,temperature_control
the cooling is too strong in my room,temperature_control
id like the heating increased,temperature_control
its uncomfortably cold in my room,temperature_control
make the room warmer please,temperature_control
can you turn the heat on,temperature_control
the temperature in here is too low,temperature_control
i feel cold can you adjust it,temperature_control
the a c is too intense,temperature_control
the room is uncomfortably chilly,temperature_control
id like it a bit warmer,temperature_control
can you make the a c less strong,temperature_control
its freezing in my room right now,temperature_control
can you adjust the a c temperature,temperature_control
turn the heat up please,temperature_control
can you help me warm up the room,temperature_control
id prefer the temperature warmer,temperature_control
the a c is too aggressive,temperature_control
can you decrease the cold air,temperature_control
the temperature is too low in here,temperature_control
please turn on the heating,temperature_control
the a c is blowing too hard,temperature_control
adjust the temperature warmer please,temperature_control
the room is cold i need heat,temperature_control
can you increase the warmth in here,temperature_control
make the a c less cold please,temperature_control
can you lower the a c its too cold,temperature_control
make the temperature a bit higher,temperature_control
i need the room warmer its chilly,temperature_control
can you adjust the thermostat up a few degrees,temperature_control
its way too cold in my room right now,temperature_control
please turn up the heat i cant stand it,temperature_control
id like the temperature adjusted to something warmer,temperature_control
its too cold can you fix that,temperature_control
make my room warmer please,temperature_control
can you turn the thermostat up,temperature_control
the temperature in here is really cold,temperature_control
can you lower the a c a bit,temperature_control
the a c is too much please reduce it,temperature_control
can you adjust the temperature up for me,temperature_control
the room feels too cold to me,temperature_control
make it warmer in my room please,temperature_control
can you increase the temperature please,temperature_control
the a c is making it too cold in here,temperature_control
turn the air conditioning down please,temperature_control
make the room temperature warmer,temperature_control
i need the temperature turned up,temperature_control
can you make my room less frigid,temperature_control
i need the a c turned down its too cold,temperature_control
can you make it warmer in here please,temperature_control
the temperature is way too hot right now,temperature_control
please adjust the a c im feeling chilly,temperature_control
can you lower the a c its uncomfortably warm,temperature_control
id like the room temperature increased a bit,temperature_control
the heating is not working can you fix it,temperature_control
can you turn the a c up a few degrees,temperature_control
the room temperature needs to be adjusted warmer,temperature_control
i would like warmer air in my room please,temperature_control
the a c is blowing too cold air,temperature_control
its really warm in here turn down the a c,temperature_control
please make the room a bit cooler for me,temperature_control
the temperature in my room is uncomfortable,temperature_control
can you adjust the heating to be warmer,temperature_control
the a c needs to be turned up,temperature_control
can i get some shampoo sent to my room,toiletries_request
we need toiletries in our bathroom please,toiletries_request
could you bring me some soap,toiletries_request
send some body wash to my room,toiletries_request
we require more toiletries in the bathroom,toiletries_request
could you please bring toothpaste and soap,toiletries_request
i need conditioner badly for my hair,toiletries_request
can you send toiletries to room four twenty,toiletries_request
we are out of shampoo in the bathroom,toiletries_request
do you have extra soap bars,toiletries_request
bring me some toothpaste please,toiletries_request
i need body wash and shampoo urgently,toiletries_request
could you provide more bathroom toiletries,toiletries_request
send some hair conditioner to my room,toiletries_request
we need soap and shampoo bottles replaced,toiletries_request
can you bring toothpaste to my room soon,toiletries_request
i require some shampoo and conditioner,toiletries_request
do you have any spare body wash,toiletries_request
could you send more soap to my room,toiletries_request
send bathroom toiletries to my room now,toiletries_request
can you provide shampoo and conditioner,toiletries_request
the body wash has run out completely,toiletries_request
i need more toothpaste please bring some,toiletries_request
we need fresh toiletries in our bathroom,toiletries_request
send me some soap bars please,toiletries_request
can i get more body wash,toiletries_request
we require toothpaste in the bathroom,toiletries_request
bring some shampoo and soap to my room,toiletries_request
i need toiletries for my room,toiletries_request
send more bathroom toiletries please,toiletries_request
could you bring toothpaste and body wash,toiletries_request
we are out of shampoo bottles,toiletries_request
the bathroom needs more soap,toiletries_request
i need shampoo and body wash,toiletries_request
the toiletries in here are all gone,toiletries_request
could you replace the bathroom toiletries,toiletries_request
send some toothpaste to my room now,toiletries_request
we need shampoo and conditioner please,toiletries_request
do you have any more soap,toiletries_request
bring toiletries to my room please,toiletries_request
i need body wash in my bathroom,toiletries_request
can you provide extra bathroom toiletries,toiletries_request
send shampoo and soap to my room,toiletries_request
we need more toothpaste for my family,toiletries_request
we need soap and shampoo please,toiletries_request
could you bring conditioner up to the room,toiletries_request
i need toothpaste for my bathroom,toiletries_request
can you send toiletries to my room,toiletries_request
weve run out of body wash,toiletries_request
do you have any shampoo available,toiletries_request
could housekeeping bring me some soap,toiletries_request
i need conditioner please,toiletries_request
can you send up some toothpaste,toiletries_request
could you bring conditioner and shampoo,toiletries_request
i dont have any soap left,toiletries_request
can housekeeping send shampoo to my room,toiletries_request
we need body wash and shampoo,toiletries_request
could you send toothpaste to room,toiletries_request
i need some shampoo and conditioner please,toiletries_request
can you bring toiletries to my room,toiletries_request
weve used all the shampoo,toiletries_request
the bathroom toiletries have run out,toiletries_request
can you send more conditioner please,toiletries_request
i need toothpaste and soap,toiletries_request
could housekeeping bring conditioner to my room,toiletries_request
we need shampoo and body wash,toiletries_request
can i request some toiletries,toiletries_request
could you send up some soap,toiletries_request
can housekeeping send body wash,toiletries_request
we could use some more toiletries,toiletries_request
could you bring me toothpaste,toiletries_request
i ran out of conditioner,toiletries_request
can you send soap to my room,toiletries_request
do you have any body wash available,toiletries_request
could i get conditioner sent up,toiletries_request
weve run out of toothpaste,toiletries_request
can you bring shampoo and soap,toiletries_request
could housekeeping send more shampoo,toiletries_request
can you send toothpaste and soap,toiletries_request
we need more body wash please,toiletries_request
could you bring extra conditioner,toiletries_request
i dont have shampoo in my room,toiletries_request
the bathroom needs more shampoo,toiletries_request
could you send body wash up,toiletries_request
i need toothpaste right away,toiletries_request
can housekeeping bring some conditioner,toiletries_request
we would like more soap please,toiletries_request
could you bring shampoo to my room,toiletries_request
i need more toiletries supplies,toiletries_request
the shampoo and conditioner are gone,toiletries_request
can you send some soap please,toiletries_request
can i get some shampoo sent up,toiletries_request
i need toiletries in my room please,toiletries_request
send me some body wash please,toiletries_request
i need toothpaste urgently,toiletries_request
can you bring me shampoo and conditioner,toiletries_request
could you send up some toiletries,toiletries_request
i need more shampoo for my hair,toiletries_request
bring me soap and shampoo please,toiletries_request
can you send conditioner up to the room,toiletries_request
id like some body wash please,toiletries_request
i need hair conditioner,toiletries_request
could you bring toiletries to my room,toiletries_request
send up some soap please,toiletries_request
we need more shampoo,toiletries_request
can you deliver toothpaste to my room,toiletries_request
i require some bathroom toiletries,toiletries_request
please send shampoo and body wash,toiletries_request
the toiletries have finished,toiletries_request
could i get some conditioner please,toiletries_request
bring some soap to my room,toiletries_request
i need toothpaste and shampoo,toiletries_request
can you send up toiletries,toiletries_request
id like more shampoo please,toiletries_request
send me some conditioner,toiletries_request
could you bring toothpaste up please,toiletries_request
i need some shampoo in the bathroom,toiletries_request
please send toiletries to my room,toiletries_request
can you bring conditioner to the room,toiletries_request
we need soap and shampoo,toiletries_request
send up some toothpaste please,toiletries_request
i would like some body wash,toiletries_request
could you send shampoo please,toiletries_request
bring me some toiletries please,toiletries_request
can you send soap up,toiletries_request
send me shampoo please,toiletries_request
could you bring body wash to my room,toiletries_request
i am out of shampoo,toiletries_request
please bring me some conditioner,toiletries_request
can you deliver toothpaste please,toiletries_request
the soap in the bathroom is finished,toiletries_request
i need some more toiletries,toiletries_request
send some shampoo to my room right away,toiletries_request
could i have some toothpaste please,toiletries_request
we need more toilet paper and soap please,toiletries_request
could you bring conditioner up to room two fourteen,toiletries_request
send some body wash to my room please,toiletries_request
do you have any extra soap i can have,toiletries_request
could housekeeping bring me some shampoo and conditioner,toiletries_request
we ran out of toiletries can you help,toiletries_request
i need a toothbrush and toothpaste,toiletries_request
can you send up more bath soap,toiletries_request
could you bring some shampoo and body wash,toiletries_request
i need conditioner please send it to my room,toiletries_request
do you have shampoo available for guests,toiletries_request
can housekeeping bring me toiletries,toiletries_request
we need more soap in the bathroom,toiletries_request
could i get some extra toothpaste,toiletries_request
the shampoo ran out can you replace,toiletries_request
i need body wash and shampoo please,toiletries_request
can you bring toothpaste to my room,toiletries_request
could housekeeping send up some soap,toiletries_request
can i get more soap please,toiletries_request
the toiletries have run out in here,toiletries_request
send me some shampoo and toothpaste,toiletries_request
could you bring extra soap to my room,toiletries_request
i need toothpaste and a toothbrush,toiletries_request
can housekeeping bring shampoo and conditioner up,toiletries_request
we need some soap and body wash,toiletries_request
could you send more toiletries to my room,toiletries_request
i ran out of shampoo can you help,toiletries_request
send some toothpaste up please,toiletries_request
can i have some extra conditioner,toiletries_request
the bathroom soap is all gone,toiletries_request
could housekeeping bring me toothpaste,toiletries_request
we need more shampoo in the bathroom,toiletries_request
i need conditioner and shampoo please,toiletries_request
the shampoo and conditioner are empty,toiletries_request
can i get some bath soap,toiletries_request
we ran out of body wash,toiletries_request
send some shampoo to my room please,toiletries_request
can i get some shampoo brought to my room,toiletries_request
we ran out of soap please send more,toiletries_request
can i get some towels,towel_request
send towels to my room please,towel_request
i need fresh towels,towel_request
do you have extra towels available,towel_request
we need more towels,towel_request
replace the towels in the bathroom,towel_request
can you send up towels,towel_request
extra towels for the bathroom,towel_request
send me some bath towels,towel_request
we need fresh towels in here,towel_request
could i get more towels,towel_request
bring towels to room two one five,towel_request
i need hand towels,towel_request
do you have towels,towel_request
send up some towels please,towel_request
i would like extra towels,towel_request
can you bring extra towels,towel_request
we need towels for the pool,towel_request
towels to my room,towel_request
could you get us some towels,towel_request
send fresh towels please,towel_request
i need more bath towels,towel_request
can i get towels brought up,towel_request
we would like some towels,towel_request
extra hand towels please,towel_request
could you send some towels,towel_request
bring me some clean towels,towel_request
i need towels in my bathroom,towel_request
we need additional towels,towel_request
send towels up to my room,towel_request
i would like more towels please,towel_request
can we get some extra towels,towel_request
towels for my room,towel_request
we need new towels,towel_request
send some towels please,towel_request
i need more towels in the bathroom,towel_request
can you bring me extra towels,towel_request
towel delivery to my room,towel_request
could you please send towels,towel_request
i would like fresh towels delivered,towel_request
we need towels right away,towel_request
can i request some towels,towel_request
extra towels to my room,towel_request
i need clean towels,towel_request
could we get more towels please,towel_request
send additional towels please,towel_request
can you replace these towels,towel_request
i need fresh towels in my room,towel_request
send towels to room two fifteen please,towel_request
we need more bath towels,towel_request
could you bring extra towels,towel_request
my towels are dirty can i get clean ones,towel_request
i would like some fresh towels please,towel_request
can house keeping bring towels to my room,towel_request
i need two hand towels right away,towel_request
the towels in the bathroom are wet,towel_request
could you replace our towels,towel_request
we need pool towels for the deck,towel_request
can someone bring fresh towels please,towel_request
id like more towels for the bathroom,towel_request
send me some clean towels,towel_request
i need towels brought to my room,towel_request
could you get us more bath towels,towel_request
we only have one towel can we get more,towel_request
bring extra towels to my room please,towel_request
the towel supply in my room is low,towel_request
can i get fresh towels delivered,towel_request
i need more hand towels,towel_request
could house keeping replace the towels,towel_request
send some towels up to room three oh five,towel_request
my towels are all wet from the pool,towel_request
can you bring me more towels,towel_request
i would like extra towels please,towel_request
do you have clean towels available,towel_request
we need more towels urgently,towel_request
send fresh towels to my room right now,towel_request
could you provide extra towels,towel_request
can someone bring towels to our room,towel_request
we are out of clean towels,towel_request
id like some fresh bath towels,towel_request
can i request more towels,towel_request
bring more towels to my room,towel_request
i need additional towels for guests,towel_request
we need more towels for our room,towel_request
can house keeping deliver towels,towel_request
send extra towels immediately,towel_request
i would appreciate fresh towels,towel_request
do you have any towels,towel_request
we need bath towels and hand towels,towel_request
can you bring fresh towels to my room,towel_request
the towels are soaking wet,towel_request
id like more towels please,towel_request
send two extra towels to my room,towel_request
we need clean towels right away,towel_request
could you replace the wet towels,towel_request
i need fresh towels for the bathroom,towel_request
we need fresh towels in our room,towel_request
could you bring us more bath towels,towel_request
id like some extra towels please,towel_request
send towels to room two fifteen,towel_request
i need hand towels for the bathroom,towel_request
could we get more towels,towel_request
bring me some fresh towels please,towel_request
we require additional towels in our suite,towel_request
can i have some towel service,towel_request
id like towels brought to my room,towel_request
send up extra towels right away,towel_request
we need more towels for our guests,towel_request
could you bring fresh towels,towel_request
i need towel service in my room,towel_request
send some bath towels up please,towel_request
we would like additional towels,towel_request
could you replace the towels theyre wet,towel_request
i need some extra towels for the bathroom,towel_request
bring fresh towels to room three oh five,towel_request
can you send towels to my room,towel_request
id like some clean towels please,towel_request
could we have some extra towels,towel_request
send bath towels up to our room,towel_request
we need towels for the kids,towel_request
bring us some towels when you can,towel_request
id like to request some extra towels,towel_request
could you bring more towels to our room,towel_request
we need fresh bath towels,towel_request
can you send up some towels,towel_request
i would like some additional towels please,towel_request
send towels to my room immediately,towel_request
could we get towels brought to our suite,towel_request
we require more towels for our bathroom,towel_request
bring extra towels to room four oh eight,towel_request
can i request fresh towels,towel_request
id like some towels in my room,towel_request
could you bring us fresh towels,towel_request
we need more hand towels,towel_request
send some extra towels up please,towel_request
can you bring some pool towels,towel_request
i need more towels for the bathroom,towel_request
we would like fresh towels delivered,towel_request
could you replace my wet towels,towel_request
bring towels to our room right now,towel_request
can we get additional bath towels,towel_request
id like some clean towels for our room,towel_request
send fresh towels up when available,towel_request
could you bring me extra towels,towel_request
we need more towels right now,towel_request
replace the towels theyre all wet,towel_request
can you send bath towels to my room,towel_request
my towels are dirty can i get new ones,towel_request
i need two hand towels please,towel_request
send me some pool towels,towel_request
we need towels for the bathroom,towel_request
can i have more towels,towel_request
the towels in here need to be replaced,towel_request
could you get me some clean towels,towel_request
i need fresh bath towels,towel_request
send some towels up to my room,towel_request
can you bring me towels please,towel_request
we need additional towels for our room,towel_request
could i get some extra hand towels,towel_request
can you replace these towels theyre wet,towel_request
send me more towels i need them,towel_request
the towels are dirty please bring fresh ones,towel_request
i need some pool towels,towel_request
we need more towels immediately,towel_request
i would like some clean towels please,towel_request
send fresh towels to room number,towel_request
bring me two hand towels and two bath towels,towel_request
can you bring towels to my bathroom,towel_request
i need additional towels for the bathroom,towel_request
could you send towels up please,towel_request
the towel situation is bad we need more,towel_request
can i get fresh towels delivered soon,towel_request
send extra towels to my room right away,towel_request
i need some towels for the pool area,towel_request
i would appreciate fresh towels in my room,towel_request
can you send more towels please,towel_request
we need towels urgently for my room,towel_request
send fresh clean towels to my room,towel_request
i would like additional towels for my room,towel_request
i need fresh towels in my bathroom please,towel_request
send more towels to room two twelve,towel_request
we need additional bath towels right away,towel_request
i would like some clean towels delivered,towel_request
can you wake me at five in the morning,wake_up_call
id like a morning call at eight oclock please,wake_up_call
i need an alarm call for nine am,wake_up_call
could you set a wake up call at six thirty,wake_up_call
please wake me up at seven am tomorrow morning,wake_up_call
i want a wake up call at five thirty am,wake_up_call
can i get a wake up call at eight am,wake_up_call
wake me up tomorrow at six oclock please,wake_up_call
id like to request a morning call at seven,wake_up_call
set an alarm for me at half past five,wake_up_call
please can you wake me at nine tomorrow,wake_up_call
i would like a wake up call at seven am,wake_up_call
id like a morning call at half past seven please,wake_up_call
wake me up at eight oclock tomorrow morning,wake_up_call
please set a wake up call for nine thirty,wake_up_call
can you give me a wake up call at seven thirty,wake_up_call
i want to be woken up at six am tomorrow,wake_up_call
id like an alarm call at four am please,wake_up_call
set a wake up call for me at six am,wake_up_call
can you wake me up at nine oclock tomorrow,wake_up_call
i need a morning call at seven thirty please,wake_up_call
please wake me at five thirty tomorrow morning,wake_up_call
i would like a wake up call at eight thirty am,wake_up_call
wake me up at six am tomorrow please,wake_up_call
id like a morning call at half past nine,wake_up_call
set an alarm for six thirty am please,wake_up_call
i need a wake up call at seven am tomorrow,wake_up_call
please can you set a wake up call at eight am,wake_up_call
wake me at nine thirty tomorrow morning please,wake_up_call
i want an alarm call for five am,wake_up_call
id like to request a wake up call at six thirty,wake_up_call
i need to be woken up at eight oclock tomorrow,wake_up_call
please wake me up at four thirty in the morning,wake_up_call
can you set an alarm call at half past five am,wake_up_call
wake me up at seven oclock tomorrow please,wake_up_call
id like a morning call at five am please,wake_up_call
please set a wake up call at eight thirty tomorrow,wake_up_call
i need an alarm call for half past six,wake_up_call
can you wake me at six thirty tomorrow morning,wake_up_call
i want a wake up call at seven thirty am,wake_up_call
please wake me up tomorrow at nine oclock,wake_up_call
id like a morning call at four thirty am please,wake_up_call
wake me at half past eight am tomorrow,wake_up_call
can i get an alarm call at seven am,wake_up_call
i need a wake up call at half past nine tomorrow,wake_up_call
please can you set an alarm for six am,wake_up_call
please give me a wake up call at six am tomorrow,wake_up_call
set a wake up call for eight o clock,wake_up_call
wake me up at half past six tomorrow morning,wake_up_call
can i get a wake up call at four thirty,wake_up_call
wake me up at six o clock in the morning,wake_up_call
please set an alarm call for seven am,wake_up_call
i need a wake up call for five thirty am,wake_up_call
can you wake me up at eight thirty tomorrow,wake_up_call
wake me up tomorrow at six in the morning,wake_up_call
i would like to be woken up at seven am,wake_up_call
can you give me a wake up call at five am,wake_up_call
please wake me up at nine o clock tomorrow,wake_up_call
wake me up at four am please,wake_up_call
can you set a wake up call for seven thirty,wake_up_call
please give me a morning call at six am,wake_up_call
i would like a wake up call at five am tomorrow,wake_up_call
wake me up at eight o clock in the morning,wake_up_call
set a wake up call for nine thirty please,wake_up_call
i need to be woken up at six thirty,wake_up_call
please wake me up at half past nine tomorrow,wake_up_call
set an alarm call for four thirty am,wake_up_call
wake me up tomorrow at seven thirty in the morning,wake_up_call
can you wake me up at six am please,wake_up_call
i would like a wake up call at eight am,wake_up_call
please set a wake up call for five thirty,wake_up_call
i need a morning call at six o clock,wake_up_call
can you give me a wake up call at seven am tomorrow,wake_up_call
set a wake up call for half past six am,wake_up_call
please wake me up at four o clock in the morning,wake_up_call
wake me up at five am please,wake_up_call
please give me a wake up call at six thirty,wake_up_call
i need a wake up call at seven o clock tomorrow,wake_up_call
wake me up tomorrow at half past seven,wake_up_call
can i get a wake up call at nine am,wake_up_call
i would like a morning call at five thirty am,wake_up_call
please wake me up at eight am tomorrow,wake_up_call
set an alarm for half past five in the morning,wake_up_call
wake me up at seven am please,wake_up_call
can you wake me up at four thirty tomorrow morning,wake_up_call
i need to be woken up at eight o clock,wake_up_call
please set a wake up call for nine am,wake_up_call
wake me up tomorrow at six thirty in the morning,wake_up_call
can you give me a morning call at half past six,wake_up_call
i would like a wake up call at four am tomorrow,wake_up_call
set a wake up call for seven am please,wake_up_call
please wake me up at five o clock tomorrow,wake_up_call
i need a wake up call at nine am please,wake_up_call
please wake me up at six am tomorrow,wake_up_call
i need a wake up call at seven thirty in the morning,wake_up_call
set an alarm for nine am tomorrow morning,wake_up_call
please give me a wake up call at seven am,wake_up_call
i need to be woken up at five thirty tomorrow,wake_up_call
id like a morning call at six am please,wake_up_call
please set an alarm call for seven thirty am,wake_up_call
wake me up tomorrow at nine o clock,wake_up_call
can you wake me at six thirty in the morning,wake_up_call
please wake me up at seven am tomorrow,wake_up_call
set a wake up call for five am please,wake_up_call
i would like a morning call at eight thirty,wake_up_call
wake me up at six o clock tomorrow morning,wake_up_call
id like to be woken up at half past six,wake_up_call
please set an alarm for nine thirty am,wake_up_call
wake me up at five am in the morning,wake_up_call
i need a wake up call for six am tomorrow,wake_up_call
can you give me a morning call at eight am,wake_up_call
set an alarm call for seven am please,wake_up_call
wake me up tomorrow morning at half past seven,wake_up_call
please wake me up at six thirty tomorrow,wake_up_call
can you set an alarm for six am,wake_up_call
i need an alarm call at seven am tomorrow,wake_up_call
can you wake me up at six am in the morning,wake_up_call
set a morning call for eight o clock please,wake_up_call
id like a wake up call at half past eight,wake_up_call
wake me up tomorrow at seven thirty am,wake_up_call
can you set an alarm call at nine am,wake_up_call
id like to be woken up at eight am,wake_up_call
please wake me up at half past five tomorrow,wake_up_call
set an alarm for seven thirty am please,wake_up_call
i need a morning call at six am,wake_up_call
can you give me a wake up call at four am,wake_up_call
wake me up tomorrow at eight am please,wake_up_call
please set an alarm call for six thirty,wake_up_call
i would like a morning call at half past seven,wake_up_call
id like an alarm call at six thirty am,wake_up_call
i need to be woken up at six thirty tomorrow,wake_up_call
can i get a morning call at seven,wake_up_call
i need an alarm call at five thirty,wake_up_call
i would like to be woken up at six,wake_up_call
can you call me at six in the morning,wake_up_call
wake me at seven am tomorrow,wake_up_call
please wake me up at half past five,wake_up_call
i need a wake up call for eight o clock,wake_up_call
set a wake up call at six thirty,wake_up_call
can you wake me up at nine in the morning,wake_up_call
wake me at five am please,wake_up_call
i would like an alarm call at seven,wake_up_call
please set an alarm for half past six,wake_up_call
can i have a wake up call at eight thirty,wake_up_call
wake me tomorrow morning at six thirty,wake_up_call
i need to be woken at seven am,wake_up_call
set a morning call for five am,wake_up_call
wake me up at nine o clock,wake_up_call
can you give me an alarm call at half past seven,wake_up_call
please wake me at six in the morning,wake_up_call
i would like a morning call at seven thirty,wake_up_call
wake me at eight am tomorrow,wake_up_call
set an alarm call at six am please,wake_up_call
can you wake me up at half past eight,wake_up_call
i need a wake up call at seven thirty tomorrow,wake_up_call
please give me a morning call at nine,wake_up_call
wake me up at five thirty am,wake_up_call
can i get an alarm call at six,wake_up_call
set a wake up call for eight in the morning,wake_up_call
i would like to be woken up at half past six,wake_up_call
wake me at seven thirty please,wake_up_call
please set a wake up call at five am,wake_up_call
can you call me at seven in the morning,wake_up_call
i need an alarm call for eight o clock,wake_up_call
set a morning call at six thirty,wake_up_call
can you wake me at nine am,wake_up_call
wake me at six am tomorrow morning,wake_up_call
please wake me up at eight in the morning,wake_up_call
set an alarm for seven am,wake_up_call
can i have a morning call at five thirty,wake_up_call
wake me tomorrow at eight o clock,wake_up_call
i need to be woken up at half past five,wake_up_call
please give me a wake up call at six,wake_up_call
can you set an alarm call at nine thirty,wake_up_call
wake me up at seven o clock tomorrow,wake_up_call
wake me up at seven am tomorrow morning,wake_up_call
i need a wake up call for nine oclock,wake_up_call
can you give me an alarm call at half past five,wake_up_call
please set a wake up call at six thirty,wake_up_call
i need the lights brighter please,lighting_control
dim these lights down for me,lighting_control
make it darker in the bedroom,lighting_control
brighten up the living area please,lighting_control
turn off the t v room light,lighting_control
can you make the lights dimmer,lighting_control
can i get the lights turned down,lighting_control
brighten the lights in the bedroom,lighting_control
can you lower the brightness please,lighting_control
make the lights brighter in here,lighting_control
turn off the light by the bed,lighting_control
i need it darker in this room,lighting_control
the lighting is too dim right now,lighting_control
make it brighter for me please,lighting_control
i need the lights dimmed down a bit,lighting_control
could you make it brighter please,lighting_control
the lighting is too dim can you help,lighting_control
turn the bedroom lights on,lighting_control
lower the brightness in the bathroom,lighting_control
switch on the lamp by the bed,lighting_control
